SEQN,RIDSTATR,RIDAGEYR,sex,race,smoking,BMXBMI,BPXOSY1,BPXOSY2,BPXOSY3,systolic_bp
109266,Both interviewed and MEC examined,29,Female,Non-Hispanic Asian,Never,37.8,99,99,99,99
109271,Both interviewed and MEC examined,49,Male,Non-Hispanic White,Current,29.7,102,108,111,107
109273,Both interviewed and MEC examined,36,Male,Non-Hispanic White,Current,21.9,116,110,115,113.66666666666667
109274,Both interviewed and MEC examined,68,Male,Other Race - Including Multi-Racial,Never,30.2,138,132,132,134
109282,Both interviewed and MEC examined,76,Male,Non-Hispanic White,Former,26.6,141,137,140,139.33333333333334
109284,Both interviewed and MEC examined,44,Female,Mexican American,Never,39.1,NA,NA,NA,NA
109286,Both interviewed and MEC examined,33,Female,Non-Hispanic Asian,Never,28.9,NA,NA,NA,NA
109290,Both interviewed and MEC examined,68,Female,Non-Hispanic Black,Never,28.1,126,116,122,121.33333333333333
109291,Both interviewed and MEC examined,42,Female,Non-Hispanic Asian,Never,31.3,107,111,107,108.33333333333333
109292,Both interviewed and MEC examined,58,Male,Other Hispanic,Never,30.5,143,138,133,138
109293,Both interviewed and MEC examined,44,Male,Non-Hispanic White,Never,30.1,126,130,130,128.66666666666666
109295,Both interviewed and MEC examined,54,Female,Mexican American,Never,24.9,158,161,158,159
109297,Both interviewed and MEC examined,30,Female,Non-Hispanic Asian,Never,23.2,105,105,102,104
109298,Both interviewed and MEC examined,68,Male,Non-Hispanic White,Never,34.2,94,91,92,92.33333333333333
109300,Both interviewed and MEC examined,54,Female,Non-Hispanic Asian,Never,29.6,155,165,167,162.33333333333334
109305,Both interviewed and MEC examined,55,Male,Non-Hispanic Asian,Never,20.9,116,125,118,119.66666666666667
109307,Both interviewed and MEC examined,47,Male,Non-Hispanic Asian,Former,24.6,115,114,116,115
109312,Both interviewed and MEC examined,48,Female,Non-Hispanic White,Never,23.9,107,100,105,104
109313,Both interviewed and MEC examined,63,Male,Non-Hispanic White,Never,25.2,112,107,107,108.66666666666667
109315,Both interviewed and MEC examined,30,Female,Non-Hispanic Black,Never,31.8,118,123,125,122
109316,Both interviewed and MEC examined,62,Female,Non-Hispanic Black,Never,30.5,141,140,140,140.33333333333334
109317,Both interviewed and MEC examined,28,Female,Non-Hispanic Black,Former,30.1,110,110,110,110
109319,Both interviewed and MEC examined,22,Male,Non-Hispanic Black,Never,30.5,124,120,131,125
109322,Both interviewed and MEC examined,45,Female,Mexican American,Never,29.3,NA,NA,NA,NA
109323,Both interviewed and MEC examined,22,Male,Mexican American,Former,NA,NA,NA,NA,NA
109324,Both interviewed and MEC examined,49,Female,Non-Hispanic White,Never,24,112,115,113,113.33333333333333
109326,Both interviewed and MEC examined,44,Female,Non-Hispanic White,Never,21.6,106,104,105,105
109327,Both interviewed and MEC examined,58,Female,Mexican American,Never,23.7,115,115,116,115.33333333333333
109330,Both interviewed and MEC examined,76,Male,Non-Hispanic Asian,Former,23.3,126,129,118,124.33333333333333
109332,Both interviewed and MEC examined,33,Male,Other Hispanic,Never,33.2,110,105,108,107.66666666666667
109333,Both interviewed and MEC examined,41,Female,Other Hispanic,Never,26.4,106,107,113,108.66666666666667
109334,Both interviewed and MEC examined,54,Female,Non-Hispanic White,Current,24.5,114,117,114,115
109335,Both interviewed and MEC examined,55,Female,Non-Hispanic Black,Current,39.6,102,108,107,105.66666666666667
109336,Both interviewed and MEC examined,35,Male,Mexican American,Never,33.5,162,148,163,157.66666666666666
109337,Both interviewed and MEC examined,48,Female,Non-Hispanic Black,Former,38.5,104,103,106,104.33333333333333
109340,Both interviewed and MEC examined,44,Male,Other Race - Including Multi-Racial,Never,46.2,163,162,160,161.66666666666666
109342,Both interviewed and MEC examined,43,Female,Non-Hispanic White,Current,35.5,100,107,102,103
109346,Both interviewed and MEC examined,23,Female,Non-Hispanic Black,Former,55.1,110,115,111,112
109348,Both interviewed and MEC examined,63,Female,Non-Hispanic White,Never,19.6,173,156,159,162.66666666666666
109349,Both interviewed and MEC examined,47,Female,Mexican American,Never,40.5,NA,NA,NA,NA
109350,Both interviewed and MEC examined,59,Male,Non-Hispanic White,Never,36.6,127,110,115,117.33333333333333
109351,Both interviewed and MEC examined,58,Male,Non-Hispanic Black,Never,23.6,146,149,152,149
109353,Both interviewed and MEC examined,46,Female,Non-Hispanic Asian,Never,21.4,139,136,137,137.33333333333334
109365,Both interviewed and MEC examined,49,Female,Other Hispanic,Current,32,120,133,120,124.33333333333333
109371,Both interviewed and MEC examined,62,Male,Non-Hispanic Asian,Never,29.3,123,129,127,126.33333333333333
109373,Both interviewed and MEC examined,30,Female,Non-Hispanic White,Never,27.2,111,111,113,111.66666666666667
109376,Both interviewed and MEC examined,23,Male,Non-Hispanic White,Never,NA,111,111,121,114.33333333333333
109377,Both interviewed and MEC examined,41,Male,Non-Hispanic White,Current,29.4,126,133,123,127.33333333333333
109378,Both interviewed and MEC examined,36,Male,Non-Hispanic White,Never,29.9,131,133,133,132.33333333333334
109379,Both interviewed and MEC examined,66,Female,Non-Hispanic White,Former,33.4,NA,NA,NA,NA
109382,Both interviewed and MEC examined,70,Female,Mexican American,Never,35.8,130,79,133,114
109389,Both interviewed and MEC examined,56,Male,Other Race - Including Multi-Racial,Never,26.3,134,137,135,135.33333333333334
109390,Both interviewed and MEC examined,44,Female,Non-Hispanic Black,Never,38.2,132,136,127,131.66666666666666
109391,Both interviewed and MEC examined,56,Female,Other Hispanic,Former,34.1,NA,NA,NA,NA
109392,Both interviewed and MEC examined,79,Male,Mexican American,Former,24.8,150,162,158,156.66666666666666
109393,Both interviewed and MEC examined,76,Male,Non-Hispanic Black,Current,21.5,190,183,185,186
109394,Both interviewed and MEC examined,29,Female,Non-Hispanic Black,Never,31.7,117,115,117,116.33333333333333
109395,Both interviewed and MEC examined,56,Male,Non-Hispanic Black,Never,24,133,147,130,136.66666666666666
109396,Both interviewed and MEC examined,37,Female,Non-Hispanic Asian,Never,21.5,NA,NA,NA,NA
109397,Both interviewed and MEC examined,47,Female,Non-Hispanic White,Former,49,113,120,125,119.33333333333333
109403,Both interviewed and MEC examined,30,Male,Other Race - Including Multi-Racial,Never,27.1,123,136,119,126
109404,Both interviewed and MEC examined,23,Female,Other Hispanic,Never,30.7,109,107,106,107.33333333333333
109405,Both interviewed and MEC examined,32,Female,Mexican American,Never,24.2,92,95,91,92.66666666666667
109408,Both interviewed and MEC examined,51,Male,Non-Hispanic Black,Former,40,150,146,151,149
109411,Both interviewed and MEC examined,55,Female,Non-Hispanic Black,Never,20.2,113,113,119,115
109413,Both interviewed and MEC examined,59,Female,Non-Hispanic Asian,Never,28.7,131,132,132,131.66666666666666
109414,Both interviewed and MEC examined,62,Female,Mexican American,Never,36.4,101,99,107,102.33333333333333
109415,Both interviewed and MEC examined,61,Female,Non-Hispanic Black,Never,42.8,142,135,132,136.33333333333334
109416,Both interviewed and MEC examined,60,Male,Non-Hispanic White,Former,24.2,113,112,110,111.66666666666667
109423,Both interviewed and MEC examined,28,Female,Mexican American,Never,25.7,NA,NA,NA,NA
109426,Both interviewed and MEC examined,61,Female,Non-Hispanic Asian,Never,27.9,128,129,132,129.66666666666666
109429,Both interviewed and MEC examined,27,Male,Non-Hispanic White,Current,19.6,107,97,98,100.66666666666667
109431,Both interviewed and MEC examined,45,Female,Other Hispanic,Never,30.3,119,116,115,116.66666666666667
109432,Both interviewed and MEC examined,44,Female,Non-Hispanic Black,Never,19.8,105,112,110,109
109435,Both interviewed and MEC examined,62,Male,Other Race - Including Multi-Racial,Never,41.7,NA,NA,NA,NA
109439,Both interviewed and MEC examined,59,Female,Non-Hispanic Black,Never,32.6,181,175,182,179.33333333333334
109444,Both interviewed and MEC examined,21,Male,Non-Hispanic Black,Never,21.7,112,113,114,113
109447,Both interviewed and MEC examined,25,Female,Non-Hispanic White,Current,26.3,114,108,111,111
109450,Both interviewed and MEC examined,29,Male,Other Race - Including Multi-Racial,Current,21.5,115,118,118,117
109451,Both interviewed and MEC examined,37,Male,Non-Hispanic Black,Never,42,NA,NA,NA,NA
109454,Both interviewed and MEC examined,25,Female,Non-Hispanic Black,Never,50.9,117,119,115,117
109455,Both interviewed and MEC examined,40,Male,Non-Hispanic White,NA,25.9,128,124,124,125.33333333333333
109457,Both interviewed and MEC examined,76,Male,Non-Hispanic White,Former,32.7,145,146,146,145.66666666666666
109459,Both interviewed and MEC examined,32,Male,Non-Hispanic Asian,Never,43.3,107,107,111,108.33333333333333
109464,Both interviewed and MEC examined,30,Male,Non-Hispanic Asian,Never,31.8,106,107,109,107.33333333333333
109466,Both interviewed and MEC examined,40,Male,Mexican American,Never,26.2,126,125,123,124.66666666666667
109467,Both interviewed and MEC examined,21,Male,Non-Hispanic White,Never,36.3,122,121,121,121.33333333333333
109468,Both interviewed and MEC examined,60,Male,Non-Hispanic White,Never,43,135,129,132,132
109472,Both interviewed and MEC examined,34,Male,Mexican American,Never,35.7,110,112,115,112.33333333333333
109478,Both interviewed and MEC examined,27,Female,Non-Hispanic White,Never,26.1,122,118,127,122.33333333333333
109480,Both interviewed and MEC examined,30,Male,Non-Hispanic Black,Current,61.9,112,110,NA,111
109481,Both interviewed and MEC examined,60,Male,Other Hispanic,Former,27.7,129,126,124,126.33333333333333
109482,Both interviewed and MEC examined,48,Female,Non-Hispanic White,Never,27.8,106,104,102,104
109483,Both interviewed and MEC examined,76,Female,Non-Hispanic White,Never,38.7,128,126,122,125.33333333333333
109485,Both interviewed and MEC examined,47,Female,Other Hispanic,Never,NA,NA,NA,NA,NA
109486,Both interviewed and MEC examined,65,Male,Other Hispanic,Never,27.4,137,129,133,133
109488,Both interviewed and MEC examined,40,Male,Non-Hispanic Black,Never,26.6,115,115,114,114.66666666666667
109490,Both interviewed and MEC examined,77,Male,Non-Hispanic Black,Never,45.4,NA,NA,NA,NA
109495,Both interviewed and MEC examined,52,Male,Non-Hispanic White,Former,34.9,117,117,116,116.66666666666667
109496,Both interviewed and MEC examined,50,Male,Non-Hispanic White,Never,38.5,120,125,131,125.33333333333333
109497,Both interviewed and MEC examined,48,Female,Non-Hispanic Black,Never,29.6,116,121,118,118.33333333333333
109501,Both interviewed and MEC examined,45,Male,Mexican American,Never,34.6,132,130,133,131.66666666666666
109502,Both interviewed and MEC examined,29,Female,Mexican American,Never,30,111,111,107,109.66666666666667
109503,Both interviewed and MEC examined,71,Male,Non-Hispanic White,Former,27.4,119,125,126,123.33333333333333
109504,Both interviewed and MEC examined,53,Male,Non-Hispanic Black,Never,29,119,116,121,118.66666666666667
109505,Both interviewed and MEC examined,60,Female,Non-Hispanic Black,Former,NA,NA,NA,NA,NA
109508,Both interviewed and MEC examined,39,Female,Non-Hispanic White,Never,38.2,130,118,110,119.33333333333333
109510,Both interviewed and MEC examined,28,Male,Non-Hispanic Asian,Former,24.7,120,120,118,119.33333333333333
109512,Both interviewed and MEC examined,42,Male,Non-Hispanic Black,Never,38.5,112,108,108,109.33333333333333
109513,Both interviewed and MEC examined,48,Female,Non-Hispanic White,Never,46,108,108,112,109.33333333333333
109518,Both interviewed and MEC examined,25,Female,Non-Hispanic Asian,Never,26.1,108,113,122,114.33333333333333
109519,Both interviewed and MEC examined,55,Male,Non-Hispanic Black,Current,42.4,148,146,154,149.33333333333334
109523,Both interviewed and MEC examined,77,Female,Non-Hispanic White,Former,27.9,NA,NA,NA,NA
109525,Both interviewed and MEC examined,24,Male,Non-Hispanic Asian,Former,34.4,NA,NA,NA,NA
109526,Both interviewed and MEC examined,31,Female,Non-Hispanic Black,Never,38.9,109,106,122,112.33333333333333
109527,Both interviewed and MEC examined,69,Female,Non-Hispanic Black,Never,22.9,148,140,128,138.66666666666666
109530,Both interviewed and MEC examined,49,Female,Mexican American,Never,32.8,107,105,106,106
109531,Both interviewed and MEC examined,32,Male,Non-Hispanic Asian,Current,39.8,NA,NA,NA,NA
109532,Both interviewed and MEC examined,70,Male,Non-Hispanic White,Never,29.1,104,104,108,105.33333333333333
109534,Both interviewed and MEC examined,77,Female,Non-Hispanic Black,Never,28.1,NA,NA,NA,NA
109536,Both interviewed and MEC examined,48,Female,Non-Hispanic White,Former,24,116,120,117,117.66666666666667
109538,Both interviewed and MEC examined,66,Female,Non-Hispanic White,Never,30.2,102,119,118,113
109541,Both interviewed and MEC examined,35,Female,Non-Hispanic Black,Never,32.7,140,138,135,137.66666666666666
109544,Both interviewed and MEC examined,76,Female,Non-Hispanic White,Former,42.1,146,165,161,157.33333333333334
109545,Both interviewed and MEC examined,36,Female,Non-Hispanic Asian,Never,31.8,128,136,131,131.66666666666666
109548,Both interviewed and MEC examined,25,Female,Non-Hispanic Black,Never,42.1,106,107,105,106
109549,Both interviewed and MEC examined,22,Male,Non-Hispanic White,Never,35.7,123,118,122,121
109550,Both interviewed and MEC examined,64,Female,Non-Hispanic White,Former,37.3,109,108,107,108
109551,Both interviewed and MEC examined,65,Male,Other Race - Including Multi-Racial,Never,23.1,82,108,103,97.66666666666667
109552,Both interviewed and MEC examined,74,Male,Non-Hispanic White,Never,34,148,159,154,153.66666666666666
109554,Both interviewed and MEC examined,21,Male,Non-Hispanic Black,Never,19.5,124,121,126,123.66666666666667
109555,Both interviewed and MEC examined,22,Female,Non-Hispanic Asian,Never,19.6,104,104,105,104.33333333333333
109558,Both interviewed and MEC examined,57,Male,Non-Hispanic White,Never,29.1,97,99,93,96.33333333333333
109560,Both interviewed and MEC examined,34,Male,Mexican American,Never,27,116,108,113,112.33333333333333
109563,Both interviewed and MEC examined,36,Female,Mexican American,Current,39.1,93,100,107,100
109567,Both interviewed and MEC examined,49,Male,Non-Hispanic White,Former,29.5,114,112,125,117
109568,Both interviewed and MEC examined,32,Female,Non-Hispanic Black,Never,43.6,131,132,126,129.66666666666666
109570,Both interviewed and MEC examined,78,Female,Non-Hispanic White,Current,25.5,114,112,116,114
109571,Both interviewed and MEC examined,28,Female,Other Race - Including Multi-Racial,Current,35.6,104,106,106,105.33333333333333
109574,Both interviewed and MEC examined,55,Female,Non-Hispanic Asian,Never,22.4,113,119,120,117.33333333333333
109577,Both interviewed and MEC examined,74,Female,Other Hispanic,Never,39.4,NA,NA,NA,NA
109579,Both interviewed and MEC examined,42,Female,Non-Hispanic White,Current,27.2,106,106,108,106.66666666666667
109580,Both interviewed and MEC examined,39,Female,Non-Hispanic Black,Current,23.4,136,142,144,140.66666666666666
109581,Both interviewed and MEC examined,43,Male,Non-Hispanic White,Current,27.9,125,135,134,131.33333333333334
109587,Both interviewed and MEC examined,74,Female,Non-Hispanic White,Never,40.2,145,143,147,145
109588,Both interviewed and MEC examined,71,Male,Non-Hispanic White,Never,21.3,112,109,108,109.66666666666667
109590,Both interviewed and MEC examined,37,Male,Non-Hispanic Black,Current,22.3,122,121,121,121.33333333333333
109591,Both interviewed and MEC examined,68,Male,Mexican American,Never,29.8,142,142,140,141.33333333333334
109592,Both interviewed and MEC examined,62,Female,Mexican American,Never,26.9,NA,NA,NA,NA
109593,Both interviewed and MEC examined,52,Male,Other Race - Including Multi-Racial,Current,25,119,119,120,119.33333333333333
109594,Both interviewed and MEC examined,79,Male,Non-Hispanic White,Current,21.7,154,167,160,160.33333333333334
109597,Both interviewed and MEC examined,70,Female,Other Race - Including Multi-Racial,Never,32,146,146,139,143.66666666666666
109598,Both interviewed and MEC examined,25,Male,Non-Hispanic White,Never,25.9,141,151,143,145
109601,Both interviewed and MEC examined,30,Male,Non-Hispanic White,Never,33.5,113,115,113,113.66666666666667
109602,Both interviewed and MEC examined,43,Female,Other Hispanic,Never,30.8,107,109,112,109.33333333333333
109606,Both interviewed and MEC examined,32,Female,Non-Hispanic Black,Never,22.2,125,121,114,120
109607,Both interviewed and MEC examined,63,Male,Mexican American,Never,23.2,133,129,125,129
109608,Both interviewed and MEC examined,54,Female,Non-Hispanic White,Former,19.5,135,115,129,126.33333333333333
109610,Both interviewed and MEC examined,78,Male,Non-Hispanic Black,Never,32.6,116,114,111,113.66666666666667
109611,Both interviewed and MEC examined,55,Male,Non-Hispanic Black,Current,21.2,112,113,114,113
109612,Both interviewed and MEC examined,75,Male,Non-Hispanic Black,Never,29.8,147,144,151,147.33333333333334
109615,Both interviewed and MEC examined,65,Female,Non-Hispanic Black,Never,28,128,126,128,127.33333333333333
109617,Both interviewed and MEC examined,64,Male,Mexican American,Never,25.6,152,157,156,155
109620,Both interviewed and MEC examined,59,Female,Other Hispanic,Former,33.1,135,139,129,134.33333333333334
109623,Both interviewed and MEC examined,31,Female,Non-Hispanic Asian,Never,18.8,102,98,100,100
109626,Both interviewed and MEC examined,61,Male,Other Hispanic,Former,31.9,112,104,106,107.33333333333333
109628,Both interviewed and MEC examined,39,Female,Other Hispanic,Never,43,131,133,126,130
109629,Both interviewed and MEC examined,40,Male,Non-Hispanic Black,Current,19.6,126,119,119,121.33333333333333
109630,Both interviewed and MEC examined,56,Female,Non-Hispanic White,Former,35.7,145,132,126,134.33333333333334
109634,Both interviewed and MEC examined,62,Female,Mexican American,Never,23.3,108,110,100,106
109635,Both interviewed and MEC examined,40,Female,Mexican American,Never,33.6,102,107,104,104.33333333333333
109637,Both interviewed and MEC examined,46,Female,Non-Hispanic Black,Never,29.7,113,109,108,110
109638,Both interviewed and MEC examined,48,Female,Non-Hispanic White,Former,43.6,129,122,121,124
109639,Both interviewed and MEC examined,42,Female,Non-Hispanic White,Never,28.3,112,110,112,111.33333333333333
109640,Both interviewed and MEC examined,50,Female,Non-Hispanic Asian,Never,30.6,NA,NA,NA,NA
109644,Both interviewed and MEC examined,24,Male,Other Hispanic,Never,25,NA,NA,NA,NA
109645,Both interviewed and MEC examined,62,Female,Other Hispanic,Never,29.9,135,128,134,132.33333333333334
109652,Both interviewed and MEC examined,76,Female,Non-Hispanic White,Former,NA,NA,NA,NA,NA
109655,Both interviewed and MEC examined,42,Female,Mexican American,Never,38.5,NA,NA,NA,NA
109656,Both interviewed and MEC examined,60,Female,Mexican American,Never,40.8,112,114,106,110.66666666666667
109657,Both interviewed and MEC examined,33,Female,Non-Hispanic White,Never,26.2,105,115,113,111
109661,Both interviewed and MEC examined,23,Male,Non-Hispanic White,Never,26.8,106,106,103,105
109662,Both interviewed and MEC examined,32,Male,Other Hispanic,Current,25.5,147,141,146,144.66666666666666
109664,Both interviewed and MEC examined,22,Male,Non-Hispanic Black,Current,28.4,100,104,100,101.33333333333333
109665,Both interviewed and MEC examined,42,Female,Non-Hispanic White,Current,37,117,115,128,120
109666,Both interviewed and MEC examined,70,Female,Non-Hispanic Black,Never,49.8,NA,NA,NA,NA
109667,Both interviewed and MEC examined,64,Male,Mexican American,Never,27.6,184,189,193,188.66666666666666
109669,Both interviewed and MEC examined,59,Male,Non-Hispanic Black,Current,22.1,178,179,174,177
109673,Both interviewed and MEC examined,34,Male,Mexican American,Former,28.6,114,110,109,111
109675,Both interviewed and MEC examined,51,Female,Non-Hispanic Asian,Never,25.7,145,144,136,141.66666666666666
109676,Both interviewed and MEC examined,64,Female,Non-Hispanic White,Never,24.6,137,138,148,141
109677,Both interviewed and MEC examined,76,Female,Other Hispanic,Never,36.6,126,132,125,127.66666666666667
109678,Both interviewed and MEC examined,32,Female,Non-Hispanic White,Never,19,94,97,95,95.33333333333333
109679,Both interviewed and MEC examined,28,Male,Other Race - Including Multi-Racial,Current,26.6,105,107,104,105.33333333333333
109683,Both interviewed and MEC examined,29,Female,Non-Hispanic White,Former,21.9,NA,NA,NA,NA
109685,Both interviewed and MEC examined,38,Male,Non-Hispanic Asian,Never,23,128,128,127,127.66666666666667
109686,Both interviewed and MEC examined,60,Male,Non-Hispanic Asian,Never,28.9,159,157,143,153
109687,Both interviewed and MEC examined,37,Female,Non-Hispanic White,Never,21.3,89,95,96,93.33333333333333
109691,Both interviewed and MEC examined,26,Female,Non-Hispanic Asian,Never,30.6,99,101,103,101
109693,Both interviewed and MEC examined,25,Female,Mexican American,Never,30.5,106,110,105,107
109696,Both interviewed and MEC examined,79,Female,Non-Hispanic White,Never,33.5,132,140,134,135.33333333333334
109697,Both interviewed and MEC examined,35,Female,Mexican American,Never,26.9,115,117,114,115.33333333333333
109700,Both interviewed and MEC examined,42,Female,Other Hispanic,Never,29.2,133,132,126,130.33333333333334
109703,Both interviewed and MEC examined,34,Male,Non-Hispanic Black,Never,27,110,107,109,108.66666666666667
109704,Both interviewed and MEC examined,31,Male,Non-Hispanic Asian,Current,25.6,112,110,111,111
109705,Both interviewed and MEC examined,38,Male,Non-Hispanic Black,Never,NA,NA,NA,NA,NA
109709,Both interviewed and MEC examined,52,Male,Mexican American,Never,42.1,111,112,109,110.66666666666667
109711,Both interviewed and MEC examined,25,Male,Mexican American,Never,31.7,NA,NA,NA,NA
109712,Both interviewed and MEC examined,46,Male,Non-Hispanic Black,Current,32.6,197,199,201,199
109713,Both interviewed and MEC examined,50,Female,Non-Hispanic Asian,Never,30.7,163,163,151,159
109714,Both interviewed and MEC examined,30,Male,Non-Hispanic Asian,Former,29.8,151,149,168,156
109716,Both interviewed and MEC examined,25,Female,Non-Hispanic Black,Current,33.1,104,104,107,105
109721,Both interviewed and MEC examined,50,Male,Other Hispanic,Current,34.9,180,163,152,165
109723,Both interviewed and MEC examined,29,Male,Non-Hispanic Black,Never,26.8,117,116,120,117.66666666666667
109725,Both interviewed and MEC examined,62,Female,Mexican American,Never,27.8,NA,NA,NA,NA
109727,Both interviewed and MEC examined,42,Female,Non-Hispanic White,Current,31,116,110,114,113.33333333333333
109728,Both interviewed and MEC examined,34,Female,Non-Hispanic White,Never,59.1,113,110,106,109.66666666666667
109730,Both interviewed and MEC examined,29,Female,Non-Hispanic Black,Never,39,99,98,106,101
109731,Both interviewed and MEC examined,21,Female,Other Hispanic,Never,24.3,105,106,104,105
109735,Both interviewed and MEC examined,33,Male,Non-Hispanic Asian,Current,22.1,129,128,115,124
109740,Both interviewed and MEC examined,46,Male,Non-Hispanic Black,Never,28,145,140,156,147
109743,Both interviewed and MEC examined,56,Male,Non-Hispanic Black,Never,30.6,122,128,126,125.33333333333333
109746,Both interviewed and MEC examined,47,Male,Non-Hispanic Black,Current,35.2,131,141,131,134.33333333333334
109747,Both interviewed and MEC examined,74,Female,Non-Hispanic White,Former,30.7,121,118,119,119.33333333333333
109754,Both interviewed and MEC examined,47,Female,Non-Hispanic White,Never,30.4,115,111,115,113.66666666666667
109757,Both interviewed and MEC examined,30,Female,Non-Hispanic Asian,Never,35.1,NA,NA,NA,NA
109758,Both interviewed and MEC examined,26,Male,Non-Hispanic Black,Current,20.3,124,118,125,122.33333333333333
109760,Both interviewed and MEC examined,53,Male,Other Hispanic,Former,27.4,146,138,154,146
109763,Both interviewed and MEC examined,78,Male,Non-Hispanic Black,Current,26.5,161,144,147,150.66666666666666
109764,Both interviewed and MEC examined,69,Male,Non-Hispanic Asian,Former,26.9,144,149,147,146.66666666666666
109765,Both interviewed and MEC examined,51,Female,Non-Hispanic White,Never,28.9,136,137,137,136.66666666666666
109768,Both interviewed and MEC examined,32,Male,Non-Hispanic White,Never,25,126,130,128,128
109769,Both interviewed and MEC examined,44,Male,Non-Hispanic White,Current,27.8,150,153,147,150
109770,Both interviewed and MEC examined,47,Female,Non-Hispanic Black,Former,26.1,161,152,158,157
109771,Both interviewed and MEC examined,79,Female,Non-Hispanic Black,Never,21.7,131,130,134,131.66666666666666
109780,Both interviewed and MEC examined,66,Female,Non-Hispanic Black,Current,33.7,132,135,125,130.66666666666666
109782,Both interviewed and MEC examined,63,Female,Non-Hispanic White,Current,26.3,108,109,105,107.33333333333333
109783,Both interviewed and MEC examined,61,Male,Non-Hispanic Black,Current,32.3,145,146,144,145
109785,Both interviewed and MEC examined,48,Male,Non-Hispanic Black,Never,32.2,120,115,113,116
109789,Both interviewed and MEC examined,32,Female,Non-Hispanic White,Never,44.7,94,96,94,94.66666666666667
109791,Both interviewed and MEC examined,28,Male,Non-Hispanic Black,Never,33.5,118,120,117,118.33333333333333
109794,Both interviewed and MEC examined,63,Male,Non-Hispanic White,Current,34.9,147,152,143,147.33333333333334
109800,Both interviewed and MEC examined,31,Male,Other Race - Including Multi-Racial,Former,30.9,124,125,122,123.66666666666667
109802,Both interviewed and MEC examined,25,Male,Non-Hispanic White,Never,30.6,122,124,122,122.66666666666667
109803,Both interviewed and MEC examined,56,Female,Non-Hispanic Black,Never,23.9,155,166,162,161
109805,Both interviewed and MEC examined,43,Female,Non-Hispanic Black,Never,51.3,115,119,111,115
109806,Both interviewed and MEC examined,25,Female,Non-Hispanic Black,Current,47.5,113,107,116,112
109807,Both interviewed and MEC examined,31,Male,Non-Hispanic White,Never,23.2,111,110,107,109.33333333333333
109811,Both interviewed and MEC examined,52,Male,Non-Hispanic Asian,Current,26.8,126,129,127,127.33333333333333
109812,Both interviewed and MEC examined,72,Female,Non-Hispanic Black,Never,26.4,102,102,112,105.33333333333333
109813,Both interviewed and MEC examined,32,Male,Mexican American,Current,31.7,126,129,129,128
109814,Both interviewed and MEC examined,29,Female,Non-Hispanic Black,Never,22.9,NA,NA,NA,NA
109815,Both interviewed and MEC examined,52,Female,Non-Hispanic Black,Never,38.2,148,149,144,147
109816,Both interviewed and MEC examined,55,Female,Non-Hispanic White,Never,19.7,96,106,102,101.33333333333333
109817,Both interviewed and MEC examined,36,Female,Non-Hispanic Asian,Never,19.4,NA,NA,NA,NA
109820,Both interviewed and MEC examined,29,Female,Mexican American,Current,34.6,NA,NA,NA,NA
109825,Both interviewed and MEC examined,22,Male,Other Hispanic,Never,26.9,123,122,118,121
109828,Both interviewed and MEC examined,34,Male,Other Race - Including Multi-Racial,Former,22.4,NA,NA,NA,NA
109831,Both interviewed and MEC examined,50,Male,Non-Hispanic White,Never,24.8,117,115,120,117.33333333333333
109836,Both interviewed and MEC examined,30,Male,Non-Hispanic Black,Current,22.3,150,139,140,143
109839,Both interviewed and MEC examined,66,Female,Non-Hispanic Black,Current,45.3,169,166,166,167
109841,Both interviewed and MEC examined,54,Female,Non-Hispanic White,Never,39.5,106,105,102,104.33333333333333
109843,Both interviewed and MEC examined,35,Male,Mexican American,Former,34.1,123,123,120,122
109844,Both interviewed and MEC examined,59,Male,Other Hispanic,Current,46.2,92,87,85,88
109845,Both interviewed and MEC examined,77,Female,Non-Hispanic White,Never,38.6,140,139,138,139
109850,Both interviewed and MEC examined,50,Female,Mexican American,Never,26.8,103,108,102,104.33333333333333
109854,Both interviewed and MEC examined,67,Male,Other Race - Including Multi-Racial,Never,19,123,129,135,129
109855,Both interviewed and MEC examined,29,Male,Mexican American,Former,23.2,120,120,115,118.33333333333333
109856,Both interviewed and MEC examined,54,Female,Other Hispanic,Never,34.1,105,107,110,107.33333333333333
109857,Both interviewed and MEC examined,74,Male,Non-Hispanic White,Current,34.1,114,108,108,110
109860,Both interviewed and MEC examined,25,Female,Non-Hispanic Black,Never,24,102,99,95,98.66666666666667
109862,Both interviewed and MEC examined,41,Female,Other Hispanic,Current,35.9,76,80,73,76.33333333333333
109863,Both interviewed and MEC examined,64,Female,Other Race - Including Multi-Racial,Current,25.4,139,161,161,153.66666666666666
109864,Both interviewed and MEC examined,75,Female,Non-Hispanic White,Never,26.2,134,152,149,145
109865,Both interviewed and MEC examined,33,Female,Non-Hispanic Black,Current,41.8,115,113,117,115
109866,Both interviewed and MEC examined,28,Female,Non-Hispanic White,Never,31.7,121,132,124,125.66666666666667
109867,Both interviewed and MEC examined,55,Male,Non-Hispanic White,Current,26.9,110,110,110,110
109868,Both interviewed and MEC examined,55,Female,Mexican American,Former,45.7,145,135,149,143
109869,Both interviewed and MEC examined,75,Male,Non-Hispanic White,Never,28.8,141,140,136,139
109872,Both interviewed and MEC examined,38,Female,Non-Hispanic Black,Never,37.7,145,132,125,134
109874,Both interviewed and MEC examined,55,Male,Other Hispanic,Never,26.4,125,120,121,122
109877,Both interviewed and MEC examined,41,Male,Non-Hispanic Black,Never,29.2,125,123,133,127
109879,Both interviewed and MEC examined,60,Female,Other Hispanic,Never,25.8,122,129,120,123.66666666666667
109881,Both interviewed and MEC examined,48,Male,Non-Hispanic Asian,Current,27.9,127,134,131,130.66666666666666
109884,Both interviewed and MEC examined,45,Female,Mexican American,Never,25.6,110,112,118,113.33333333333333
109886,Both interviewed and MEC examined,64,Male,Non-Hispanic White,Never,50.7,170,167,171,169.33333333333334
109887,Both interviewed and MEC examined,25,Male,Other Race - Including Multi-Racial,Former,37.2,112,110,113,111.66666666666667
109894,Both interviewed and MEC examined,32,Female,Mexican American,Never,44.9,95,96,100,97
109895,Both interviewed and MEC examined,21,Male,Mexican American,Never,43.7,119,116,112,115.66666666666667
109898,Both interviewed and MEC examined,48,Female,Other Hispanic,Never,42.8,116,116,121,117.66666666666667
109902,Both interviewed and MEC examined,75,Female,Non-Hispanic Black,Never,42.7,166,187,182,178.33333333333334
109903,Both interviewed and MEC examined,53,Male,Non-Hispanic Black,Never,43.2,152,151,151,151.33333333333334
109905,Both interviewed and MEC examined,52,Female,Non-Hispanic White,Former,48.6,112,134,115,120.33333333333333
109913,Both interviewed and MEC examined,52,Female,Non-Hispanic Black,Never,42.3,107,104,104,105
109915,Both interviewed and MEC examined,58,Male,Mexican American,Former,31.5,126,121,116,121
109916,Both interviewed and MEC examined,25,Male,Non-Hispanic Black,Never,41.6,119,119,117,118.33333333333333
109917,Both interviewed and MEC examined,54,Female,Non-Hispanic White,Never,22.3,95,98,95,96
109918,Both interviewed and MEC examined,66,Male,Mexican American,Never,32.3,146,137,140,141
109919,Both interviewed and MEC examined,45,Female,Mexican American,Never,25.8,118,130,126,124.66666666666667
109921,Both interviewed and MEC examined,58,Female,Non-Hispanic Asian,Never,18.4,120,121,119,120
109922,Both interviewed and MEC examined,42,Female,Non-Hispanic White,Former,24.7,101,100,102,101
109926,Both interviewed and MEC examined,45,Female,Non-Hispanic Black,Never,31.8,96,98,93,95.66666666666667
109930,Both interviewed and MEC examined,51,Male,Non-Hispanic Black,Never,45.2,135,134,133,134
109931,Both interviewed and MEC examined,40,Female,Non-Hispanic Black,Never,30.6,106,103,103,104
109932,Both interviewed and MEC examined,72,Male,Non-Hispanic White,Never,33.5,110,115,112,112.33333333333333
109934,Both interviewed and MEC examined,35,Female,Non-Hispanic Black,Never,22.4,NA,NA,NA,NA
109937,Both interviewed and MEC examined,74,Male,Other Race - Including Multi-Racial,Never,NA,NA,NA,NA,NA
109938,Both interviewed and MEC examined,34,Female,Other Hispanic,Former,26.2,127,154,120,133.66666666666666
109939,Both interviewed and MEC examined,37,Female,Other Hispanic,Never,23.5,NA,NA,NA,NA
109940,Both interviewed and MEC examined,57,Female,Other Hispanic,Never,23.1,134,138,140,137.33333333333334
109941,Both interviewed and MEC examined,57,Female,Non-Hispanic Asian,Never,31,NA,NA,NA,NA
109942,Both interviewed and MEC examined,79,Female,Non-Hispanic White,Never,24.1,147,157,152,152
109945,Both interviewed and MEC examined,32,Male,Other Race - Including Multi-Racial,Never,24.3,130,128,141,133
109946,Both interviewed and MEC examined,43,Female,Non-Hispanic White,Never,21.9,89,89,89,89
109947,Both interviewed and MEC examined,64,Male,Non-Hispanic Black,Never,28.9,129,125,130,128
109957,Both interviewed and MEC examined,64,Female,Non-Hispanic Asian,Never,19,142,143,147,144
109960,Both interviewed and MEC examined,59,Male,Non-Hispanic Asian,Never,26.4,128,130,135,131
109961,Both interviewed and MEC examined,50,Female,Non-Hispanic Asian,Never,32.8,NA,NA,NA,NA
109962,Both interviewed and MEC examined,76,Male,Non-Hispanic White,Former,29.2,113,118,112,114.33333333333333
109963,Both interviewed and MEC examined,48,Female,Non-Hispanic Black,Current,24.2,156,159,153,156
109966,Both interviewed and MEC examined,68,Male,Other Hispanic,Current,25.3,123,123,123,123
109968,Both interviewed and MEC examined,47,Male,Mexican American,Never,30.4,NA,NA,NA,NA
109969,Both interviewed and MEC examined,48,Female,Other Hispanic,Never,NA,NA,NA,NA,NA
109971,Both interviewed and MEC examined,58,Female,Non-Hispanic Black,Never,28.1,116,126,123,121.66666666666667
109972,Both interviewed and MEC examined,41,Female,Mexican American,Never,31.1,NA,NA,NA,NA
109975,Both interviewed and MEC examined,39,Female,Non-Hispanic Black,Never,27.4,112,110,113,111.66666666666667
109976,Both interviewed and MEC examined,58,Male,Non-Hispanic Black,Current,26.7,103,106,100,103
109977,Both interviewed and MEC examined,53,Female,Non-Hispanic Asian,Never,24.7,NA,NA,NA,NA
109978,Both interviewed and MEC examined,30,Female,Other Race - Including Multi-Racial,Never,21.7,138,135,130,134.33333333333334
109979,Both interviewed and MEC examined,31,Female,Non-Hispanic Asian,Never,27.1,91,86,88,88.33333333333333
109981,Both interviewed and MEC examined,68,Female,Other Hispanic,Never,25.8,122,116,108,115.33333333333333
109987,Both interviewed and MEC examined,59,Female,Non-Hispanic White,Never,23.2,NA,NA,NA,NA
109990,Both interviewed and MEC examined,66,Male,Non-Hispanic Black,Current,26.4,153,157,155,155
109991,Both interviewed and MEC examined,50,Male,Non-Hispanic White,Never,29.1,119,117,122,119.33333333333333
109992,Both interviewed and MEC examined,55,Male,Non-Hispanic Black,Current,28.2,NA,NA,NA,NA
109994,Both interviewed and MEC examined,73,Female,Non-Hispanic White,Never,35.3,129,126,138,131
109997,Both interviewed and MEC examined,27,Male,Non-Hispanic Asian,Never,34.1,NA,NA,NA,NA
109999,Both interviewed and MEC examined,47,Male,Non-Hispanic White,Former,55.3,122,116,118,118.66666666666667
110005,Both interviewed and MEC examined,45,Female,Non-Hispanic Black,Never,24.5,195,190,192,192.33333333333334
110007,Both interviewed and MEC examined,63,Female,Non-Hispanic White,Never,40.8,115,108,114,112.33333333333333
110010,Both interviewed and MEC examined,55,Female,Non-Hispanic White,Never,23.8,126,120,121,122.33333333333333
110011,Both interviewed and MEC examined,25,Male,Mexican American,Never,28.9,NA,NA,NA,NA
110012,Both interviewed and MEC examined,56,Female,Non-Hispanic White,Never,32.4,115,113,109,112.33333333333333
110015,Both interviewed and MEC examined,52,Female,Mexican American,Never,31.3,105,105,104,104.66666666666667
110016,Both interviewed and MEC examined,29,Female,Non-Hispanic Black,Never,19.7,99,99,95,97.66666666666667
110021,Both interviewed and MEC examined,25,Female,Non-Hispanic Black,Never,17.9,NA,NA,NA,NA
110023,Both interviewed and MEC examined,62,Female,Non-Hispanic White,Never,28.1,108,110,109,109
110027,Both interviewed and MEC examined,22,Female,Non-Hispanic White,Current,24.8,111,109,111,110.33333333333333
110028,Both interviewed and MEC examined,23,Female,Other Hispanic,Current,19.2,107,109,108,108
110029,Both interviewed and MEC examined,42,Male,Mexican American,Never,31.9,127,126,127,126.66666666666667
110030,Both interviewed and MEC examined,27,Female,Non-Hispanic Black,Never,21.3,113,109,113,111.66666666666667
110033,Both interviewed and MEC examined,61,Female,Non-Hispanic White,Current,NA,NA,NA,NA,NA
110034,Both interviewed and MEC examined,35,Female,Non-Hispanic Black,Never,40.6,100,103,98,100.33333333333333
110035,Both interviewed and MEC examined,27,Female,Non-Hispanic White,Current,53.7,89,93,88,90
110036,Both interviewed and MEC examined,50,Female,Non-Hispanic White,Former,29.9,115,113,108,112
110037,Both interviewed and MEC examined,69,Male,Non-Hispanic Black,Former,39.2,96,97,97,96.66666666666667
110038,Both interviewed and MEC examined,58,Female,Non-Hispanic Asian,Never,25.7,122,125,126,124.33333333333333
110040,Both interviewed and MEC examined,28,Male,Non-Hispanic White,Current,18.8,109,113,111,111
110041,Both interviewed and MEC examined,44,Female,Other Race - Including Multi-Racial,Former,53.2,100,98,98,98.66666666666667
110042,Both interviewed and MEC examined,62,Female,Other Hispanic,Former,34.8,100,95,97,97.33333333333333
110043,Both interviewed and MEC examined,37,Male,Non-Hispanic Black,Never,28.9,108,107,105,106.66666666666667
110045,Both interviewed and MEC examined,69,Female,Non-Hispanic White,Never,34.7,125,130,129,128
110052,Both interviewed and MEC examined,42,Male,Mexican American,Never,30.9,119,120,120,119.66666666666667
110054,Both interviewed and MEC examined,44,Male,Other Hispanic,Never,29.4,120,119,117,118.66666666666667
110055,Both interviewed and MEC examined,70,Male,Other Hispanic,Never,29.2,154,154,152,153.33333333333334
110056,Both interviewed and MEC examined,63,Male,Non-Hispanic White,Former,28.5,104,100,96,100
110057,Both interviewed and MEC examined,69,Male,Non-Hispanic Black,Former,38.4,149,147,138,144.66666666666666
110059,Both interviewed and MEC examined,38,Male,Non-Hispanic White,Never,25.5,130,128,134,130.66666666666666
110061,Both interviewed and MEC examined,61,Male,Other Hispanic,Former,29.4,114,116,118,116
110062,Both interviewed and MEC examined,40,Female,Non-Hispanic Black,Never,25.8,109,114,113,112
110064,Both interviewed and MEC examined,65,Male,Non-Hispanic White,Former,23.6,154,133,140,142.33333333333334
110065,Both interviewed and MEC examined,60,Male,Non-Hispanic White,Never,26.8,138,142,135,138.33333333333334
110067,Both interviewed and MEC examined,25,Male,Non-Hispanic White,Former,22.8,122,123,117,120.66666666666667
110068,Both interviewed and MEC examined,77,Female,Non-Hispanic White,Former,23.3,114,130,124,122.66666666666667
110070,Both interviewed and MEC examined,41,Female,Non-Hispanic White,Current,40.2,104,107,104,105
110071,Both interviewed and MEC examined,59,Male,Non-Hispanic Black,Never,26.2,113,116,116,115
110074,Both interviewed and MEC examined,41,Male,Mexican American,Never,29.1,NA,NA,NA,NA
110079,Both interviewed and MEC examined,54,Female,Non-Hispanic Black,Never,37.2,137,127,128,130.66666666666666
110081,Both interviewed and MEC examined,65,Male,Non-Hispanic Black,Former,50,NA,NA,NA,NA
110082,Both interviewed and MEC examined,78,Female,Non-Hispanic White,Current,23,114,113,115,114
110083,Both interviewed and MEC examined,21,Female,Non-Hispanic Black,Never,25.2,102,101,103,102
110085,Both interviewed and MEC examined,60,Male,Other Hispanic,Never,29.8,128,127,131,128.66666666666666
110087,Both interviewed and MEC examined,62,Male,Other Hispanic,Current,24.6,151,146,148,148.33333333333334
110088,Both interviewed and MEC examined,30,Male,Other Hispanic,Never,44.6,124,125,129,126
110090,Both interviewed and MEC examined,56,Male,Other Hispanic,Never,34.7,148,135,134,139
110091,Both interviewed and MEC examined,39,Female,Mexican American,Never,29.3,NA,NA,NA,NA
110093,Both interviewed and MEC examined,30,Female,Non-Hispanic Black,Never,19.9,111,110,110,110.33333333333333
110096,Both interviewed and MEC examined,66,Male,Non-Hispanic Black,Current,22.1,149,146,153,149.33333333333334
110098,Both interviewed and MEC examined,21,Male,Mexican American,Never,30.6,118,116,120,118
110102,Both interviewed and MEC examined,45,Female,Mexican American,Current,35.6,116,115,109,113.33333333333333
110105,Both interviewed and MEC examined,25,Female,Non-Hispanic Black,Never,21.4,NA,NA,NA,NA
110107,Both interviewed and MEC examined,72,Female,Non-Hispanic Black,Current,30.9,140,146,146,144
110112,Both interviewed and MEC examined,36,Female,Non-Hispanic Asian,Never,28.6,100,98,104,100.66666666666667
110114,Both interviewed and MEC examined,44,Female,Non-Hispanic White,Never,27,136,139,141,138.66666666666666
110116,Both interviewed and MEC examined,35,Female,Non-Hispanic White,Former,31.7,121,120,116,119
110117,Both interviewed and MEC examined,24,Male,Non-Hispanic Black,Never,19.6,112,111,112,111.66666666666667
110118,Both interviewed and MEC examined,37,Male,Non-Hispanic White,Current,21.8,114,113,110,112.33333333333333
110120,Both interviewed and MEC examined,34,Female,Non-Hispanic White,Former,37.8,NA,NA,NA,NA
110121,Both interviewed and MEC examined,33,Female,Non-Hispanic White,Current,29.1,NA,NA,NA,NA
110123,Both interviewed and MEC examined,28,Female,Non-Hispanic White,Current,43.3,104,100,110,104.66666666666667
110124,Both interviewed and MEC examined,55,Female,Other Hispanic,Never,39.1,115,114,117,115.33333333333333
110125,Both interviewed and MEC examined,60,Female,Other Race - Including Multi-Racial,Former,32.5,98,101,102,100.33333333333333
110127,Both interviewed and MEC examined,48,Female,Other Hispanic,Never,27.3,114,110,107,110.33333333333333
110128,Both interviewed and MEC examined,48,Male,Non-Hispanic White,Current,31.7,135,133,127,131.66666666666666
110129,Both interviewed and MEC examined,52,Male,Non-Hispanic Black,Never,42.7,138,139,143,140
110130,Both interviewed and MEC examined,54,Female,Non-Hispanic White,Never,27.7,143,147,153,147.66666666666666
110131,Both interviewed and MEC examined,69,Male,Non-Hispanic Black,Current,19.1,134,128,124,128.66666666666666
110134,Both interviewed and MEC examined,49,Male,Non-Hispanic White,Former,25.4,119,128,119,122
110135,Both interviewed and MEC examined,40,Male,Other Race - Including Multi-Racial,Current,27.8,130,133,125,129.33333333333334
110136,Both interviewed and MEC examined,38,Male,Non-Hispanic White,Former,23,115,118,116,116.33333333333333
110137,Both interviewed and MEC examined,52,Male,Other Hispanic,Never,24.5,130,119,123,124
110139,Both interviewed and MEC examined,41,Male,Other Hispanic,Never,36.3,128,127,125,126.66666666666667
110142,Both interviewed and MEC examined,61,Male,Other Race - Including Multi-Racial,Never,31.9,162,NA,NA,162
110144,Both interviewed and MEC examined,50,Female,Non-Hispanic Asian,Never,29.8,106,111,112,109.66666666666667
110147,Both interviewed and MEC examined,60,Female,Mexican American,Never,37.3,138,131,132,133.66666666666666
110151,Both interviewed and MEC examined,63,Female,Non-Hispanic Asian,Never,32.8,107,117,110,111.33333333333333
110153,Both interviewed and MEC examined,70,Male,Non-Hispanic Asian,Never,23.4,118,125,122,121.66666666666667
110155,Both interviewed and MEC examined,22,Male,Non-Hispanic Black,Never,25.7,131,135,130,132
110159,Both interviewed and MEC examined,45,Male,Non-Hispanic White,Current,22.8,113,111,109,111
110161,Both interviewed and MEC examined,52,Female,Non-Hispanic Black,Never,35.2,136,127,133,132
110165,Both interviewed and MEC examined,54,Male,Non-Hispanic White,Never,55,142,136,132,136.66666666666666
110167,Both interviewed and MEC examined,29,Female,Non-Hispanic Black,Never,40.5,NA,NA,NA,NA
110168,Both interviewed and MEC examined,54,Female,Non-Hispanic Black,Never,31.1,118,117,114,116.33333333333333
110169,Both interviewed and MEC examined,30,Male,Non-Hispanic White,Never,34.7,110,112,115,112.33333333333333
110171,Both interviewed and MEC examined,22,Female,Non-Hispanic Black,Never,21.3,117,117,117,117
110172,Both interviewed and MEC examined,53,Female,Other Hispanic,Current,28.1,130,131,147,136
110173,Both interviewed and MEC examined,27,Male,Mexican American,Current,23.7,117,132,128,125.66666666666667
110174,Both interviewed and MEC examined,25,Male,Other Hispanic,Never,26.8,114,113,114,113.66666666666667
110175,Both interviewed and MEC examined,30,Male,Mexican American,Current,34.5,120,123,129,124
110176,Both interviewed and MEC examined,38,Female,Non-Hispanic White,Never,32.9,114,113,114,113.66666666666667
110178,Both interviewed and MEC examined,57,Female,Non-Hispanic White,Never,25.4,126,112,121,119.66666666666667
110182,Both interviewed and MEC examined,61,Female,Non-Hispanic White,Former,48.6,98,93,100,97
110184,Both interviewed and MEC examined,59,Female,Non-Hispanic Asian,Never,26.9,152,156,155,154.33333333333334
110186,Both interviewed and MEC examined,27,Female,Non-Hispanic Black,Former,31.9,103,98,102,101
110187,Both interviewed and MEC examined,58,Female,Non-Hispanic Black,Current,44,164,161,168,164.33333333333334
110188,Both interviewed and MEC examined,63,Female,Non-Hispanic Black,Never,28.3,140,143,143,142
110194,Both interviewed and MEC examined,74,Female,Non-Hispanic White,Never,38.5,NA,NA,NA,NA
110196,Both interviewed and MEC examined,67,Male,Non-Hispanic Black,Former,28.2,175,157,167,166.33333333333334
110200,Both interviewed and MEC examined,60,Female,Non-Hispanic Black,Never,28.6,141,156,147,148
110201,Both interviewed and MEC examined,37,Male,Non-Hispanic White,Former,40.8,115,118,121,118
110204,Both interviewed and MEC examined,70,Male,Non-Hispanic White,Former,26.8,164,163,158,161.66666666666666
110206,Both interviewed and MEC examined,37,Male,Other Hispanic,Current,32.9,132,133,136,133.66666666666666
110207,Both interviewed and MEC examined,52,Female,Non-Hispanic Asian,Never,26.8,118,119,117,118
110208,Both interviewed and MEC examined,57,Female,Other Race - Including Multi-Racial,Current,37.9,142,141,131,138
110211,Both interviewed and MEC examined,43,Female,Non-Hispanic White,Never,21.2,NA,NA,NA,NA
110213,Both interviewed and MEC examined,25,Female,Other Race - Including Multi-Racial,Current,25.2,128,124,125,125.66666666666667
110214,Both interviewed and MEC examined,32,Female,Non-Hispanic Black,Never,20.8,101,99,101,100.33333333333333
110217,Both interviewed and MEC examined,60,Female,Other Hispanic,Never,26.6,128,128,129,128.33333333333334
110218,Both interviewed and MEC examined,28,Female,Other Hispanic,Former,23.5,103,108,104,105
110223,Both interviewed and MEC examined,71,Male,Non-Hispanic White,Former,31.1,107,109,112,109.33333333333333
110224,Both interviewed and MEC examined,34,Female,Mexican American,Former,36.2,100,105,107,104
110226,Both interviewed and MEC examined,26,Female,Non-Hispanic Black,Former,29.4,104,101,103,102.66666666666667
110228,Both interviewed and MEC examined,44,Male,Non-Hispanic Black,Current,36.1,171,172,185,176
110232,Both interviewed and MEC examined,62,Male,Non-Hispanic Black,Current,51.2,123,127,122,124
110234,Both interviewed and MEC examined,40,Female,Non-Hispanic Black,Never,35.8,133,130,130,131
110235,Both interviewed and MEC examined,41,Male,Other Race - Including Multi-Racial,Never,31.6,132,129,130,130.33333333333334
110236,Both interviewed and MEC examined,39,Male,Non-Hispanic Asian,Never,22.2,119,119,124,120.66666666666667
110240,Both interviewed and MEC examined,37,Male,Mexican American,Never,35.4,128,131,126,128.33333333333334
110241,Both interviewed and MEC examined,60,Male,Non-Hispanic Black,Never,29.3,131,123,140,131.33333333333334
110243,Both interviewed and MEC examined,29,Female,Non-Hispanic Black,Never,25,105,94,100,99.66666666666667
110247,Both interviewed and MEC examined,31,Female,Other Hispanic,Former,37.4,117,114,112,114.33333333333333
110248,Both interviewed and MEC examined,29,Female,Other Race - Including Multi-Racial,Never,23.1,115,112,117,114.66666666666667
110250,Both interviewed and MEC examined,34,Male,Mexican American,Former,40.9,143,146,145,144.66666666666666
110251,Both interviewed and MEC examined,60,Female,Non-Hispanic Black,Current,24.5,121,125,129,125
110252,Both interviewed and MEC examined,70,Male,Other Race - Including Multi-Racial,Current,21.5,135,131,141,135.66666666666666
110254,Both interviewed and MEC examined,60,Male,Non-Hispanic Black,Former,22.3,115,114,113,114
110258,Both interviewed and MEC examined,70,Male,Other Race - Including Multi-Racial,Current,19.1,151,146,147,148
110264,Both interviewed and MEC examined,63,Male,Other Race - Including Multi-Racial,Former,25.1,168,167,181,172
110265,Both interviewed and MEC examined,42,Male,Mexican American,Former,25.9,141,142,141,141.33333333333334
110266,Both interviewed and MEC examined,29,Female,Non-Hispanic Black,Never,34.1,136,125,120,127
110270,Both interviewed and MEC examined,60,Male,Other Race - Including Multi-Racial,Never,41.5,116,119,125,120
110272,Both interviewed and MEC examined,45,Male,Mexican American,Former,27.2,114,121,116,117
110273,Both interviewed and MEC examined,75,Female,Non-Hispanic White,Never,35.2,137,137,140,138
110276,Both interviewed and MEC examined,46,Male,Non-Hispanic White,Never,26.3,118,120,117,118.33333333333333
110279,Both interviewed and MEC examined,70,Female,Other Race - Including Multi-Racial,Never,36.8,109,121,122,117.33333333333333
110286,Both interviewed and MEC examined,43,Male,Mexican American,Former,31,124,126,129,126.33333333333333
110287,Both interviewed and MEC examined,68,Male,Non-Hispanic White,Former,26.5,129,140,131,133.33333333333334
110289,Both interviewed and MEC examined,36,Male,Other Race - Including Multi-Racial,Former,34.8,119,107,113,113
110290,Both interviewed and MEC examined,63,Male,Non-Hispanic Asian,Current,16.4,NA,NA,NA,NA
110291,Both interviewed and MEC examined,64,Male,Non-Hispanic White,Never,30,141,143,144,142.66666666666666
110292,Both interviewed and MEC examined,79,Male,Non-Hispanic White,Former,27.8,NA,NA,NA,NA
110293,Both interviewed and MEC examined,21,Male,Mexican American,Current,24,114,119,123,118.66666666666667
110295,Both interviewed and MEC examined,77,Female,Non-Hispanic White,Never,24.8,167,159,159,161.66666666666666
110296,Both interviewed and MEC examined,48,Male,Non-Hispanic Black,Former,20.8,131,113,125,123
110302,Both interviewed and MEC examined,38,Female,Non-Hispanic Asian,Never,19.7,NA,NA,NA,NA
110304,Both interviewed and MEC examined,36,Male,Non-Hispanic Asian,Never,34.2,123,119,116,119.33333333333333
110306,Both interviewed and MEC examined,53,Female,Non-Hispanic Black,Current,61.7,139,137,142,139.33333333333334
110307,Both interviewed and MEC examined,27,Male,Non-Hispanic White,Current,23.6,119,118,117,118
110310,Both interviewed and MEC examined,74,Female,Other Hispanic,Never,34.6,141,141,139,140.33333333333334
110311,Both interviewed and MEC examined,79,Female,Non-Hispanic White,Never,22.3,112,118,108,112.66666666666667
110314,Both interviewed and MEC examined,37,Female,Non-Hispanic Black,Never,36.9,105,101,107,104.33333333333333
110317,Both interviewed and MEC examined,64,Female,Non-Hispanic Black,Never,26.3,119,118,120,119
110318,Both interviewed and MEC examined,61,Male,Non-Hispanic Black,Former,27.2,120,120,120,120
110319,Both interviewed and MEC examined,34,Female,Mexican American,Never,32.1,106,106,105,105.66666666666667
110321,Both interviewed and MEC examined,46,Male,Non-Hispanic White,Never,31.3,108,109,113,110
110322,Both interviewed and MEC examined,46,Male,Non-Hispanic White,Never,30.2,107,112,112,110.33333333333333
110323,Both interviewed and MEC examined,48,Female,Non-Hispanic White,Former,30.4,100,95,98,97.66666666666667
110326,Both interviewed and MEC examined,39,Male,Other Hispanic,Never,28.9,NA,NA,NA,NA
110328,Both interviewed and MEC examined,63,Male,Non-Hispanic White,Former,27.8,114,117,103,111.33333333333333
110332,Both interviewed and MEC examined,49,Female,Non-Hispanic Black,Former,46.2,127,117,128,124
110336,Both interviewed and MEC examined,61,Female,Non-Hispanic White,Never,25.4,137,128,120,128.33333333333334
110341,Both interviewed and MEC examined,49,Male,Other Race - Including Multi-Racial,Current,24.5,104,107,103,104.66666666666667
110342,Both interviewed and MEC examined,34,Female,Non-Hispanic Black,Never,31.9,136,138,132,135.33333333333334
110347,Both interviewed and MEC examined,32,Male,Non-Hispanic Asian,Never,30.3,117,118,124,119.66666666666667
110350,Both interviewed and MEC examined,67,Female,Mexican American,Never,35.7,122,127,132,127
110351,Both interviewed and MEC examined,49,Male,Non-Hispanic White,Never,29.1,143,142,143,142.66666666666666
110353,Both interviewed and MEC examined,71,Male,Other Race - Including Multi-Racial,Current,26.7,126,130,127,127.66666666666667
110356,Both interviewed and MEC examined,43,Male,Other Hispanic,Never,23.6,154,146,152,150.66666666666666
110359,Both interviewed and MEC examined,65,Female,Non-Hispanic Black,Never,36.1,148,150,159,152.33333333333334
110366,Both interviewed and MEC examined,61,Male,Non-Hispanic Black,Former,19.9,121,126,121,122.66666666666667
110372,Both interviewed and MEC examined,78,Male,Non-Hispanic White,Never,31.8,144,148,146,146
110374,Both interviewed and MEC examined,45,Female,Non-Hispanic Black,Current,49.7,119,119,119,119
110376,Both interviewed and MEC examined,37,Female,Mexican American,Current,23.9,115,113,112,113.33333333333333
110378,Both interviewed and MEC examined,44,Female,Mexican American,Never,49.1,117,121,120,119.33333333333333
110380,Both interviewed and MEC examined,21,Male,Non-Hispanic Black,Current,18.2,133,127,121,127
110381,Both interviewed and MEC examined,40,Female,Other Race - Including Multi-Racial,Current,42.8,111,107,111,109.66666666666667
110385,Both interviewed and MEC examined,36,Male,Non-Hispanic Black,Never,24.6,NA,NA,NA,NA
110386,Both interviewed and MEC examined,75,Female,Non-Hispanic White,Former,25.9,138,129,138,135
110387,Both interviewed and MEC examined,54,Male,Non-Hispanic Asian,Former,42.8,114,112,117,114.33333333333333
110389,Both interviewed and MEC examined,70,Male,Non-Hispanic White,Never,25.5,128,125,126,126.33333333333333
110390,Both interviewed and MEC examined,61,Male,Other Hispanic,Former,30.1,122,115,114,117
110391,Both interviewed and MEC examined,33,Female,Mexican American,Never,26.2,101,104,101,102
110394,Both interviewed and MEC examined,40,Male,Other Hispanic,Never,24.4,123,126,113,120.66666666666667
110396,Both interviewed and MEC examined,47,Male,Mexican American,Current,29,123,130,124,125.66666666666667
110397,Both interviewed and MEC examined,64,Male,Non-Hispanic Asian,Former,28.9,151,155,157,154.33333333333334
110399,Both interviewed and MEC examined,36,Male,Other Race - Including Multi-Racial,Current,18.1,136,137,122,131.66666666666666
110400,Both interviewed and MEC examined,44,Male,Other Hispanic,Current,37.2,126,125,130,127
110401,Both interviewed and MEC examined,48,Female,Mexican American,Current,34.5,NA,NA,NA,NA
110402,Both interviewed and MEC examined,50,Male,Non-Hispanic Black,Former,34.7,129,128,126,127.66666666666667
110405,Both interviewed and MEC examined,52,Male,Other Hispanic,Never,30.6,111,115,112,112.66666666666667
110406,Both interviewed and MEC examined,31,Female,Non-Hispanic Black,Never,51.9,93,93,92,92.66666666666667
110408,Both interviewed and MEC examined,35,Female,Non-Hispanic Black,Former,25.2,122,114,106,114
110409,Both interviewed and MEC examined,52,Female,Non-Hispanic White,Current,27.7,141,133,130,134.66666666666666
110410,Both interviewed and MEC examined,65,Female,Non-Hispanic Black,Current,31.5,99,105,106,103.33333333333333
110411,Both interviewed and MEC examined,39,Female,Non-Hispanic White,Never,45.1,109,105,104,106
110412,Both interviewed and MEC examined,74,Male,Mexican American,Never,25.7,116,123,112,117
110414,Both interviewed and MEC examined,28,Male,Non-Hispanic Black,Current,22.5,130,129,133,130.66666666666666
110415,Both interviewed and MEC examined,50,Male,Non-Hispanic Asian,Never,26.3,125,123,125,124.33333333333333
110417,Both interviewed and MEC examined,64,Female,Mexican American,Current,36.1,128,123,61,104
110418,Both interviewed and MEC examined,62,Female,Mexican American,Never,37.1,125,122,124,123.66666666666667
110419,Both interviewed and MEC examined,35,Female,Non-Hispanic Black,Never,31.7,103,102,103,102.66666666666667
110421,Both interviewed and MEC examined,74,Female,Non-Hispanic White,Former,33.5,141,137,136,138
110422,Both interviewed and MEC examined,47,Male,Non-Hispanic Black,Never,33.5,117,120,129,122
110425,Both interviewed and MEC examined,31,Female,Non-Hispanic Asian,Never,27.4,123,121,113,119
110426,Both interviewed and MEC examined,62,Male,Non-Hispanic White,Former,25.9,102,101,100,101
110427,Both interviewed and MEC examined,28,Female,Other Race - Including Multi-Racial,Current,33.6,100,102,98,100
110430,Both interviewed and MEC examined,46,Female,Non-Hispanic White,Never,29.5,100,101,105,102
110431,Both interviewed and MEC examined,65,Female,Non-Hispanic White,Never,21.4,116,122,118,118.66666666666667
110434,Both interviewed and MEC examined,53,Male,Mexican American,Former,42.3,169,163,156,162.66666666666666
110436,Both interviewed and MEC examined,42,Female,Non-Hispanic Asian,Never,20.7,115,114,116,115
110438,Both interviewed and MEC examined,61,Female,Other Race - Including Multi-Racial,Never,33.4,98,102,100,100
110441,Both interviewed and MEC examined,64,Male,Non-Hispanic Black,Never,34.8,155,145,155,151.66666666666666
110442,Both interviewed and MEC examined,38,Female,Other Hispanic,Never,28.4,113,113,114,113.33333333333333
110443,Both interviewed and MEC examined,71,Female,Non-Hispanic Asian,Current,19.2,130,133,139,134
110445,Both interviewed and MEC examined,34,Male,Non-Hispanic Black,Never,52.2,109,107,107,107.66666666666667
110446,Both interviewed and MEC examined,56,Male,Non-Hispanic White,Never,30.9,122,122,120,121.33333333333333
110449,Both interviewed and MEC examined,53,Female,Non-Hispanic White,Never,45.1,98,106,97,100.33333333333333
110450,Both interviewed and MEC examined,39,Male,Mexican American,Former,29.1,123,120,114,119
110451,Both interviewed and MEC examined,55,Male,Non-Hispanic White,Current,44.8,113,120,110,114.33333333333333
110453,Both interviewed and MEC examined,69,Female,Other Hispanic,Never,31.1,213,210,188,203.66666666666666
110454,Both interviewed and MEC examined,60,Female,Non-Hispanic White,Current,23.7,139,143,144,142
110457,Both interviewed and MEC examined,29,Male,Non-Hispanic White,Never,34.5,112,106,111,109.66666666666667
110458,Both interviewed and MEC examined,73,Female,Non-Hispanic Black,Former,NA,NA,NA,NA,NA
110460,Both interviewed and MEC examined,31,Female,Non-Hispanic White,Current,26.6,119,121,112,117.33333333333333
110461,Both interviewed and MEC examined,50,Male,Non-Hispanic White,Current,23.2,135,127,134,132
110463,Both interviewed and MEC examined,70,Male,Other Race - Including Multi-Racial,Current,NA,139,120,130,129.66666666666666
110464,Both interviewed and MEC examined,47,Female,Non-Hispanic White,Never,21.7,116,119,120,118.33333333333333
110465,Both interviewed and MEC examined,58,Female,Non-Hispanic Asian,Never,21.5,NA,NA,NA,NA
110467,Both interviewed and MEC examined,33,Female,Non-Hispanic Black,Never,33.1,111,120,107,112.66666666666667
110468,Both interviewed and MEC examined,62,Male,Other Race - Including Multi-Racial,Current,44.7,116,115,120,117
110473,Both interviewed and MEC examined,44,Male,Non-Hispanic Asian,Former,24.7,102,105,105,104
110474,Both interviewed and MEC examined,56,Female,Non-Hispanic Black,Never,33.8,123,125,121,123
110476,Both interviewed and MEC examined,22,Female,Other Race - Including Multi-Racial,Never,29,110,107,106,107.66666666666667
110477,Both interviewed and MEC examined,23,Male,Non-Hispanic Black,Never,29.1,108,107,107,107.33333333333333
110479,Both interviewed and MEC examined,69,Female,Non-Hispanic Black,Never,30.3,121,134,131,128.66666666666666
110482,Both interviewed and MEC examined,77,Male,Non-Hispanic White,Former,31.8,136,140,138,138
110488,Both interviewed and MEC examined,71,Male,Non-Hispanic Black,Former,37.9,146,141,144,143.66666666666666
110490,Both interviewed and MEC examined,23,Female,Other Hispanic,Never,16.1,110,104,106,106.66666666666667
110492,Both interviewed and MEC examined,39,Female,Non-Hispanic Black,Never,30.7,129,128,130,129
110493,Both interviewed and MEC examined,37,Female,Non-Hispanic Black,Never,37.6,112,116,116,114.66666666666667
110494,Both interviewed and MEC examined,49,Male,Non-Hispanic Black,Current,27.6,165,161,168,164.66666666666666
110495,Both interviewed and MEC examined,54,Female,Non-Hispanic White,Never,62.1,142,124,121,129
110496,Both interviewed and MEC examined,52,Female,Non-Hispanic White,Never,32,117,119,118,118
110498,Both interviewed and MEC examined,54,Female,Non-Hispanic Asian,Never,26.1,135,137,133,135
110503,Both interviewed and MEC examined,34,Female,Non-Hispanic White,Current,33.9,109,117,110,112
110506,Both interviewed and MEC examined,65,Male,Non-Hispanic White,Former,22.3,117,121,126,121.33333333333333
110508,Both interviewed and MEC examined,61,Female,Non-Hispanic Black,Never,25.2,131,128,136,131.66666666666666
110509,Both interviewed and MEC examined,60,Male,Non-Hispanic White,Former,26,137,137,134,136
110510,Both interviewed and MEC examined,59,Female,Non-Hispanic Black,Never,31.1,128,124,123,125
110511,Both interviewed and MEC examined,23,Female,Non-Hispanic Black,Never,43.3,99,100,97,98.66666666666667
110514,Both interviewed and MEC examined,64,Male,Non-Hispanic Black,Current,26,180,172,166,172.66666666666666
110515,Both interviewed and MEC examined,55,Female,Non-Hispanic White,Former,20.9,132,124,119,125
110518,Both interviewed and MEC examined,57,Female,Non-Hispanic White,Former,25.5,144,135,126,135
110520,Both interviewed and MEC examined,25,Male,Mexican American,Former,23.8,120,117,122,119.66666666666667
110522,Both interviewed and MEC examined,64,Male,Non-Hispanic Black,Former,33.8,179,151,164,164.66666666666666
110524,Both interviewed and MEC examined,58,Male,Non-Hispanic Black,Never,33.2,145,146,145,145.33333333333334
110526,Both interviewed and MEC examined,23,Male,Non-Hispanic White,Former,26.4,106,107,108,107
110527,Both interviewed and MEC examined,39,Female,Non-Hispanic Black,Never,38,101,104,103,102.66666666666667
110528,Both interviewed and MEC examined,39,Female,Non-Hispanic Black,Never,27.3,126,125,123,124.66666666666667
110529,Both interviewed and MEC examined,43,Female,Non-Hispanic Black,Never,44,118,123,127,122.66666666666667
110530,Both interviewed and MEC examined,46,Male,Non-Hispanic Black,Never,31.2,181,183,187,183.66666666666666
110531,Both interviewed and MEC examined,68,Female,Non-Hispanic Black,Never,36.9,171,164,101,145.33333333333334
110532,Both interviewed and MEC examined,57,Female,Non-Hispanic White,Never,37.3,139,143,150,144
110535,Both interviewed and MEC examined,36,Male,Non-Hispanic Black,Never,29.7,116,119,122,119
110538,Both interviewed and MEC examined,63,Female,Non-Hispanic Black,Never,56.1,131,133,140,134.66666666666666
110540,Both interviewed and MEC examined,28,Female,Non-Hispanic Asian,Never,24.3,101,103,100,101.33333333333333
110543,Both interviewed and MEC examined,27,Female,Non-Hispanic Asian,Never,20.6,102,111,60,91
110544,Both interviewed and MEC examined,61,Male,Non-Hispanic White,Former,29.8,115,118,123,118.66666666666667
110545,Both interviewed and MEC examined,37,Male,Non-Hispanic White,Never,42.9,128,124,125,125.66666666666667
110546,Both interviewed and MEC examined,40,Male,Non-Hispanic Asian,Never,27.7,NA,NA,NA,NA
110547,Both interviewed and MEC examined,40,Male,Non-Hispanic White,Former,27.5,114,109,115,112.66666666666667
110548,Both interviewed and MEC examined,55,Female,Mexican American,Current,36,191,199,199,196.33333333333334
110550,Both interviewed and MEC examined,39,Male,Mexican American,Former,32.8,113,117,120,116.66666666666667
110551,Both interviewed and MEC examined,47,Male,Other Hispanic,Never,27.4,120,122,124,122
110552,Both interviewed and MEC examined,34,Female,Mexican American,Former,33.5,110,103,105,106
110553,Both interviewed and MEC examined,24,Female,Non-Hispanic Asian,Never,22.8,112,116,114,114
110555,Both interviewed and MEC examined,49,Female,Non-Hispanic Black,Never,36.4,116,118,113,115.66666666666667
110557,Both interviewed and MEC examined,34,Male,Other Race - Including Multi-Racial,Current,20,NA,NA,NA,NA
110558,Both interviewed and MEC examined,61,Female,Non-Hispanic Black,Never,19.9,135,136,135,135.33333333333334
110560,Both interviewed and MEC examined,31,Male,Other Race - Including Multi-Racial,Current,31.4,135,131,134,133.33333333333334
110565,Both interviewed and MEC examined,27,Female,Non-Hispanic White,Never,23.6,133,137,116,128.66666666666666
110567,Both interviewed and MEC examined,34,Male,Non-Hispanic Black,Never,33.4,114,116,113,114.33333333333333
110571,Both interviewed and MEC examined,59,Female,Non-Hispanic Black,Never,24.7,126,127,127,126.66666666666667
110572,Both interviewed and MEC examined,39,Female,Other Hispanic,Never,37.6,NA,NA,NA,NA
110573,Both interviewed and MEC examined,61,Male,Non-Hispanic White,Former,24.1,149,146,145,146.66666666666666
110576,Both interviewed and MEC examined,37,Female,Non-Hispanic White,Never,29.7,110,107,109,108.66666666666667
110578,Both interviewed and MEC examined,66,Male,Non-Hispanic Black,Current,31.7,138,139,140,139
110579,Both interviewed and MEC examined,48,Male,Non-Hispanic Black,Former,37.5,129,129,137,131.66666666666666
110581,Both interviewed and MEC examined,40,Female,Non-Hispanic White,Never,38.8,109,110,110,109.66666666666667
110582,Both interviewed and MEC examined,41,Male,Non-Hispanic Asian,Never,30.8,128,122,127,125.66666666666667
110586,Both interviewed and MEC examined,69,Male,Non-Hispanic Black,Current,21.7,128,120,121,123
110588,Both interviewed and MEC examined,65,Female,Non-Hispanic Black,Current,31,109,107,111,109
110597,Both interviewed and MEC examined,57,Female,Other Race - Including Multi-Racial,Former,37.3,129,134,129,130.66666666666666
110602,Both interviewed and MEC examined,30,Female,Non-Hispanic Asian,Never,20,NA,NA,NA,NA
110603,Both interviewed and MEC examined,56,Male,Other Race - Including Multi-Racial,Current,24.3,148,157,146,150.33333333333334
110606,Both interviewed and MEC examined,33,Female,Non-Hispanic White,Never,39,96,98,96,96.66666666666667
110607,Both interviewed and MEC examined,58,Female,Non-Hispanic White,Former,31.8,NA,NA,NA,NA
110608,Both interviewed and MEC examined,60,Male,Other Hispanic,Never,42,194,197,191,194
110610,Both interviewed and MEC examined,29,Female,Other Hispanic,Never,42,102,101,101,101.33333333333333
110611,Both interviewed and MEC examined,67,Female,Non-Hispanic White,Former,28.7,130,130,140,133.33333333333334
110613,Both interviewed and MEC examined,53,Male,Non-Hispanic Asian,Never,24.8,115,111,113,113
110614,Both interviewed and MEC examined,44,Male,Mexican American,Former,27.8,120,123,123,122
110615,Both interviewed and MEC examined,75,Female,Non-Hispanic Black,Never,23.2,155,158,146,153
110617,Both interviewed and MEC examined,75,Male,Non-Hispanic White,Former,23.5,131,127,127,128.33333333333334
110621,Both interviewed and MEC examined,62,Male,Non-Hispanic White,Never,27.5,147,152,148,149
110622,Both interviewed and MEC examined,66,Male,Non-Hispanic Asian,Never,24.6,NA,NA,NA,NA
110624,Both interviewed and MEC examined,43,Male,Non-Hispanic Asian,Never,27.3,120,114,122,118.66666666666667
110625,Both interviewed and MEC examined,78,Female,Non-Hispanic White,Never,36.6,144,138,133,138.33333333333334
110626,Both interviewed and MEC examined,33,Female,Mexican American,Never,35.7,111,105,100,105.33333333333333
110627,Both interviewed and MEC examined,31,Male,Other Hispanic,Current,28.1,105,107,112,108
110628,Both interviewed and MEC examined,63,Female,Non-Hispanic White,Never,24.6,130,142,133,135
110631,Both interviewed and MEC examined,55,Female,Non-Hispanic White,Never,28.2,112,115,106,111
110636,Both interviewed and MEC examined,56,Female,Other Hispanic,Current,43.9,NA,NA,NA,NA
110637,Both interviewed and MEC examined,49,Female,Non-Hispanic White,Never,56.5,113,119,118,116.66666666666667
110638,Both interviewed and MEC examined,60,Male,Mexican American,Former,56.3,136,143,137,138.66666666666666
110639,Both interviewed and MEC examined,52,Male,Non-Hispanic White,Former,32.6,128,127,128,127.66666666666667
110640,Both interviewed and MEC examined,59,Female,Non-Hispanic White,Former,32.2,139,142,140,140.33333333333334
110645,Both interviewed and MEC examined,43,Female,Non-Hispanic Black,Current,41.5,106,105,111,107.33333333333333
110650,Both interviewed and MEC examined,22,Male,Non-Hispanic Black,Former,19.3,NA,NA,NA,NA
110651,Both interviewed and MEC examined,63,Male,Non-Hispanic Black,Current,26.1,103,103,105,103.66666666666667
110653,Both interviewed and MEC examined,38,Male,Non-Hispanic Black,Current,20.3,119,109,116,114.66666666666667
110655,Both interviewed and MEC examined,39,Male,Non-Hispanic White,Never,41.3,109,103,105,105.66666666666667
110657,Both interviewed and MEC examined,28,Male,Non-Hispanic Black,Current,22.8,118,115,120,117.66666666666667
110658,Both interviewed and MEC examined,61,Female,Non-Hispanic Black,Former,29.1,NA,NA,NA,NA
110661,Both interviewed and MEC examined,47,Male,Non-Hispanic White,Never,52.3,132,133,129,131.33333333333334
110662,Both interviewed and MEC examined,76,Female,Non-Hispanic White,Former,33.5,141,139,135,138.33333333333334
110663,Both interviewed and MEC examined,59,Male,Non-Hispanic White,Current,29.9,138,149,136,141
110664,Both interviewed and MEC examined,48,Male,Non-Hispanic Asian,Never,28.4,NA,NA,NA,NA
110665,Both interviewed and MEC examined,58,Female,Other Hispanic,Never,35.8,112,111,109,110.66666666666667
110669,Both interviewed and MEC examined,30,Male,Non-Hispanic Black,Current,36.3,96,99,100,98.33333333333333
110673,Both interviewed and MEC examined,69,Male,Non-Hispanic Black,Former,38.1,129,138,122,129.66666666666666
110674,Both interviewed and MEC examined,44,Male,Other Race - Including Multi-Racial,Former,35.4,131,122,131,128
110678,Both interviewed and MEC examined,36,Male,Non-Hispanic White,Current,19.3,131,128,126,128.33333333333334
110681,Both interviewed and MEC examined,28,Male,Non-Hispanic White,Current,20.6,124,115,118,119
110682,Both interviewed and MEC examined,54,Male,Non-Hispanic Black,Never,25.8,170,165,174,169.66666666666666
110683,Both interviewed and MEC examined,56,Male,Non-Hispanic White,Never,NA,NA,NA,NA,NA
110684,Both interviewed and MEC examined,23,Female,Non-Hispanic Black,Former,23.6,114,115,78,102.33333333333333
110686,Both interviewed and MEC examined,38,Male,Non-Hispanic Black,Never,22.2,101,102,100,101
110687,Both interviewed and MEC examined,61,Male,Non-Hispanic Black,Never,39.5,146,141,141,142.66666666666666
110688,Both interviewed and MEC examined,34,Female,Non-Hispanic Asian,Never,18.7,113,118,113,114.66666666666667
110690,Both interviewed and MEC examined,52,Male,Non-Hispanic Black,Current,23.5,130,135,127,130.66666666666666
110692,Both interviewed and MEC examined,27,Male,Other Race - Including Multi-Racial,Current,18.9,124,133,124,127
110698,Both interviewed and MEC examined,67,Female,Non-Hispanic Black,Never,30.2,185,188,172,181.66666666666666
110699,Both interviewed and MEC examined,56,Female,Non-Hispanic Black,Never,39.9,105,114,106,108.33333333333333
110700,Both interviewed and MEC examined,68,Male,Non-Hispanic Black,Never,28.7,136,135,137,136
110702,Both interviewed and MEC examined,39,Male,Non-Hispanic Black,Never,31,126,127,121,124.66666666666667
110703,Both interviewed and MEC examined,78,Male,Non-Hispanic Black,Former,25.5,168,155,155,159.33333333333334
110704,Both interviewed and MEC examined,63,Male,Non-Hispanic Black,Current,24.1,106,105,108,106.33333333333333
110705,Both interviewed and MEC examined,40,Male,Non-Hispanic Asian,Former,23.5,116,114,114,114.66666666666667
110706,Both interviewed and MEC examined,51,Male,Other Hispanic,Current,27.3,128,122,121,123.66666666666667
110709,Both interviewed and MEC examined,70,Male,Non-Hispanic White,Former,34.3,114,116,114,114.66666666666667
110710,Both interviewed and MEC examined,69,Male,Non-Hispanic Black,Never,26.7,137,130,130,132.33333333333334
110711,Both interviewed and MEC examined,40,Female,Mexican American,Never,32.7,102,102,99,101
110712,Both interviewed and MEC examined,59,Female,Mexican American,Never,25.9,119,127,125,123.66666666666667
110713,Both interviewed and MEC examined,26,Female,Non-Hispanic Asian,Never,22.3,98,99,98,98.33333333333333
110714,Both interviewed and MEC examined,67,Female,Non-Hispanic Asian,Never,27,181,175,171,175.66666666666666
110715,Both interviewed and MEC examined,55,Male,Non-Hispanic Asian,Never,22.5,116,132,119,122.33333333333333
110716,Both interviewed and MEC examined,55,Female,Non-Hispanic Asian,Never,28.3,120,118,136,124.66666666666667
110717,Both interviewed and MEC examined,61,Female,Non-Hispanic Black,Current,18.8,133,121,130,128
110718,Both interviewed and MEC examined,32,Male,Non-Hispanic Black,Never,45,145,142,151,146
110722,Both interviewed and MEC examined,25,Male,Mexican American,Never,47.6,98,99,100,99
110723,Both interviewed and MEC examined,73,Male,Other Race - Including Multi-Racial,Current,24.5,185,178,188,183.66666666666666
110724,Both interviewed and MEC examined,36,Female,Non-Hispanic Asian,Never,25.2,NA,NA,NA,NA
110726,Both interviewed and MEC examined,62,Male,Non-Hispanic Black,Current,25.4,106,111,112,109.66666666666667
110728,Both interviewed and MEC examined,72,Male,Non-Hispanic White,Never,28.4,117,118,131,122
110730,Both interviewed and MEC examined,29,Female,Non-Hispanic White,Never,22.2,95,100,96,97
110736,Both interviewed and MEC examined,49,Female,Mexican American,Current,31,101,101,104,102
110737,Both interviewed and MEC examined,77,Male,Non-Hispanic White,Former,38.3,93,76,80,83
110739,Both interviewed and MEC examined,40,Female,Non-Hispanic White,Current,26.3,102,106,101,103
110742,Both interviewed and MEC examined,55,Male,Non-Hispanic Asian,Never,22.6,130,126,134,130
110748,Both interviewed and MEC examined,24,Female,Non-Hispanic Black,Never,20.3,93,94,96,94.33333333333333
110750,Both interviewed and MEC examined,52,Male,Other Hispanic,Never,31.5,143,146,141,143.33333333333334
110751,Both interviewed and MEC examined,69,Female,Non-Hispanic White,Former,41.4,127,137,129,131
110752,Both interviewed and MEC examined,28,Male,Non-Hispanic White,Never,31.6,126,126,134,128.66666666666666
110753,Both interviewed and MEC examined,36,Male,Other Hispanic,Never,29.4,115,123,122,120
110757,Both interviewed and MEC examined,45,Male,Non-Hispanic White,Current,58,109,104,109,107.33333333333333
110759,Both interviewed and MEC examined,54,Male,Non-Hispanic Black,Never,37.9,155,151,154,153.33333333333334
110760,Both interviewed and MEC examined,28,Male,Mexican American,Former,31.3,119,120,123,120.66666666666667
110762,Both interviewed and MEC examined,66,Male,Non-Hispanic White,Never,41.1,132,131,131,131.33333333333334
110763,Both interviewed and MEC examined,71,Male,Non-Hispanic White,Never,36.9,153,142,151,148.66666666666666
110765,Both interviewed and MEC examined,59,Female,Non-Hispanic Black,Never,31,134,131,131,132
110770,Both interviewed and MEC examined,67,Male,Non-Hispanic Asian,Former,24.1,119,121,126,122
110771,Both interviewed and MEC examined,34,Female,Non-Hispanic Black,Never,30.8,110,107,105,107.33333333333333
110775,Both interviewed and MEC examined,71,Male,Other Hispanic,Former,33.4,130,131,130,130.33333333333334
110776,Both interviewed and MEC examined,62,Female,Non-Hispanic Asian,Never,23.8,144,143,134,140.33333333333334
110777,Both interviewed and MEC examined,69,Female,Non-Hispanic Black,Never,30.4,136,132,131,133
110779,Both interviewed and MEC examined,70,Female,Non-Hispanic White,Never,24.3,130,122,126,126
110780,Both interviewed and MEC examined,37,Female,Non-Hispanic Black,Current,34.6,112,118,119,116.33333333333333
110781,Both interviewed and MEC examined,62,Male,Non-Hispanic White,Never,35.3,128,118,108,118
110784,Both interviewed and MEC examined,32,Female,Non-Hispanic Black,Never,25.3,115,115,116,115.33333333333333
110785,Both interviewed and MEC examined,26,Male,Non-Hispanic Asian,Never,42.3,NA,NA,NA,NA
110789,Both interviewed and MEC examined,36,Female,Mexican American,Never,32.9,92,88,93,91
110791,Both interviewed and MEC examined,56,Female,Non-Hispanic Asian,Never,24.5,130,134,130,131.33333333333334
110792,Both interviewed and MEC examined,44,Female,Non-Hispanic Asian,Never,19.4,109,115,107,110.33333333333333
110794,Both interviewed and MEC examined,58,Female,Other Hispanic,Never,44.6,NA,NA,NA,NA
110795,Both interviewed and MEC examined,47,Female,Non-Hispanic Black,Current,38.5,123,130,133,128.66666666666666
110796,Both interviewed and MEC examined,50,Female,Mexican American,Never,33.1,115,117,117,116.33333333333333
110798,Both interviewed and MEC examined,25,Male,Other Race - Including Multi-Racial,Never,23.1,NA,NA,NA,NA
110800,Both interviewed and MEC examined,22,Male,Non-Hispanic White,Former,25.3,116,124,119,119.66666666666667
110805,Both interviewed and MEC examined,64,Female,Mexican American,Never,27.8,NA,NA,NA,NA
110806,Both interviewed and MEC examined,53,Female,Non-Hispanic White,Former,37.6,135,140,139,138
110807,Both interviewed and MEC examined,77,Female,Other Race - Including Multi-Racial,Never,NA,NA,NA,NA,NA
110810,Both interviewed and MEC examined,70,Male,Non-Hispanic Black,Former,35.6,111,120,107,112.66666666666667
110811,Both interviewed and MEC examined,45,Female,Other Hispanic,Never,27.2,118,117,122,119
110813,Both interviewed and MEC examined,66,Male,Non-Hispanic Black,Former,34.7,120,114,122,118.66666666666667
110814,Both interviewed and MEC examined,21,Male,Non-Hispanic White,Never,42.5,111,101,108,106.66666666666667
110816,Both interviewed and MEC examined,29,Female,Non-Hispanic Black,Current,30.7,127,113,124,121.33333333333333
110819,Both interviewed and MEC examined,35,Female,Mexican American,Never,27.1,NA,NA,NA,NA
110820,Both interviewed and MEC examined,63,Male,Mexican American,Former,34.3,160,150,170,160
110821,Both interviewed and MEC examined,79,Female,Non-Hispanic White,Former,31.9,134,139,145,139.33333333333334
110822,Both interviewed and MEC examined,73,Male,Non-Hispanic White,Never,25.7,151,150,145,148.66666666666666
110824,Both interviewed and MEC examined,37,Female,Non-Hispanic Black,Former,32.7,90,101,96,95.66666666666667
110826,Both interviewed and MEC examined,26,Female,Mexican American,Never,34.9,NA,NA,NA,NA
110830,Both interviewed and MEC examined,33,Male,Non-Hispanic Black,Never,26.9,109,106,108,107.66666666666667
110831,Both interviewed and MEC examined,67,Male,Non-Hispanic Black,Former,26.1,NA,NA,NA,NA
110833,Both interviewed and MEC examined,68,Female,Non-Hispanic White,Former,25.7,107,101,104,104
110834,Both interviewed and MEC examined,72,Male,Non-Hispanic White,Former,49.7,108,96,95,99.66666666666667
110835,Both interviewed and MEC examined,50,Female,Non-Hispanic Black,Never,34.2,115,114,116,115
110836,Both interviewed and MEC examined,45,Male,Non-Hispanic Black,Never,41.9,140,139,141,140
110841,Both interviewed and MEC examined,54,Male,Non-Hispanic White,Former,44.4,115,112,120,115.66666666666667
110842,Both interviewed and MEC examined,51,Male,Non-Hispanic Asian,Never,21.4,131,131,124,128.66666666666666
110849,Both interviewed and MEC examined,79,Male,Other Race - Including Multi-Racial,Current,29.5,120,118,109,115.66666666666667
110851,Both interviewed and MEC examined,26,Female,Non-Hispanic White,Current,18,111,108,106,108.33333333333333
110852,Both interviewed and MEC examined,61,Male,Non-Hispanic Black,Former,33.1,177,163,148,162.66666666666666
110853,Both interviewed and MEC examined,42,Male,Other Hispanic,Never,26.7,148,155,147,150
110854,Both interviewed and MEC examined,38,Male,Other Race - Including Multi-Racial,Current,23.2,142,136,129,135.66666666666666
110857,Both interviewed and MEC examined,40,Male,Non-Hispanic Asian,Never,27.4,126,122,116,121.33333333333333
110859,Both interviewed and MEC examined,65,Male,Non-Hispanic Black,Former,39.4,146,136,134,138.66666666666666
110861,Both interviewed and MEC examined,67,Female,Mexican American,Never,25,145,154,141,146.66666666666666
110862,Both interviewed and MEC examined,26,Male,Other Race - Including Multi-Racial,Current,22.5,123,123,121,122.33333333333333
110865,Both interviewed and MEC examined,24,Male,Non-Hispanic White,Current,25.5,118,119,121,119.33333333333333
110868,Both interviewed and MEC examined,40,Male,Non-Hispanic Black,Never,37.5,135,138,140,137.66666666666666
110870,Both interviewed and MEC examined,78,Male,Mexican American,Never,27.4,217,215,210,214
110872,Both interviewed and MEC examined,51,Female,Non-Hispanic Asian,Never,23.7,123,124,120,122.33333333333333
110875,Both interviewed and MEC examined,63,Male,Non-Hispanic White,Never,25.2,127,134,NA,130.5
110876,Both interviewed and MEC examined,56,Male,Other Hispanic,Never,30.7,145,147,134,142
110879,Both interviewed and MEC examined,50,Male,Non-Hispanic Black,Current,25.6,130,132,139,133.66666666666666
110881,Both interviewed and MEC examined,29,Female,Non-Hispanic White,Current,29.1,100,96,97,97.66666666666667
110882,Both interviewed and MEC examined,70,Male,Non-Hispanic Black,Current,25.1,NA,NA,NA,NA
110884,Both interviewed and MEC examined,79,Male,Non-Hispanic White,Former,23.7,151,147,163,153.66666666666666
110886,Both interviewed and MEC examined,64,Male,Non-Hispanic White,Never,32,122,123,123,122.66666666666667
110888,Both interviewed and MEC examined,68,Female,Non-Hispanic Black,Former,35.2,181,179,170,176.66666666666666
110889,Both interviewed and MEC examined,71,Female,Non-Hispanic Black,Never,29.8,112,106,118,112
110890,Both interviewed and MEC examined,41,Female,Non-Hispanic Black,Never,26.4,105,109,106,106.66666666666667
110891,Both interviewed and MEC examined,71,Female,Non-Hispanic White,Never,30.8,162,147,139,149.33333333333334
110894,Both interviewed and MEC examined,50,Female,Non-Hispanic Black,Never,39.2,111,108,105,108
110897,Both interviewed and MEC examined,50,Male,Non-Hispanic Asian,Former,27.4,118,126,125,123
110898,Both interviewed and MEC examined,41,Male,Non-Hispanic Asian,Never,34.6,109,108,114,110.33333333333333
110899,Both interviewed and MEC examined,29,Female,Non-Hispanic White,Never,34.5,105,111,112,109.33333333333333
110900,Both interviewed and MEC examined,62,Female,Other Hispanic,Former,37.9,127,115,118,120
110904,Both interviewed and MEC examined,26,Male,Mexican American,Former,31.9,NA,NA,NA,NA
110905,Both interviewed and MEC examined,42,Female,Non-Hispanic White,Current,22.9,105,105,102,104
110906,Both interviewed and MEC examined,66,Female,Non-Hispanic Asian,Never,25.3,121,125,124,123.33333333333333
110908,Both interviewed and MEC examined,31,Male,Other Race - Including Multi-Racial,Former,27.1,138,145,138,140.33333333333334
110909,Both interviewed and MEC examined,61,Female,Non-Hispanic Black,Never,30.9,120,120,122,120.66666666666667
110910,Both interviewed and MEC examined,46,Male,Non-Hispanic White,Never,25.9,142,141,141,141.33333333333334
110916,Both interviewed and MEC examined,33,Female,Mexican American,Current,23,113,118,114,115
110917,Both interviewed and MEC examined,47,Male,Non-Hispanic Black,Current,23.9,128,132,124,128
110918,Both interviewed and MEC examined,65,Male,Non-Hispanic Black,Current,27.6,168,164,174,168.66666666666666
110920,Both interviewed and MEC examined,67,Female,Mexican American,Never,35.6,159,148,158,155
110921,Both interviewed and MEC examined,33,Female,Non-Hispanic White,Never,25.2,110,111,112,111
110924,Both interviewed and MEC examined,64,Male,Non-Hispanic Black,Current,23.7,196,194,185,191.66666666666666
110934,Both interviewed and MEC examined,27,Male,Non-Hispanic Asian,Former,30.9,115,121,117,117.66666666666667
110935,Both interviewed and MEC examined,61,Male,Other Hispanic,Former,37.5,129,131,123,127.66666666666667
110939,Both interviewed and MEC examined,31,Female,Other Hispanic,Current,18.9,106,110,113,109.66666666666667
110940,Both interviewed and MEC examined,55,Female,Non-Hispanic Black,Current,38.1,93,92,92,92.33333333333333
110941,Both interviewed and MEC examined,59,Female,Non-Hispanic White,Current,29.6,131,121,120,124
110942,Both interviewed and MEC examined,68,Female,Non-Hispanic Black,Current,25.3,118,115,119,117.33333333333333
110944,Both interviewed and MEC examined,73,Male,Non-Hispanic White,Former,34,133,138,133,134.66666666666666
110947,Both interviewed and MEC examined,30,Female,Other Race - Including Multi-Racial,Current,21.1,96,93,97,95.33333333333333
110949,Both interviewed and MEC examined,26,Female,Non-Hispanic Asian,Never,25,92,88,91,90.33333333333333
110950,Both interviewed and MEC examined,57,Male,Non-Hispanic White,Never,32.8,103,109,113,108.33333333333333
110953,Both interviewed and MEC examined,64,Female,Non-Hispanic Asian,Never,25.8,117,120,131,122.66666666666667
110954,Both interviewed and MEC examined,24,Female,Non-Hispanic Black,Never,19.7,95,101,100,98.66666666666667
110956,Both interviewed and MEC examined,76,Female,Non-Hispanic White,Never,40.2,133,140,138,137
110957,Both interviewed and MEC examined,31,Male,Non-Hispanic Asian,Never,26.3,115,117,116,116
110958,Both interviewed and MEC examined,51,Male,Non-Hispanic Black,Current,18.1,118,113,108,113
110959,Both interviewed and MEC examined,63,Male,Non-Hispanic Black,Never,40.8,144,135,137,138.66666666666666
110961,Both interviewed and MEC examined,60,Male,Non-Hispanic Asian,Never,33,129,126,117,124
110966,Both interviewed and MEC examined,29,Female,Non-Hispanic White,Never,25.2,113,114,115,114
110971,Both interviewed and MEC examined,68,Male,Other Hispanic,Former,35.1,124,115,114,117.66666666666667
110973,Both interviewed and MEC examined,72,Female,Non-Hispanic White,Never,27.6,NA,NA,NA,NA
110975,Both interviewed and MEC examined,58,Female,Non-Hispanic Asian,Never,28,153,155,149,152.33333333333334
110976,Both interviewed and MEC examined,22,Female,Non-Hispanic Black,Current,35.3,NA,NA,NA,NA
110977,Both interviewed and MEC examined,41,Male,Mexican American,Never,36.8,126,130,130,128.66666666666666
110979,Both interviewed and MEC examined,51,Male,Non-Hispanic Asian,Never,29.1,145,145,140,143.33333333333334
110981,Both interviewed and MEC examined,39,Female,Non-Hispanic White,Current,35.7,114,108,113,111.66666666666667
110984,Both interviewed and MEC examined,44,Female,Non-Hispanic White,Never,30.3,127,131,130,129.33333333333334
110985,Both interviewed and MEC examined,25,Male,Non-Hispanic White,Never,32.6,104,102,103,103
110986,Both interviewed and MEC examined,68,Female,Non-Hispanic White,Never,42.8,115,119,118,117.33333333333333
110987,Both interviewed and MEC examined,51,Male,Non-Hispanic Black,Never,21.8,110,114,116,113.33333333333333
110990,Both interviewed and MEC examined,71,Male,Non-Hispanic White,Former,33.4,130,125,128,127.66666666666667
110991,Both interviewed and MEC examined,66,Male,Non-Hispanic White,Never,32.3,124,125,117,122
110993,Both interviewed and MEC examined,60,Male,Non-Hispanic White,Current,26.4,146,152,154,150.66666666666666
110995,Both interviewed and MEC examined,28,Female,Non-Hispanic White,Former,21.3,112,106,108,108.66666666666667
110996,Both interviewed and MEC examined,70,Male,Non-Hispanic Black,Former,30,129,121,127,125.66666666666667
110997,Both interviewed and MEC examined,40,Male,Non-Hispanic White,Never,36.1,137,124,137,132.66666666666666
110998,Both interviewed and MEC examined,25,Female,Non-Hispanic White,Never,31.6,107,110,105,107.33333333333333
110999,Both interviewed and MEC examined,25,Female,Other Race - Including Multi-Racial,Never,22.6,112,110,110,110.66666666666667
111002,Both interviewed and MEC examined,79,Female,Non-Hispanic Black,Never,21.6,173,170,166,169.66666666666666
111003,Both interviewed and MEC examined,23,Female,Non-Hispanic White,Never,18.4,107,108,105,106.66666666666667
111006,Both interviewed and MEC examined,64,Male,Non-Hispanic Black,Never,32.3,144,141,143,142.66666666666666
111007,Both interviewed and MEC examined,26,Male,Non-Hispanic White,Former,22,123,112,115,116.66666666666667
111011,Both interviewed and MEC examined,47,Female,Mexican American,Never,29.9,107,106,110,107.66666666666667
111012,Both interviewed and MEC examined,65,Female,Non-Hispanic Asian,Current,25.8,NA,NA,NA,NA
111014,Both interviewed and MEC examined,54,Female,Other Race - Including Multi-Racial,Never,52.9,141,142,141,141.33333333333334
111021,Both interviewed and MEC examined,69,Male,Mexican American,Former,27,164,172,164,166.66666666666666
111023,Both interviewed and MEC examined,61,Female,Non-Hispanic White,Current,39,129,134,127,130
111027,Both interviewed and MEC examined,21,Male,Non-Hispanic Black,Current,19.8,128,137,125,130
111030,Both interviewed and MEC examined,69,Female,Non-Hispanic White,Former,25.2,158,174,172,168
111031,Both interviewed and MEC examined,30,Male,Non-Hispanic Asian,Never,27.1,116,114,128,119.33333333333333
111032,Both interviewed and MEC examined,47,Female,Non-Hispanic White,Never,44,136,129,123,129.33333333333334
111036,Both interviewed and MEC examined,75,Male,Non-Hispanic White,Former,33.8,107,109,101,105.66666666666667
111037,Both interviewed and MEC examined,34,Male,Non-Hispanic White,Former,23.4,120,115,130,121.66666666666667
111039,Both interviewed and MEC examined,44,Female,Non-Hispanic Asian,Never,22.3,NA,NA,NA,NA
111040,Both interviewed and MEC examined,48,Female,Non-Hispanic Black,Never,27.8,116,112,113,113.66666666666667
111042,Both interviewed and MEC examined,41,Male,Non-Hispanic White,Current,38.7,NA,NA,NA,NA
111043,Both interviewed and MEC examined,77,Male,Non-Hispanic Asian,Never,21.8,136,137,136,136.33333333333334
111045,Both interviewed and MEC examined,38,Male,Mexican American,Never,28.6,105,104,102,103.66666666666667
111046,Both interviewed and MEC examined,50,Female,Non-Hispanic Black,Current,43.3,NA,NA,NA,NA
111047,Both interviewed and MEC examined,74,Female,Mexican American,Never,23.8,143,137,134,138
111050,Both interviewed and MEC examined,46,Male,Non-Hispanic Asian,Current,27.6,132,135,129,132
111051,Both interviewed and MEC examined,23,Female,Non-Hispanic White,Never,22.1,112,126,117,118.33333333333333
111053,Both interviewed and MEC examined,64,Female,Other Race - Including Multi-Racial,Current,19,NA,NA,NA,NA
111054,Both interviewed and MEC examined,64,Male,Other Hispanic,Never,26.1,137,138,134,136.33333333333334
111058,Both interviewed and MEC examined,32,Female,Mexican American,Never,41.6,103,101,100,101.33333333333333
111060,Both interviewed and MEC examined,23,Female,Non-Hispanic Black,Never,35,104,109,88,100.33333333333333
111062,Both interviewed and MEC examined,55,Male,Other Race - Including Multi-Racial,Never,24.9,116,122,124,120.66666666666667
111063,Both interviewed and MEC examined,60,Female,Other Hispanic,Never,22.5,124,122,112,119.33333333333333
111064,Both interviewed and MEC examined,45,Male,Non-Hispanic White,Never,34.1,137,127,128,130.66666666666666
111065,Both interviewed and MEC examined,48,Female,Mexican American,Former,50.3,NA,NA,NA,NA
111068,Both interviewed and MEC examined,29,Male,Non-Hispanic White,Never,23.2,132,122,123,125.66666666666667
111069,Both interviewed and MEC examined,42,Male,Non-Hispanic Black,Former,21.5,124,112,114,116.66666666666667
111071,Both interviewed and MEC examined,22,Male,Mexican American,Never,35.9,113,119,113,115
111075,Both interviewed and MEC examined,51,Male,Non-Hispanic Black,Never,29.1,NA,NA,NA,NA
111077,Both interviewed and MEC examined,67,Female,Mexican American,Former,27.9,176,170,174,173.33333333333334
111078,Both interviewed and MEC examined,67,Female,Non-Hispanic White,Never,23.3,121,115,119,118.33333333333333
111079,Both interviewed and MEC examined,31,Female,Non-Hispanic Asian,Never,21.2,89,80,90,86.33333333333333
111081,Both interviewed and MEC examined,67,Male,Non-Hispanic Black,Current,21,165,172,161,166
111083,Both interviewed and MEC examined,28,Male,Other Hispanic,Former,31,124,121,121,122
111085,Both interviewed and MEC examined,22,Female,Non-Hispanic Black,Never,27.9,90,93,95,92.66666666666667
111088,Both interviewed and MEC examined,38,Male,Non-Hispanic Black,Never,37.1,132,134,135,133.66666666666666
111089,Both interviewed and MEC examined,39,Female,Non-Hispanic Black,Never,24.5,98,99,96,97.66666666666667
111092,Both interviewed and MEC examined,66,Female,Non-Hispanic White,Former,39.3,119,115,112,115.33333333333333
111094,Both interviewed and MEC examined,35,Male,Non-Hispanic Black,Never,86.2,NA,NA,NA,NA
111095,Both interviewed and MEC examined,65,Female,Non-Hispanic Black,Never,26.5,146,141,138,141.66666666666666
111096,Both interviewed and MEC examined,32,Female,Non-Hispanic Black,Current,23,126,129,127,127.33333333333333
111097,Both interviewed and MEC examined,77,Male,Non-Hispanic White,Former,26.1,131,120,125,125.33333333333333
111098,Both interviewed and MEC examined,45,Male,Non-Hispanic White,Never,30.5,112,106,114,110.66666666666667
111102,Both interviewed and MEC examined,67,Male,Non-Hispanic Black,Never,33.2,141,149,145,145
111105,Both interviewed and MEC examined,66,Male,Other Race - Including Multi-Racial,Former,33.2,123,120,120,121
111107,Both interviewed and MEC examined,31,Female,Non-Hispanic Black,Current,36.8,130,122,125,125.66666666666667
111109,Both interviewed and MEC examined,49,Male,Mexican American,Never,31.9,NA,NA,NA,NA
111110,Both interviewed and MEC examined,45,Female,Non-Hispanic White,Never,42.6,138,132,146,138.66666666666666
111112,Both interviewed and MEC examined,45,Male,Non-Hispanic Asian,Never,21.8,129,128,129,128.66666666666666
111117,Both interviewed and MEC examined,60,Female,Other Race - Including Multi-Racial,Former,45,107,101,90,99.33333333333333
111118,Both interviewed and MEC examined,28,Female,Non-Hispanic White,Never,22.2,108,106,107,107
111120,Both interviewed and MEC examined,50,Male,Mexican American,Former,30.4,NA,NA,NA,NA
111122,Both interviewed and MEC examined,29,Male,Other Hispanic,Never,31.5,113,109,110,110.66666666666667
111124,Both interviewed and MEC examined,24,Female,Non-Hispanic White,Never,21,95,97,96,96
111126,Both interviewed and MEC examined,26,Female,Non-Hispanic Black,Current,27.9,166,178,173,172.33333333333334
111130,Both interviewed and MEC examined,34,Male,Non-Hispanic White,Current,32.5,124,114,117,118.33333333333333
111133,Both interviewed and MEC examined,48,Female,Non-Hispanic Black,Former,30.3,121,131,120,124
111134,Both interviewed and MEC examined,27,Male,Non-Hispanic White,Former,44.2,116,115,114,115
111135,Both interviewed and MEC examined,38,Male,Mexican American,Never,27.4,128,127,126,127
111138,Both interviewed and MEC examined,57,Female,Non-Hispanic White,Current,74.8,118,120,111,116.33333333333333
111139,Both interviewed and MEC examined,48,Male,Non-Hispanic Asian,Current,23.7,124,125,121,123.33333333333333
111145,Both interviewed and MEC examined,46,Male,Mexican American,Never,27,111,109,107,109
111149,Both interviewed and MEC examined,43,Female,Non-Hispanic Black,Never,29.3,174,173,162,169.66666666666666
111152,Both interviewed and MEC examined,31,Female,Non-Hispanic Black,Never,53.2,105,93,94,97.33333333333333
111153,Both interviewed and MEC examined,32,Female,Non-Hispanic Black,Never,37.2,110,109,110,109.66666666666667
111154,Both interviewed and MEC examined,26,Female,Non-Hispanic Black,Never,33.1,109,106,106,107
111155,Both interviewed and MEC examined,45,Female,Non-Hispanic Black,Never,40.2,NA,NA,NA,NA
111159,Both interviewed and MEC examined,60,Female,Non-Hispanic Black,Never,27.9,137,140,145,140.66666666666666
111160,Both interviewed and MEC examined,49,Male,Non-Hispanic Black,Current,42.1,82,86,82,83.33333333333333
111162,Both interviewed and MEC examined,43,Female,Non-Hispanic Black,Current,23.6,125,125,123,124.33333333333333
111163,Both interviewed and MEC examined,22,Male,Non-Hispanic White,Never,30.1,113,114,113,113.33333333333333
111164,Both interviewed and MEC examined,64,Male,Mexican American,Former,29.9,NA,NA,NA,NA
111165,Both interviewed and MEC examined,40,Male,Non-Hispanic White,Former,25.5,122,122,121,121.66666666666667
111168,Both interviewed and MEC examined,44,Female,Non-Hispanic White,Never,19.1,138,121,123,127.33333333333333
111169,Both interviewed and MEC examined,26,Male,Non-Hispanic Black,Never,44.4,NA,NA,NA,NA
111171,Both interviewed and MEC examined,35,Female,Non-Hispanic White,Former,26.3,124,106,127,119
111173,Both interviewed and MEC examined,58,Female,Non-Hispanic White,Former,20,136,133,133,134
111175,Both interviewed and MEC examined,46,Female,Other Hispanic,Never,29.1,121,115,118,118
111177,Both interviewed and MEC examined,62,Female,Other Hispanic,Never,26.6,111,108,107,108.66666666666667
111178,Both interviewed and MEC examined,74,Female,Non-Hispanic White,Never,31.2,129,128,125,127.33333333333333
111183,Both interviewed and MEC examined,55,Female,Mexican American,Never,23.3,113,120,123,118.66666666666667
111185,Both interviewed and MEC examined,69,Male,Other Hispanic,Former,29.2,156,157,157,156.66666666666666
111188,Both interviewed and MEC examined,74,Male,Non-Hispanic White,Never,31.7,142,138,133,137.66666666666666
111189,Both interviewed and MEC examined,36,Female,Other Hispanic,Never,28.9,99,101,103,101
111190,Both interviewed and MEC examined,51,Female,Non-Hispanic White,Current,18.7,180,176,183,179.66666666666666
111191,Both interviewed and MEC examined,41,Female,Other Hispanic,Never,29.6,NA,NA,NA,NA
111192,Both interviewed and MEC examined,54,Male,Non-Hispanic Asian,Current,26.2,145,140,142,142.33333333333334
111194,Both interviewed and MEC examined,63,Female,Mexican American,Former,28.8,117,116,123,118.66666666666667
111197,Both interviewed and MEC examined,27,Female,Non-Hispanic Black,Current,22.8,129,127,126,127.33333333333333
111198,Both interviewed and MEC examined,56,Female,Non-Hispanic Black,Current,49.1,101,98,97,98.66666666666667
111199,Both interviewed and MEC examined,47,Female,Non-Hispanic White,Never,22.8,98,98,96,97.33333333333333
111201,Both interviewed and MEC examined,50,Male,Non-Hispanic Black,Never,25.8,159,143,162,154.66666666666666
111202,Both interviewed and MEC examined,49,Male,Non-Hispanic White,Former,28.7,124,122,129,125
111203,Both interviewed and MEC examined,62,Female,Other Race - Including Multi-Racial,Never,30.6,115,118,121,118
111204,Both interviewed and MEC examined,32,Female,Other Hispanic,Never,22.7,117,111,120,116
111206,Both interviewed and MEC examined,61,Male,Other Hispanic,Never,25.5,133,126,130,129.66666666666666
111207,Both interviewed and MEC examined,77,Male,Mexican American,Former,30,129,129,125,127.66666666666667
111208,Both interviewed and MEC examined,36,Female,Non-Hispanic Asian,Never,25.1,99,96,97,97.33333333333333
111209,Both interviewed and MEC examined,31,Female,Non-Hispanic White,Never,52.1,104,111,113,109.33333333333333
111210,Both interviewed and MEC examined,71,Female,Mexican American,Current,36.1,121,124,132,125.66666666666667
111212,Both interviewed and MEC examined,77,Female,Other Hispanic,Never,NA,169,165,162,165.33333333333334
111213,Both interviewed and MEC examined,41,Male,Non-Hispanic Asian,Never,22.6,NA,NA,NA,NA
111215,Both interviewed and MEC examined,67,Male,Mexican American,Never,27.3,107,103,98,102.66666666666667
111216,Both interviewed and MEC examined,76,Male,Non-Hispanic Black,Never,27.1,148,150,169,155.66666666666666
111219,Both interviewed and MEC examined,31,Female,Mexican American,Never,24.5,120,111,110,113.66666666666667
111220,Both interviewed and MEC examined,24,Male,Non-Hispanic White,Never,32.4,114,109,116,113
111222,Both interviewed and MEC examined,53,Female,Other Hispanic,Never,26.6,115,133,119,122.33333333333333
111224,Both interviewed and MEC examined,25,Female,Non-Hispanic Black,Current,42.5,122,119,117,119.33333333333333
111228,Both interviewed and MEC examined,40,Male,Non-Hispanic Black,Never,33.4,107,106,109,107.33333333333333
111229,Both interviewed and MEC examined,64,Male,Non-Hispanic White,Current,29.3,150,144,152,148.66666666666666
111232,Both interviewed and MEC examined,59,Female,Other Hispanic,Never,24.3,144,132,134,136.66666666666666
111233,Both interviewed and MEC examined,32,Male,Non-Hispanic Asian,Never,32.6,112,117,111,113.33333333333333
111235,Both interviewed and MEC examined,45,Female,Non-Hispanic Asian,Never,21.2,NA,NA,NA,NA
111236,Both interviewed and MEC examined,40,Male,Non-Hispanic Black,Current,30.7,133,140,143,138.66666666666666
111238,Both interviewed and MEC examined,38,Male,Mexican American,Never,27.6,104,107,195,135.33333333333334
111240,Both interviewed and MEC examined,61,Male,Other Hispanic,Never,28.2,132,137,139,136
111244,Both interviewed and MEC examined,22,Female,Non-Hispanic White,Never,32.5,117,112,112,113.66666666666667
111245,Both interviewed and MEC examined,75,Female,Non-Hispanic White,Never,29.7,147,145,152,148
111246,Both interviewed and MEC examined,61,Male,Non-Hispanic Black,Former,35,118,118,114,116.66666666666667
111247,Both interviewed and MEC examined,71,Male,Non-Hispanic White,Current,19.1,122,140,140,134
111250,Both interviewed and MEC examined,57,Female,Non-Hispanic White,Current,29.2,132,141,130,134.33333333333334
111253,Both interviewed and MEC examined,71,Male,Non-Hispanic Black,Never,27.9,141,139,135,138.33333333333334
111254,Both interviewed and MEC examined,39,Male,Non-Hispanic White,Never,28,120,116,123,119.66666666666667
111255,Both interviewed and MEC examined,78,Male,Non-Hispanic White,Never,20.2,145,146,149,146.66666666666666
111256,Both interviewed and MEC examined,63,Female,Non-Hispanic Black,Never,26.1,142,144,140,142
111257,Both interviewed and MEC examined,70,Male,Non-Hispanic Black,Former,31.5,124,127,129,126.66666666666667
111262,Both interviewed and MEC examined,71,Female,Other Race - Including Multi-Racial,Never,46.1,143,150,145,146
111263,Both interviewed and MEC examined,57,Male,Other Hispanic,Never,27.1,139,140,149,142.66666666666666
111266,Both interviewed and MEC examined,76,Male,Non-Hispanic White,Former,31.6,NA,NA,NA,NA
111268,Both interviewed and MEC examined,79,Male,Non-Hispanic White,Current,21.6,125,119,121,121.66666666666667
111270,Both interviewed and MEC examined,24,Male,Non-Hispanic Black,Current,19.2,130,133,131,131.33333333333334
111271,Both interviewed and MEC examined,28,Female,Non-Hispanic Asian,Never,34.2,108,107,107,107.33333333333333
111274,Both interviewed and MEC examined,69,Male,Non-Hispanic Black,Former,33.5,122,122,119,121
111277,Both interviewed and MEC examined,37,Female,Non-Hispanic Asian,Never,28.7,NA,NA,NA,NA
111279,Both interviewed and MEC examined,40,Male,Non-Hispanic White,Former,34.1,123,122,119,121.33333333333333
111280,Both interviewed and MEC examined,22,Male,Non-Hispanic White,Never,22.1,112,108,98,106
111282,Both interviewed and MEC examined,54,Female,Non-Hispanic White,Current,33.4,104,107,108,106.33333333333333
111283,Both interviewed and MEC examined,42,Female,Non-Hispanic White,Former,24.2,102,107,108,105.66666666666667
111284,Both interviewed and MEC examined,65,Male,Mexican American,Never,32.3,121,114,115,116.66666666666667
111286,Both interviewed and MEC examined,33,Male,Mexican American,Former,27.7,NA,NA,NA,NA
111287,Both interviewed and MEC examined,50,Male,Mexican American,Current,30.8,153,141,140,144.66666666666666
111288,Both interviewed and MEC examined,56,Male,Non-Hispanic Black,Current,30.7,168,159,158,161.66666666666666
111290,Both interviewed and MEC examined,66,Female,Non-Hispanic Black,Never,19.5,119,115,114,116
111292,Both interviewed and MEC examined,70,Male,Other Hispanic,Never,NA,112,110,113,111.66666666666667
111294,Both interviewed and MEC examined,47,Male,Other Hispanic,Never,29.9,NA,NA,NA,NA
111296,Both interviewed and MEC examined,40,Female,Non-Hispanic Black,Former,34.3,154,157,147,152.66666666666666
111297,Both interviewed and MEC examined,70,Male,Non-Hispanic White,Former,32.4,119,125,118,120.66666666666667
111299,Both interviewed and MEC examined,50,Female,Other Hispanic,Never,NA,NA,NA,NA,NA
111300,Both interviewed and MEC examined,63,Female,Non-Hispanic Black,Former,45.1,137,123,137,132.33333333333334
111301,Both interviewed and MEC examined,35,Female,Non-Hispanic White,Current,30.6,113,108,111,110.66666666666667
111303,Both interviewed and MEC examined,27,Male,Mexican American,Never,32.9,115,112,117,114.66666666666667
111304,Both interviewed and MEC examined,79,Male,Non-Hispanic White,Former,28.6,143,132,133,136
111305,Both interviewed and MEC examined,68,Male,Non-Hispanic Black,Never,27.5,NA,NA,NA,NA
111307,Both interviewed and MEC examined,42,Male,Non-Hispanic Black,Never,31.2,127,128,133,129.33333333333334
111308,Both interviewed and MEC examined,57,Female,Non-Hispanic White,Never,49.6,153,138,148,146.33333333333334
111309,Both interviewed and MEC examined,35,Male,Non-Hispanic White,Current,29.6,127,127,128,127.33333333333333
111311,Both interviewed and MEC examined,58,Female,Other Hispanic,Never,33,117,117,117,117
111312,Both interviewed and MEC examined,61,Female,Non-Hispanic White,Never,55.5,107,99,106,104
111315,Both interviewed and MEC examined,63,Female,Other Hispanic,Current,27,145,139,147,143.66666666666666
111316,Both interviewed and MEC examined,39,Male,Non-Hispanic White,Never,53.3,127,121,127,125
111317,Both interviewed and MEC examined,45,Female,Mexican American,Never,38.9,113,112,108,111
111318,Both interviewed and MEC examined,58,Female,Mexican American,Never,42.8,176,177,177,176.66666666666666
111320,Both interviewed and MEC examined,43,Female,Non-Hispanic White,Current,32,131,130,133,131.33333333333334
111321,Both interviewed and MEC examined,43,Female,Mexican American,Never,42.2,NA,NA,NA,NA
111322,Both interviewed and MEC examined,62,Female,Non-Hispanic Asian,Never,26.7,126,121,122,123
111323,Both interviewed and MEC examined,43,Male,Mexican American,Never,33.3,122,123,122,122.33333333333333
111324,Both interviewed and MEC examined,64,Male,Non-Hispanic White,Never,24.7,125,121,111,119
111325,Both interviewed and MEC examined,33,Male,Other Hispanic,Former,25.6,NA,NA,NA,NA
111326,Both interviewed and MEC examined,50,Female,Other Race - Including Multi-Racial,Current,25.4,123,121,122,122
111328,Both interviewed and MEC examined,68,Male,Non-Hispanic White,Never,28.3,102,105,108,105
111329,Both interviewed and MEC examined,57,Male,Non-Hispanic Asian,Current,31.6,126,114,126,122
111332,Both interviewed and MEC examined,57,Female,Non-Hispanic White,Never,20.5,97,97,96,96.66666666666667
111333,Both interviewed and MEC examined,73,Female,Non-Hispanic White,Current,29.2,111,114,106,110.33333333333333
111335,Both interviewed and MEC examined,55,Female,Non-Hispanic Black,Never,32.6,144,147,142,144.33333333333334
111336,Both interviewed and MEC examined,77,Male,Non-Hispanic White,Never,26.5,118,125,120,121
111337,Both interviewed and MEC examined,67,Female,Non-Hispanic White,Current,21.5,90,89,90,89.66666666666667
111338,Both interviewed and MEC examined,60,Male,Other Hispanic,Never,29.1,143,149,155,149
111343,Both interviewed and MEC examined,67,Female,Non-Hispanic Black,Never,34.3,152,155,151,152.66666666666666
111345,Both interviewed and MEC examined,64,Female,Non-Hispanic Black,Current,NA,106,115,110,110.33333333333333
111348,Both interviewed and MEC examined,37,Male,Other Hispanic,Never,28.4,124,128,117,123
111350,Both interviewed and MEC examined,62,Male,Other Hispanic,Never,28.4,105,98,103,102
111351,Both interviewed and MEC examined,22,Male,Non-Hispanic Asian,Never,21.3,110,116,113,113
111354,Both interviewed and MEC examined,58,Male,Non-Hispanic Asian,Former,33.1,104,111,106,107
111355,Both interviewed and MEC examined,62,Female,Mexican American,Never,34.8,NA,NA,NA,NA
111357,Both interviewed and MEC examined,60,Female,Non-Hispanic White,Current,33.5,82,83,83,82.66666666666667
111358,Both interviewed and MEC examined,48,Male,Other Race - Including Multi-Racial,Former,23.3,123,125,118,122
111360,Both interviewed and MEC examined,53,Male,Non-Hispanic Black,Never,34.8,125,131,128,128
111361,Both interviewed and MEC examined,23,Male,Non-Hispanic Black,Never,27.7,128,130,134,130.66666666666666
111363,Both interviewed and MEC examined,74,Male,Non-Hispanic White,Former,33.5,NA,NA,NA,NA
111364,Both interviewed and MEC examined,67,Male,Non-Hispanic Black,Former,32.5,151,147,146,148
111365,Both interviewed and MEC examined,34,Female,Mexican American,Never,28.3,105,102,110,105.66666666666667
111366,Both interviewed and MEC examined,22,Male,Other Hispanic,Never,19,124,124,122,123.33333333333333
111367,Both interviewed and MEC examined,69,Female,Non-Hispanic Black,Never,NA,NA,NA,NA,NA
111370,Both interviewed and MEC examined,34,Female,Other Race - Including Multi-Racial,Never,37.4,98,98,97,97.66666666666667
111377,Both interviewed and MEC examined,51,Male,Other Hispanic,Never,53.4,114,110,106,110
111378,Both interviewed and MEC examined,63,Female,Mexican American,Current,32.6,96,96,101,97.66666666666667
111380,Both interviewed and MEC examined,67,Male,Non-Hispanic White,Former,48.8,125,104,111,113.33333333333333
111382,Both interviewed and MEC examined,60,Male,Mexican American,Never,36.7,161,138,137,145.33333333333334
111385,Both interviewed and MEC examined,63,Female,Non-Hispanic Black,Never,28.9,114,111,110,111.66666666666667
111389,Both interviewed and MEC examined,65,Female,Other Hispanic,Former,33.1,107,108,110,108.33333333333333
111390,Both interviewed and MEC examined,60,Female,Non-Hispanic Asian,Never,25.6,NA,NA,NA,NA
111391,Both interviewed and MEC examined,27,Female,Non-Hispanic Asian,Current,20,NA,NA,NA,NA
111394,Both interviewed and MEC examined,62,Male,Non-Hispanic White,Never,39.4,NA,NA,NA,NA
111395,Both interviewed and MEC examined,34,Male,Non-Hispanic Asian,Never,60.6,139,120,125,128
111396,Both interviewed and MEC examined,47,Female,Non-Hispanic Black,Former,38.2,123,122,123,122.66666666666667
111397,Both interviewed and MEC examined,29,Female,Other Hispanic,Never,39.2,130,130,131,130.33333333333334
111400,Both interviewed and MEC examined,28,Female,Non-Hispanic Black,Never,39.3,119,124,124,122.33333333333333
111402,Both interviewed and MEC examined,54,Female,Non-Hispanic Asian,Never,21.8,102,99,106,102.33333333333333
111405,Both interviewed and MEC examined,44,Male,Mexican American,Former,35.8,126,122,120,122.66666666666667
111408,Both interviewed and MEC examined,36,Male,Non-Hispanic Asian,Current,28.8,112,115,117,114.66666666666667
111411,Both interviewed and MEC examined,50,Female,Mexican American,Never,26.7,182,195,193,190
111413,Both interviewed and MEC examined,34,Male,Non-Hispanic Asian,Never,23.6,NA,NA,NA,NA
111416,Both interviewed and MEC examined,52,Female,Other Race - Including Multi-Racial,Never,42.2,NA,NA,NA,NA
111420,Both interviewed and MEC examined,42,Male,Non-Hispanic Black,Current,40.1,152,159,162,157.66666666666666
111422,Both interviewed and MEC examined,71,Male,Non-Hispanic White,Former,31.2,NA,NA,NA,NA
111424,Both interviewed and MEC examined,61,Male,Non-Hispanic Black,Current,23.6,149,139,137,141.66666666666666
111425,Both interviewed and MEC examined,36,Male,Non-Hispanic White,Never,26.7,129,129,131,129.66666666666666
111426,Both interviewed and MEC examined,28,Male,Non-Hispanic Black,Never,22,115,116,117,116
111427,Both interviewed and MEC examined,54,Male,Non-Hispanic Asian,Never,27.2,138,138,136,137.33333333333334
111428,Both interviewed and MEC examined,44,Male,Non-Hispanic White,Never,33.1,130,140,136,135.33333333333334
111429,Both interviewed and MEC examined,29,Male,Non-Hispanic White,Never,22.6,110,108,108,108.66666666666667
111430,Both interviewed and MEC examined,28,Female,Non-Hispanic White,Never,22.2,104,100,88,97.33333333333333
111431,Both interviewed and MEC examined,40,Female,Non-Hispanic White,Current,44.9,98,86,93,92.33333333333333
111433,Both interviewed and MEC examined,51,Male,Mexican American,Former,25.1,160,167,157,161.33333333333334
111434,Both interviewed and MEC examined,66,Female,Other Hispanic,Never,42,169,160,157,162
111436,Both interviewed and MEC examined,44,Female,Non-Hispanic Black,Never,20.6,138,147,143,142.66666666666666
111440,Both interviewed and MEC examined,48,Female,Non-Hispanic White,Never,41.4,114,110,111,111.66666666666667
111441,Both interviewed and MEC examined,64,Male,Non-Hispanic Asian,Never,26.1,103,112,107,107.33333333333333
111442,Both interviewed and MEC examined,79,Male,Non-Hispanic Black,Former,32.1,188,186,181,185
111443,Both interviewed and MEC examined,60,Male,Mexican American,Former,29.2,132,138,135,135
111444,Both interviewed and MEC examined,68,Female,Non-Hispanic White,Never,49.6,118,107,117,114
111448,Both interviewed and MEC examined,62,Male,Mexican American,Never,26.9,NA,NA,NA,NA
111449,Both interviewed and MEC examined,59,Male,Non-Hispanic White,Former,23.2,136,135,130,133.66666666666666
111452,Both interviewed and MEC examined,62,Male,Mexican American,Current,23.8,123,120,119,120.66666666666667
111453,Both interviewed and MEC examined,26,Male,Mexican American,Current,25,110,115,124,116.33333333333333
111454,Both interviewed and MEC examined,23,Female,Non-Hispanic White,Never,23.6,97,99,98,98
111455,Both interviewed and MEC examined,62,Male,Mexican American,Never,25.2,152,148,136,145.33333333333334
111456,Both interviewed and MEC examined,35,Male,Non-Hispanic White,Current,30.4,147,146,144,145.66666666666666
111459,Both interviewed and MEC examined,54,Male,Non-Hispanic White,Never,30,109,108,108,108.33333333333333
111463,Both interviewed and MEC examined,63,Male,Non-Hispanic White,Former,29.1,108,112,110,110
111471,Both interviewed and MEC examined,24,Male,Other Hispanic,Current,20.3,103,109,98,103.33333333333333
111476,Both interviewed and MEC examined,47,Female,Non-Hispanic Black,Former,42.7,112,122,119,117.66666666666667
111479,Both interviewed and MEC examined,43,Male,Mexican American,Never,28.1,109,107,112,109.33333333333333
111486,Both interviewed and MEC examined,32,Male,Non-Hispanic White,Never,36.4,NA,NA,NA,NA
111488,Both interviewed and MEC examined,21,Male,Non-Hispanic Black,Never,22.8,134,132,128,131.33333333333334
111489,Both interviewed and MEC examined,35,Female,Non-Hispanic Black,Never,34.7,142,133,130,135
111490,Both interviewed and MEC examined,73,Male,Other Race - Including Multi-Racial,Former,NA,144,140,137,140.33333333333334
111491,Both interviewed and MEC examined,58,Female,Non-Hispanic White,Never,29.7,NA,NA,NA,NA
111492,Both interviewed and MEC examined,42,Female,Mexican American,Former,36.4,NA,NA,NA,NA
111493,Both interviewed and MEC examined,74,Female,Non-Hispanic White,Never,38.5,149,157,154,153.33333333333334
111494,Both interviewed and MEC examined,58,Male,Non-Hispanic White,Former,41,91,98,92,93.66666666666667
111497,Both interviewed and MEC examined,36,Female,Non-Hispanic Black,Never,28.4,113,114,114,113.66666666666667
111500,Both interviewed and MEC examined,53,Female,Non-Hispanic White,Never,28,136,139,140,138.33333333333334
111501,Both interviewed and MEC examined,56,Male,Non-Hispanic White,Never,27,120,122,127,123
111502,Both interviewed and MEC examined,64,Female,Non-Hispanic Black,Former,44.4,172,165,158,165
111503,Both interviewed and MEC examined,46,Male,Non-Hispanic White,Former,29.9,139,135,142,138.66666666666666
111504,Both interviewed and MEC examined,32,Female,Non-Hispanic White,Never,31.7,117,113,109,113
111505,Both interviewed and MEC examined,33,Female,Other Hispanic,Current,20.2,123,126,125,124.66666666666667
111507,Both interviewed and MEC examined,58,Male,Non-Hispanic Asian,Former,24.3,130,131,131,130.66666666666666
111508,Both interviewed and MEC examined,48,Female,Non-Hispanic Black,Never,36.9,140,142,139,140.33333333333334
111510,Both interviewed and MEC examined,39,Male,Non-Hispanic White,Current,25.6,108,105,106,106.33333333333333
111511,Both interviewed and MEC examined,32,Male,Other Hispanic,Former,28.3,114,124,131,123
111512,Both interviewed and MEC examined,39,Male,Non-Hispanic White,Current,23,139,138,142,139.66666666666666
111513,Both interviewed and MEC examined,66,Male,Other Hispanic,Former,31.8,116,115,115,115.33333333333333
111514,Both interviewed and MEC examined,64,Female,Non-Hispanic White,Never,29.4,115,118,120,117.66666666666667
111516,Both interviewed and MEC examined,61,Male,Other Hispanic,Never,33.5,128,134,128,130
111519,Both interviewed and MEC examined,32,Female,Other Hispanic,Never,30.6,114,116,117,115.66666666666667
111520,Both interviewed and MEC examined,58,Female,Mexican American,Former,NA,NA,NA,NA,NA
111522,Both interviewed and MEC examined,50,Female,Mexican American,Former,36.2,134,134,137,135
111523,Both interviewed and MEC examined,59,Female,Mexican American,Never,39.8,116,102,116,111.33333333333333
111525,Both interviewed and MEC examined,61,Male,Mexican American,Never,23.5,125,122,126,124.33333333333333
111528,Both interviewed and MEC examined,36,Male,Non-Hispanic White,Current,21.9,115,126,108,116.33333333333333
111533,Both interviewed and MEC examined,25,Female,Non-Hispanic White,Never,35.3,101,103,104,102.66666666666667
111534,Both interviewed and MEC examined,32,Female,Other Hispanic,Never,39.3,107,112,109,109.33333333333333
111535,Both interviewed and MEC examined,64,Female,Non-Hispanic White,Current,26.2,131,128,132,130.33333333333334
111536,Both interviewed and MEC examined,26,Male,Non-Hispanic Asian,Never,23.2,107,114,103,108
111541,Both interviewed and MEC examined,27,Female,Non-Hispanic Asian,Never,20.2,104,99,99,100.66666666666667
111542,Both interviewed and MEC examined,53,Male,Non-Hispanic White,Never,24.4,122,118,120,120
111543,Both interviewed and MEC examined,30,Female,Non-Hispanic White,Former,19.1,102,102,103,102.33333333333333
111546,Both interviewed and MEC examined,58,Male,Non-Hispanic Black,Former,28,NA,NA,NA,NA
111548,Both interviewed and MEC examined,79,Male,Other Race - Including Multi-Racial,Former,33.5,NA,NA,NA,NA
111550,Both interviewed and MEC examined,76,Female,Non-Hispanic White,Never,30.5,124,119,122,121.66666666666667
111551,Both interviewed and MEC examined,39,Female,Mexican American,Never,28,NA,NA,NA,NA
111554,Both interviewed and MEC examined,79,Male,Non-Hispanic Black,Never,23.9,147,136,132,138.33333333333334
111555,Both interviewed and MEC examined,29,Female,Non-Hispanic Asian,Never,41.6,102,107,105,104.66666666666667
111556,Both interviewed and MEC examined,52,Female,Non-Hispanic Black,Never,49,126,124,126,125.33333333333333
111557,Both interviewed and MEC examined,48,Female,Non-Hispanic White,Never,32.4,102,104,104,103.33333333333333
111560,Both interviewed and MEC examined,72,Female,Non-Hispanic Black,Current,36.3,151,145,149,148.33333333333334
111561,Both interviewed and MEC examined,28,Female,Other Race - Including Multi-Racial,Never,32.8,104,98,100,100.66666666666667
111563,Both interviewed and MEC examined,43,Male,Other Hispanic,Former,43.3,134,143,144,140.33333333333334
111564,Both interviewed and MEC examined,61,Male,Non-Hispanic Black,Never,33.6,135,136,135,135.33333333333334
111571,Both interviewed and MEC examined,64,Female,Non-Hispanic White,Former,33,102,106,100,102.66666666666667
111572,Both interviewed and MEC examined,26,Female,Non-Hispanic White,Never,29,125,128,123,125.33333333333333
111574,Both interviewed and MEC examined,71,Male,Mexican American,Former,29.4,125,124,122,123.66666666666667
111575,Both interviewed and MEC examined,37,Female,Non-Hispanic Asian,Never,28.7,101,96,100,99
111577,Both interviewed and MEC examined,53,Male,Mexican American,Former,27.8,103,104,97,101.33333333333333
111582,Both interviewed and MEC examined,53,Female,Non-Hispanic Asian,Never,24.8,NA,NA,NA,NA
111585,Both interviewed and MEC examined,38,Male,Non-Hispanic Asian,Never,23.3,123,124,130,125.66666666666667
111586,Both interviewed and MEC examined,55,Female,Other Race - Including Multi-Racial,Former,30.6,NA,NA,NA,NA
111587,Both interviewed and MEC examined,46,Male,Non-Hispanic Black,Never,25.5,107,116,110,111
111588,Both interviewed and MEC examined,49,Male,Non-Hispanic White,Former,30.2,108,105,107,106.66666666666667
111589,Both interviewed and MEC examined,33,Female,Mexican American,Never,37.1,114,111,110,111.66666666666667
111590,Both interviewed and MEC examined,40,Female,Non-Hispanic White,Former,44.2,119,121,121,120.33333333333333
111595,Both interviewed and MEC examined,43,Male,Non-Hispanic White,Current,22.6,147,156,154,152.33333333333334
111596,Both interviewed and MEC examined,62,Male,Other Hispanic,Never,NA,NA,NA,NA,NA
111598,Both interviewed and MEC examined,36,Male,Non-Hispanic Black,Never,47.4,137,137,137,137
111599,Both interviewed and MEC examined,53,Female,Non-Hispanic Black,Never,27.7,96,103,123,107.33333333333333
111602,Both interviewed and MEC examined,79,Male,Non-Hispanic White,Former,20.4,156,153,163,157.33333333333334
111604,Both interviewed and MEC examined,62,Female,Non-Hispanic White,Current,36.1,107,118,120,115
111605,Both interviewed and MEC examined,25,Male,Non-Hispanic Asian,Never,29.2,118,116,119,117.66666666666667
111608,Both interviewed and MEC examined,34,Female,Non-Hispanic Black,Never,32.9,119,129,119,122.33333333333333
111609,Both interviewed and MEC examined,43,Male,Non-Hispanic Black,Current,35.6,136,141,138,138.33333333333334
111610,Both interviewed and MEC examined,63,Male,Non-Hispanic Black,Current,20.1,146,123,134,134.33333333333334
111613,Both interviewed and MEC examined,40,Female,Non-Hispanic Black,Never,28.8,112,114,115,113.66666666666667
111614,Both interviewed and MEC examined,58,Female,Non-Hispanic Black,Former,40.9,155,144,145,148
111616,Both interviewed and MEC examined,63,Female,Non-Hispanic Black,Never,49.3,118,123,104,115
111617,Both interviewed and MEC examined,55,Male,Non-Hispanic Black,Current,27.1,159,154,155,156
111618,Both interviewed and MEC examined,48,Male,Non-Hispanic Black,Current,21,143,150,151,148
111621,Both interviewed and MEC examined,60,Male,Mexican American,Never,29,119,111,105,111.66666666666667
111623,Both interviewed and MEC examined,27,Female,Non-Hispanic Black,Never,23.7,102,102,113,105.66666666666667
111629,Both interviewed and MEC examined,57,Male,Non-Hispanic White,Current,21.7,132,127,129,129.33333333333334
111631,Both interviewed and MEC examined,71,Male,Non-Hispanic White,Never,28.5,111,115,104,110
111632,Both interviewed and MEC examined,50,Male,Non-Hispanic Asian,Never,31.9,98,102,104,101.33333333333333
111633,Both interviewed and MEC examined,42,Female,Non-Hispanic White,Current,34.6,NA,NA,NA,NA
111635,Both interviewed and MEC examined,64,Male,Non-Hispanic Black,Never,27.4,104,104,107,105
111638,Both interviewed and MEC examined,33,Male,Other Hispanic,Former,29.2,116,118,126,120
111639,Both interviewed and MEC examined,71,Male,Non-Hispanic White,Former,33.5,135,116,119,123.33333333333333
111640,Both interviewed and MEC examined,51,Male,Other Hispanic,Current,32.6,134,135,136,135
111641,Both interviewed and MEC examined,74,Female,Non-Hispanic Asian,Never,29,130,133,131,131.33333333333334
111645,Both interviewed and MEC examined,49,Female,Non-Hispanic White,Current,38,119,126,115,120
111646,Both interviewed and MEC examined,30,Female,Non-Hispanic Asian,Never,16.5,101,98,98,99
111649,Both interviewed and MEC examined,74,Male,Mexican American,Former,24.7,132,131,132,131.66666666666666
111650,Both interviewed and MEC examined,32,Female,Non-Hispanic Asian,Never,20.2,94,101,96,97
111651,Both interviewed and MEC examined,39,Female,Non-Hispanic Black,Never,47,118,118,121,119
111652,Both interviewed and MEC examined,23,Female,Non-Hispanic Black,Never,17.7,107,103,109,106.33333333333333
111655,Both interviewed and MEC examined,55,Female,Mexican American,Current,21.4,NA,NA,NA,NA
111656,Both interviewed and MEC examined,78,Female,Non-Hispanic Black,Never,20.8,189,192,184,188.33333333333334
111658,Both interviewed and MEC examined,50,Female,Other Hispanic,Never,25.2,103,102,97,100.66666666666667
111659,Both interviewed and MEC examined,32,Male,Non-Hispanic Black,Current,19.7,119,121,123,121
111660,Both interviewed and MEC examined,58,Female,Mexican American,Never,23.6,156,145,151,150.66666666666666
111663,Both interviewed and MEC examined,68,Female,Mexican American,Never,34.3,114,113,110,112.33333333333333
111664,Both interviewed and MEC examined,60,Male,Non-Hispanic Black,Never,34.8,117,116,120,117.66666666666667
111666,Both interviewed and MEC examined,41,Female,Non-Hispanic Black,Former,29.5,NA,NA,NA,NA
111667,Both interviewed and MEC examined,38,Female,Non-Hispanic White,Never,19.9,NA,NA,NA,NA
111668,Both interviewed and MEC examined,52,Male,Non-Hispanic White,Never,44.9,93,90,95,92.66666666666667
111669,Both interviewed and MEC examined,45,Male,Non-Hispanic Black,Current,38.1,130,125,125,126.66666666666667
111670,Both interviewed and MEC examined,48,Female,Non-Hispanic Black,Current,22.4,136,139,129,134.66666666666666
111671,Both interviewed and MEC examined,39,Male,Non-Hispanic Black,Current,18.3,95,92,95,94
111673,Both interviewed and MEC examined,25,Female,Non-Hispanic White,Current,31.6,93,90,91,91.33333333333333
111674,Both interviewed and MEC examined,61,Male,Non-Hispanic White,Never,39.8,114,113,117,114.66666666666667
111675,Both interviewed and MEC examined,35,Female,Non-Hispanic Black,Never,36.3,NA,NA,NA,NA
111676,Both interviewed and MEC examined,24,Female,Non-Hispanic Black,Never,40.6,123,120,123,122
111678,Both interviewed and MEC examined,77,Male,Non-Hispanic White,Former,56,148,144,143,145
111679,Both interviewed and MEC examined,49,Female,Non-Hispanic Black,Never,24.7,130,127,132,129.66666666666666
111682,Both interviewed and MEC examined,59,Female,Mexican American,Never,32,131,131,133,131.66666666666666
111687,Both interviewed and MEC examined,72,Male,Non-Hispanic Black,Current,26.4,NA,NA,NA,NA
111688,Both interviewed and MEC examined,36,Female,Non-Hispanic Black,Never,34.9,124,126,125,125
111692,Both interviewed and MEC examined,38,Female,Other Hispanic,Never,30.4,123,124,129,125.33333333333333
111693,Both interviewed and MEC examined,26,Female,Other Race - Including Multi-Racial,Never,21.9,102,105,103,103.33333333333333
111695,Both interviewed and MEC examined,30,Female,Other Hispanic,Never,26.7,99,100,97,98.66666666666667
111698,Both interviewed and MEC examined,65,Female,Non-Hispanic White,Former,38.1,110,114,117,113.66666666666667
111700,Both interviewed and MEC examined,46,Female,Non-Hispanic White,Never,19.7,119,115,113,115.66666666666667
111703,Both interviewed and MEC examined,48,Male,Other Hispanic,Never,27.9,144,139,153,145.33333333333334
111704,Both interviewed and MEC examined,52,Female,Non-Hispanic Asian,Never,27.5,132,127,130,129.66666666666666
111705,Both interviewed and MEC examined,54,Female,Mexican American,Never,20.2,142,130,141,137.66666666666666
111708,Both interviewed and MEC examined,44,Female,Non-Hispanic White,Current,47.8,132,133,142,135.66666666666666
111710,Both interviewed and MEC examined,22,Female,Non-Hispanic Black,Never,22.2,108,101,104,104.33333333333333
111712,Both interviewed and MEC examined,60,Male,Non-Hispanic Black,Current,24.8,127,130,124,127
111716,Both interviewed and MEC examined,55,Female,Non-Hispanic Asian,Never,27.1,139,140,130,136.33333333333334
111717,Both interviewed and MEC examined,56,Female,Mexican American,Never,22.6,112,108,111,110.33333333333333
111719,Both interviewed and MEC examined,23,Male,Other Hispanic,Never,20,113,116,113,114
111720,Both interviewed and MEC examined,35,Female,Non-Hispanic White,Never,37.2,118,103,109,110
111723,Both interviewed and MEC examined,66,Female,Non-Hispanic Asian,Former,25.3,129,126,128,127.66666666666667
111724,Both interviewed and MEC examined,31,Female,Non-Hispanic White,Never,26.5,96,101,102,99.66666666666667
111726,Both interviewed and MEC examined,43,Female,Non-Hispanic Black,Never,35.5,NA,NA,NA,NA
111729,Both interviewed and MEC examined,31,Male,Non-Hispanic Asian,Never,27.4,111,112,108,110.33333333333333
111731,Both interviewed and MEC examined,21,Female,Non-Hispanic White,Never,19.8,117,125,115,119
111732,Both interviewed and MEC examined,46,Female,Non-Hispanic White,Never,31.2,126,136,124,128.66666666666666
111733,Both interviewed and MEC examined,31,Male,Non-Hispanic Asian,Former,29.6,138,135,133,135.33333333333334
111734,Both interviewed and MEC examined,45,Male,Mexican American,Former,32.5,145,133,147,141.66666666666666
111736,Both interviewed and MEC examined,54,Female,Other Hispanic,Never,29.4,117,128,130,125
111737,Both interviewed and MEC examined,60,Male,Non-Hispanic Black,Current,31.4,171,175,165,170.33333333333334
111741,Both interviewed and MEC examined,69,Female,Non-Hispanic White,Never,20.1,89,95,96,93.33333333333333
111744,Both interviewed and MEC examined,41,Female,Non-Hispanic Black,Never,26.1,123,119,122,121.33333333333333
111745,Both interviewed and MEC examined,63,Male,Non-Hispanic White,Former,35.2,128,131,129,129.33333333333334
111749,Both interviewed and MEC examined,63,Male,Non-Hispanic White,Former,33.8,119,122,119,120
111751,Both interviewed and MEC examined,55,Female,Non-Hispanic White,Never,38.6,115,114,123,117.33333333333333
111752,Both interviewed and MEC examined,54,Male,Other Hispanic,Never,44.3,115,114,136,121.66666666666667
111753,Both interviewed and MEC examined,51,Male,Other Hispanic,Never,27.2,NA,NA,NA,NA
111754,Both interviewed and MEC examined,66,Female,Mexican American,Former,26.6,113,120,120,117.66666666666667
111758,Both interviewed and MEC examined,31,Female,Non-Hispanic White,Former,37.1,NA,NA,NA,NA
111759,Both interviewed and MEC examined,29,Male,Non-Hispanic Asian,Never,29.1,115,115,116,115.33333333333333
111760,Both interviewed and MEC examined,47,Male,Non-Hispanic Black,Current,17.4,107,106,109,107.33333333333333
111762,Both interviewed and MEC examined,41,Female,Non-Hispanic Black,Never,44.3,116,115,109,113.33333333333333
111763,Both interviewed and MEC examined,64,Female,Non-Hispanic Black,Former,56.1,91,104,96,97
111765,Both interviewed and MEC examined,30,Male,Other Hispanic,Never,43.5,111,115,113,113
111766,Both interviewed and MEC examined,33,Female,Non-Hispanic Black,Never,43.6,110,114,118,114
111767,Both interviewed and MEC examined,26,Male,Other Race - Including Multi-Racial,Current,23.1,122,117,122,120.33333333333333
111768,Both interviewed and MEC examined,25,Male,Other Hispanic,Never,34.9,126,127,136,129.66666666666666
111770,Both interviewed and MEC examined,60,Female,Non-Hispanic Black,Never,33.6,114,120,120,118
111772,Both interviewed and MEC examined,57,Male,Non-Hispanic Black,Current,NA,144,150,155,149.66666666666666
111776,Both interviewed and MEC examined,70,Female,Non-Hispanic Black,Never,32.8,94,103,99,98.66666666666667
111777,Both interviewed and MEC examined,23,Male,Non-Hispanic Asian,Never,26.2,NA,NA,NA,NA
111778,Both interviewed and MEC examined,32,Female,Mexican American,Never,28.5,126,132,129,129
111779,Both interviewed and MEC examined,53,Female,Non-Hispanic Black,Never,31.8,138,142,141,140.33333333333334
111781,Both interviewed and MEC examined,72,Female,Non-Hispanic White,Former,46,137,138,137,137.33333333333334
111783,Both interviewed and MEC examined,78,Female,Non-Hispanic White,Former,26.9,132,136,118,128.66666666666666
111784,Both interviewed and MEC examined,75,Male,Non-Hispanic White,Former,24.1,140,134,132,135.33333333333334
111786,Both interviewed and MEC examined,61,Female,Other Hispanic,Never,40.5,174,166,174,171.33333333333334
111787,Both interviewed and MEC examined,57,Male,Other Race - Including Multi-Racial,Former,30.5,135,140,145,140
111789,Both interviewed and MEC examined,38,Female,Non-Hispanic White,Current,27.9,107,99,104,103.33333333333333
111790,Both interviewed and MEC examined,72,Male,Non-Hispanic White,Former,28.9,143,148,151,147.33333333333334
111791,Both interviewed and MEC examined,52,Female,Non-Hispanic White,Never,37.4,112,112,115,113
111792,Both interviewed and MEC examined,69,Female,Non-Hispanic White,Current,22.3,125,126,126,125.66666666666667
111794,Both interviewed and MEC examined,35,Male,Mexican American,Former,37.5,118,119,110,115.66666666666667
111795,Both interviewed and MEC examined,59,Male,Non-Hispanic White,Never,28.4,163,162,166,163.66666666666666
111796,Both interviewed and MEC examined,34,Male,Other Hispanic,Never,27,116,118,122,118.66666666666667
111797,Both interviewed and MEC examined,61,Male,Non-Hispanic White,Former,25.6,145,137,137,139.66666666666666
111800,Both interviewed and MEC examined,58,Female,Non-Hispanic Black,Never,17.1,122,131,123,125.33333333333333
111801,Both interviewed and MEC examined,35,Female,Non-Hispanic Asian,Never,30,NA,NA,NA,NA
111803,Both interviewed and MEC examined,36,Male,Non-Hispanic Black,Never,42.5,127,129,129,128.33333333333334
111804,Both interviewed and MEC examined,60,Female,Non-Hispanic Black,Former,45.4,147,145,162,151.33333333333334
111808,Both interviewed and MEC examined,22,Female,Non-Hispanic Black,Former,33.5,101,106,98,101.66666666666667
111809,Both interviewed and MEC examined,67,Female,Non-Hispanic White,Former,18.7,90,88,87,88.33333333333333
111811,Both interviewed and MEC examined,26,Female,Other Hispanic,Never,28.4,92,102,97,97
111814,Both interviewed and MEC examined,54,Male,Non-Hispanic Asian,Never,27.5,126,133,131,130
111821,Both interviewed and MEC examined,59,Female,Non-Hispanic White,Never,22.1,111,115,111,112.33333333333333
111824,Both interviewed and MEC examined,63,Male,Non-Hispanic Asian,Current,24,155,157,150,154
111825,Both interviewed and MEC examined,34,Male,Non-Hispanic Black,Never,38.5,124,131,134,129.66666666666666
111827,Both interviewed and MEC examined,40,Male,Non-Hispanic White,Current,21.6,108,111,108,109
111828,Both interviewed and MEC examined,39,Female,Mexican American,Never,33.4,120,119,122,120.33333333333333
111829,Both interviewed and MEC examined,61,Female,Other Hispanic,Former,49.6,91,101,105,99
111831,Both interviewed and MEC examined,41,Male,Non-Hispanic Black,Never,32.3,140,139,137,138.66666666666666
111833,Both interviewed and MEC examined,26,Female,Non-Hispanic Black,Never,31.7,98,98,98,98
111834,Both interviewed and MEC examined,30,Male,Non-Hispanic White,Current,24.6,123,125,122,123.33333333333333
111835,Both interviewed and MEC examined,72,Male,Non-Hispanic White,Never,20.9,117,111,104,110.66666666666667
111839,Both interviewed and MEC examined,61,Female,Non-Hispanic Asian,Never,23.5,158,154,157,156.33333333333334
111845,Both interviewed and MEC examined,34,Female,Non-Hispanic Asian,Never,16.5,129,129,119,125.66666666666667
111846,Both interviewed and MEC examined,23,Female,Other Race - Including Multi-Racial,Never,30.6,101,103,102,102
111849,Both interviewed and MEC examined,41,Male,Other Hispanic,Former,32,168,160,164,164
111850,Both interviewed and MEC examined,42,Female,Non-Hispanic White,Former,36.3,98,98,103,99.66666666666667
111857,Both interviewed and MEC examined,53,Female,Non-Hispanic Black,Former,30.7,112,112,111,111.66666666666667
111858,Both interviewed and MEC examined,23,Male,Other Hispanic,Current,23.7,120,120,115,118.33333333333333
111859,Both interviewed and MEC examined,39,Female,Mexican American,Never,32.9,NA,NA,NA,NA
111863,Both interviewed and MEC examined,78,Female,Non-Hispanic White,Never,33.8,131,130,127,129.33333333333334
111864,Both interviewed and MEC examined,34,Male,Non-Hispanic White,Never,29.6,110,106,107,107.66666666666667
111866,Both interviewed and MEC examined,77,Male,Non-Hispanic White,Never,25.9,157,154,136,149
111868,Both interviewed and MEC examined,48,Female,Non-Hispanic Black,Current,47.1,119,117,123,119.66666666666667
111869,Both interviewed and MEC examined,44,Female,Non-Hispanic Asian,Never,25.6,114,116,116,115.33333333333333
111870,Both interviewed and MEC examined,70,Female,Non-Hispanic White,Former,27,NA,NA,NA,NA
111871,Both interviewed and MEC examined,43,Female,Non-Hispanic White,Current,31.1,113,118,113,114.66666666666667
111872,Both interviewed and MEC examined,38,Female,Non-Hispanic White,Former,34.5,103,107,101,103.66666666666667
111874,Both interviewed and MEC examined,61,Male,Non-Hispanic Black,Never,23.8,163,158,139,153.33333333333334
111875,Both interviewed and MEC examined,56,Female,Other Race - Including Multi-Racial,Former,28,107,108,107,107.33333333333333
111876,Both interviewed and MEC examined,54,Male,Other Race - Including Multi-Racial,Former,42.8,116,117,115,116
111878,Both interviewed and MEC examined,37,Male,Other Race - Including Multi-Racial,Never,25.6,117,120,124,120.33333333333333
111879,Both interviewed and MEC examined,70,Male,Other Hispanic,Never,31.3,129,126,126,127
111882,Both interviewed and MEC examined,64,Female,Other Hispanic,Never,22.6,129,127,125,127
111883,Both interviewed and MEC examined,72,Male,Non-Hispanic Black,Former,38.2,164,154,147,155
111884,Both interviewed and MEC examined,60,Male,Non-Hispanic Black,Former,29.2,139,138,136,137.66666666666666
111886,Both interviewed and MEC examined,55,Female,Non-Hispanic Asian,Never,21.1,101,112,108,107
111887,Both interviewed and MEC examined,29,Female,Non-Hispanic Black,Former,19.3,115,111,117,114.33333333333333
111890,Both interviewed and MEC examined,60,Male,Non-Hispanic Black,Former,31.3,141,142,144,142.33333333333334
111893,Both interviewed and MEC examined,66,Female,Non-Hispanic White,Never,25.3,108,111,112,110.33333333333333
111894,Both interviewed and MEC examined,21,Male,Non-Hispanic Asian,Never,24.4,118,115,115,116
111895,Both interviewed and MEC examined,66,Male,Non-Hispanic White,Never,32.8,154,157,156,155.66666666666666
111896,Both interviewed and MEC examined,65,Male,Non-Hispanic Black,Never,27.3,118,131,123,124
111898,Both interviewed and MEC examined,74,Female,Other Race - Including Multi-Racial,Never,29.9,134,128,128,130
111900,Both interviewed and MEC examined,55,Female,Non-Hispanic Black,Current,31.1,NA,NA,NA,NA
111901,Both interviewed and MEC examined,57,Male,Mexican American,Never,25.9,116,115,119,116.66666666666667
111903,Both interviewed and MEC examined,27,Male,Non-Hispanic Black,Current,23.2,121,127,123,123.66666666666667
111904,Both interviewed and MEC examined,53,Female,Non-Hispanic Black,Former,29.7,100,103,96,99.66666666666667
111906,Both interviewed and MEC examined,45,Male,Non-Hispanic Black,Never,30.9,111,112,113,112
111908,Both interviewed and MEC examined,64,Female,Non-Hispanic White,Former,26.5,143,138,146,142.33333333333334
111909,Both interviewed and MEC examined,56,Female,Non-Hispanic Black,Former,41,121,119,121,120.33333333333333
111911,Both interviewed and MEC examined,40,Male,Non-Hispanic White,Former,39.7,121,128,133,127.33333333333333
111913,Both interviewed and MEC examined,48,Male,Other Race - Including Multi-Racial,Never,34.1,117,116,125,119.33333333333333
111917,Both interviewed and MEC examined,41,Male,Other Hispanic,Never,36.2,140,134,130,134.66666666666666
111920,Both interviewed and MEC examined,52,Male,Mexican American,Never,44.1,106,101,102,103
111922,Both interviewed and MEC examined,30,Male,Non-Hispanic Asian,Never,23.4,109,108,107,108
111923,Both interviewed and MEC examined,40,Female,Non-Hispanic Black,Never,60.4,149,143,137,143
111925,Both interviewed and MEC examined,22,Male,Other Race - Including Multi-Racial,Never,25.8,158,152,154,154.66666666666666
111927,Both interviewed and MEC examined,54,Female,Other Hispanic,Never,33.6,140,136,139,138.33333333333334
111928,Both interviewed and MEC examined,46,Female,Non-Hispanic Black,Never,29,118,128,122,122.66666666666667
111929,Both interviewed and MEC examined,61,Male,Non-Hispanic Black,Never,28.4,139,149,139,142.33333333333334
111930,Both interviewed and MEC examined,73,Male,Other Hispanic,Current,34,107,106,93,102
111934,Both interviewed and MEC examined,63,Female,Mexican American,Current,28.4,120,121,124,121.66666666666667
111935,Both interviewed and MEC examined,48,Female,Non-Hispanic White,Current,26.2,108,111,119,112.66666666666667
111938,Both interviewed and MEC examined,57,Female,Non-Hispanic White,Former,22.5,113,104,109,108.66666666666667
111939,Both interviewed and MEC examined,46,Male,Non-Hispanic White,Never,24.1,109,107,105,107
111942,Both interviewed and MEC examined,27,Male,Non-Hispanic White,Former,31.8,123,126,124,124.33333333333333
111944,Both interviewed and MEC examined,32,Female,Non-Hispanic White,Never,46.5,107,108,111,108.66666666666667
111945,Both interviewed and MEC examined,74,Male,Non-Hispanic White,Former,19.1,157,161,160,159.33333333333334
111946,Both interviewed and MEC examined,29,Female,Non-Hispanic White,Current,31.7,NA,NA,NA,NA
111947,Both interviewed and MEC examined,45,Male,Non-Hispanic Black,Never,40.9,183,181,191,185
111950,Both interviewed and MEC examined,27,Male,Non-Hispanic Black,Never,22.5,127,137,139,134.33333333333334
111956,Both interviewed and MEC examined,65,Male,Other Race - Including Multi-Racial,Current,NA,146,144,143,144.33333333333334
111958,Both interviewed and MEC examined,38,Female,Other Race - Including Multi-Racial,Former,33.5,113,121,118,117.33333333333333
111960,Both interviewed and MEC examined,41,Female,Non-Hispanic White,Never,25.9,132,113,115,120
111966,Both interviewed and MEC examined,33,Male,Non-Hispanic White,Never,36.6,123,117,123,121
111967,Both interviewed and MEC examined,49,Male,Non-Hispanic Asian,Never,26,101,105,104,103.33333333333333
111968,Both interviewed and MEC examined,70,Male,Non-Hispanic Asian,Former,26.4,121,124,118,121
111970,Both interviewed and MEC examined,35,Female,Non-Hispanic White,Current,33.8,100,99,102,100.33333333333333
111971,Both interviewed and MEC examined,45,Male,Non-Hispanic White,Current,27.4,122,125,127,124.66666666666667
111972,Both interviewed and MEC examined,37,Female,Mexican American,Never,24.4,111,104,98,104.33333333333333
111973,Both interviewed and MEC examined,51,Female,Mexican American,Never,34.6,NA,NA,NA,NA
111974,Both interviewed and MEC examined,26,Male,Mexican American,Current,28.9,115,112,114,113.66666666666667
111975,Both interviewed and MEC examined,59,Female,Non-Hispanic Black,Never,28.9,167,168,161,165.33333333333334
111980,Both interviewed and MEC examined,47,Female,Non-Hispanic White,Former,43.6,120,109,107,112
111982,Both interviewed and MEC examined,25,Female,Non-Hispanic Black,Never,66.2,106,106,107,106.33333333333333
111983,Both interviewed and MEC examined,63,Male,Non-Hispanic Black,Never,29.1,114,120,123,119
111984,Both interviewed and MEC examined,34,Female,Non-Hispanic Asian,Never,20.9,NA,NA,NA,NA
111985,Both interviewed and MEC examined,42,Female,Non-Hispanic Black,Never,39.2,98,93,96,95.66666666666667
111986,Both interviewed and MEC examined,60,Male,Non-Hispanic Black,Never,30.1,163,173,172,169.33333333333334
111990,Both interviewed and MEC examined,61,Female,Other Hispanic,Never,39.1,126,121,134,127
111991,Both interviewed and MEC examined,44,Female,Non-Hispanic White,Former,47,111,125,122,119.33333333333333
111993,Both interviewed and MEC examined,38,Male,Non-Hispanic Black,Former,33.3,115,117,115,115.66666666666667
111994,Both interviewed and MEC examined,63,Male,Other Hispanic,Former,31.7,144,157,146,149
111995,Both interviewed and MEC examined,22,Male,Non-Hispanic White,Never,38,139,128,136,134.33333333333334
111997,Both interviewed and MEC examined,77,Male,Non-Hispanic White,Former,29.1,131,134,140,135
111999,Both interviewed and MEC examined,47,Male,Non-Hispanic White,Former,47.7,98,102,115,105
112001,Both interviewed and MEC examined,59,Male,Non-Hispanic White,Never,29.7,145,147,148,146.66666666666666
112002,Both interviewed and MEC examined,33,Female,Non-Hispanic Asian,Never,25,110,110,106,108.66666666666667
112005,Both interviewed and MEC examined,77,Male,Non-Hispanic White,Former,36.4,107,119,115,113.66666666666667
112008,Both interviewed and MEC examined,77,Male,Non-Hispanic Asian,Never,22.7,151,141,149,147
112010,Both interviewed and MEC examined,29,Male,Non-Hispanic Black,Never,22,130,129,134,131
112011,Both interviewed and MEC examined,60,Male,Non-Hispanic White,Never,25.8,131,125,131,129
112012,Both interviewed and MEC examined,32,Male,Non-Hispanic Black,Current,28.6,114,118,126,119.33333333333333
112014,Both interviewed and MEC examined,59,Male,Non-Hispanic White,Current,20.5,164,170,173,169
112015,Both interviewed and MEC examined,79,Female,Non-Hispanic Black,Former,29.4,NA,NA,NA,NA
112016,Both interviewed and MEC examined,55,Female,Non-Hispanic Black,Former,35.1,129,129,135,131
112018,Both interviewed and MEC examined,29,Male,Non-Hispanic Black,Never,30.2,118,132,129,126.33333333333333
112019,Both interviewed and MEC examined,74,Female,Non-Hispanic White,Current,34,129,131,122,127.33333333333333
112021,Both interviewed and MEC examined,52,Female,Non-Hispanic White,Never,43.1,115,116,115,115.33333333333333
112022,Both interviewed and MEC examined,77,Female,Other Hispanic,Never,36.2,NA,NA,NA,NA
112023,Both interviewed and MEC examined,41,Female,Non-Hispanic White,Former,29.5,157,145,148,150
112025,Both interviewed and MEC examined,57,Male,Non-Hispanic White,Former,45.3,139,145,148,144
112028,Both interviewed and MEC examined,55,Female,Non-Hispanic White,Current,30.4,120,118,117,118.33333333333333
112030,Both interviewed and MEC examined,72,Male,Non-Hispanic White,Never,25.7,122,118,123,121
112034,Both interviewed and MEC examined,21,Female,Non-Hispanic White,Former,19,99,101,99,99.66666666666667
112038,Both interviewed and MEC examined,33,Male,Non-Hispanic Black,Never,26.4,NA,NA,NA,NA
112040,Both interviewed and MEC examined,23,Male,Non-Hispanic White,Former,31.7,130,122,121,124.33333333333333
112041,Both interviewed and MEC examined,30,Male,Other Hispanic,Current,38.9,118,119,115,117.33333333333333
112045,Both interviewed and MEC examined,67,Male,Non-Hispanic White,Never,37.6,127,134,132,131
112047,Both interviewed and MEC examined,63,Male,Mexican American,Former,37.1,139,140,140,139.66666666666666
112050,Both interviewed and MEC examined,61,Female,Non-Hispanic White,Never,35.4,111,110,109,110
112052,Both interviewed and MEC examined,44,Male,Other Race - Including Multi-Racial,Former,27.5,105,104,111,106.66666666666667
112053,Both interviewed and MEC examined,77,Female,Non-Hispanic Black,Current,37.9,155,150,146,150.33333333333334
112054,Both interviewed and MEC examined,55,Female,Non-Hispanic White,Never,21.8,113,124,118,118.33333333333333
112055,Both interviewed and MEC examined,39,Female,Non-Hispanic White,Never,24.1,104,107,100,103.66666666666667
112059,Both interviewed and MEC examined,43,Female,Non-Hispanic Asian,Never,40.4,100,101,108,103
112060,Both interviewed and MEC examined,43,Male,Non-Hispanic Black,Never,27.3,121,128,125,124.66666666666667
112063,Both interviewed and MEC examined,41,Female,Non-Hispanic Black,Never,42.2,129,129,128,128.66666666666666
112067,Both interviewed and MEC examined,63,Male,Other Hispanic,Never,25.6,142,133,137,137.33333333333334
112071,Both interviewed and MEC examined,57,Female,Mexican American,Never,32.1,109,107,107,107.66666666666667
112072,Both interviewed and MEC examined,62,Male,Non-Hispanic White,Current,47.5,112,119,110,113.66666666666667
112073,Both interviewed and MEC examined,28,Male,Mexican American,Current,21.6,111,112,109,110.66666666666667
112077,Both interviewed and MEC examined,25,Female,Other Race - Including Multi-Racial,Never,35.4,112,119,113,114.66666666666667
112078,Both interviewed and MEC examined,61,Male,Non-Hispanic Asian,Never,24.7,118,115,125,119.33333333333333
112079,Both interviewed and MEC examined,70,Female,Non-Hispanic Asian,Never,24.8,NA,NA,NA,NA
112080,Both interviewed and MEC examined,56,Male,Non-Hispanic Asian,Never,27.2,146,132,134,137.33333333333334
112081,Both interviewed and MEC examined,74,Male,Non-Hispanic White,Former,29.1,126,124,131,127
112084,Both interviewed and MEC examined,74,Male,Non-Hispanic White,Former,31.2,115,121,119,118.33333333333333
112086,Both interviewed and MEC examined,50,Male,Mexican American,Never,29.5,139,140,148,142.33333333333334
112088,Both interviewed and MEC examined,26,Female,Non-Hispanic Black,Never,32.7,89,87,87,87.66666666666667
112089,Both interviewed and MEC examined,54,Female,Non-Hispanic White,Never,27.2,103,109,112,108
112090,Both interviewed and MEC examined,74,Female,Non-Hispanic Black,Current,24.2,135,117,129,127
112092,Both interviewed and MEC examined,42,Male,Non-Hispanic Black,Current,34.3,144,143,150,145.66666666666666
112095,Both interviewed and MEC examined,67,Male,Mexican American,Former,20.9,108,106,110,108
112098,Both interviewed and MEC examined,62,Female,Non-Hispanic Asian,Never,24.5,127,131,135,131
112099,Both interviewed and MEC examined,72,Female,Mexican American,Former,28.3,156,159,157,157.33333333333334
112100,Both interviewed and MEC examined,56,Male,Non-Hispanic White,Former,23.5,130,123,125,126
112102,Both interviewed and MEC examined,38,Male,Mexican American,Never,28.8,120,123,122,121.66666666666667
112104,Both interviewed and MEC examined,67,Female,Other Race - Including Multi-Racial,Former,23.8,122,122,126,123.33333333333333
112105,Both interviewed and MEC examined,55,Male,Non-Hispanic White,Former,34.6,126,114,122,120.66666666666667
112106,Both interviewed and MEC examined,30,Male,Non-Hispanic Asian,Never,33.9,160,160,168,162.66666666666666
112108,Both interviewed and MEC examined,53,Female,Non-Hispanic Black,Never,56.9,130,131,120,127
112109,Both interviewed and MEC examined,38,Male,Non-Hispanic Black,Current,19.6,141,142,134,139
112110,Both interviewed and MEC examined,37,Female,Non-Hispanic White,Former,26.9,107,99,108,104.66666666666667
112113,Both interviewed and MEC examined,70,Female,Non-Hispanic Black,Former,35.5,149,152,156,152.33333333333334
112115,Both interviewed and MEC examined,46,Male,Non-Hispanic Black,Never,36.2,166,156,156,159.33333333333334
112116,Both interviewed and MEC examined,45,Male,Non-Hispanic Asian,Never,25.2,124,123,120,122.33333333333333
112117,Both interviewed and MEC examined,72,Male,Other Hispanic,Former,33.4,98,93,93,94.66666666666667
112118,Both interviewed and MEC examined,34,Female,Other Hispanic,Former,NA,108,110,112,110
112122,Both interviewed and MEC examined,22,Female,Mexican American,Never,24.2,95,93,102,96.66666666666667
112123,Both interviewed and MEC examined,79,Male,Non-Hispanic White,Former,32.1,143,139,142,141.33333333333334
112124,Both interviewed and MEC examined,71,Male,Mexican American,Former,21.3,168,165,168,167
112126,Both interviewed and MEC examined,68,Female,Non-Hispanic White,Current,29.9,133,143,148,141.33333333333334
112127,Both interviewed and MEC examined,50,Female,Non-Hispanic Black,Never,45.9,128,121,114,121
112131,Both interviewed and MEC examined,43,Male,Mexican American,Current,28,123,117,124,121.33333333333333
112132,Both interviewed and MEC examined,63,Male,Non-Hispanic White,Current,25.3,121,112,119,117.33333333333333
112134,Both interviewed and MEC examined,77,Male,Non-Hispanic Black,Never,28.5,152,147,151,150
112135,Both interviewed and MEC examined,65,Female,Non-Hispanic Asian,Never,22.1,114,119,112,115
112136,Both interviewed and MEC examined,61,Male,Mexican American,Never,35.7,125,130,129,128
112137,Both interviewed and MEC examined,54,Female,Mexican American,Never,32.2,127,132,126,128.33333333333334
112139,Both interviewed and MEC examined,33,Female,Mexican American,Never,37.5,112,110,108,110
112142,Both interviewed and MEC examined,55,Female,Non-Hispanic White,Former,30.7,96,98,96,96.66666666666667
112145,Both interviewed and MEC examined,41,Female,Other Race - Including Multi-Racial,Former,27.1,119,124,117,120
112146,Both interviewed and MEC examined,31,Female,Non-Hispanic Black,Never,42.3,147,153,140,146.66666666666666
112148,Both interviewed and MEC examined,32,Female,Non-Hispanic White,Never,43.5,124,124,119,122.33333333333333
112149,Both interviewed and MEC examined,64,Male,Non-Hispanic Black,Never,28.8,121,121,125,122.33333333333333
112156,Both interviewed and MEC examined,43,Female,Non-Hispanic Asian,Never,25,122,122,127,123.66666666666667
112158,Both interviewed and MEC examined,33,Female,Non-Hispanic White,Never,22.8,109,111,108,109.33333333333333
112159,Both interviewed and MEC examined,64,Male,Non-Hispanic Black,Current,24.6,157,145,156,152.66666666666666
112161,Both interviewed and MEC examined,45,Female,Non-Hispanic Black,Never,29.5,122,120,121,121
112164,Both interviewed and MEC examined,40,Female,Non-Hispanic White,Never,39,111,107,114,110.66666666666667
112168,Both interviewed and MEC examined,55,Female,Non-Hispanic Black,Never,48.9,138,149,133,140
112169,Both interviewed and MEC examined,61,Male,Non-Hispanic White,Former,47,130,135,142,135.66666666666666
112170,Both interviewed and MEC examined,57,Female,Non-Hispanic White,Never,31.4,122,125,128,125
112171,Both interviewed and MEC examined,66,Female,Non-Hispanic Asian,Never,23.7,146,142,151,146.33333333333334
112173,Both interviewed and MEC examined,26,Male,Other Hispanic,Current,25.6,NA,NA,NA,NA
112174,Both interviewed and MEC examined,60,Female,Non-Hispanic Black,Never,24.7,118,111,112,113.66666666666667
112180,Both interviewed and MEC examined,76,Female,Non-Hispanic Asian,Never,19.6,119,121,118,119.33333333333333
112182,Both interviewed and MEC examined,41,Male,Non-Hispanic White,Former,36.5,115,118,118,117
112183,Both interviewed and MEC examined,34,Female,Non-Hispanic Black,Current,33.3,119,124,122,121.66666666666667
112184,Both interviewed and MEC examined,60,Male,Non-Hispanic White,Never,28.6,109,114,112,111.66666666666667
112186,Both interviewed and MEC examined,51,Female,Non-Hispanic Black,Never,27,NA,NA,NA,NA
112187,Both interviewed and MEC examined,58,Female,Mexican American,Never,32.2,131,130,130,130.33333333333334
112190,Both interviewed and MEC examined,72,Male,Mexican American,Former,30.1,147,142,140,143
112191,Both interviewed and MEC examined,41,Male,Other Hispanic,Never,27,116,116,113,115
112193,Both interviewed and MEC examined,65,Male,Other Hispanic,Former,21,133,138,141,137.33333333333334
112194,Both interviewed and MEC examined,69,Female,Non-Hispanic White,Never,32.7,123,125,128,125.33333333333333
112195,Both interviewed and MEC examined,60,Female,Other Hispanic,Former,42.8,108,107,108,107.66666666666667
112198,Both interviewed and MEC examined,48,Female,Non-Hispanic White,Current,29.6,127,124,123,124.66666666666667
112201,Both interviewed and MEC examined,24,Female,Mexican American,Never,18.8,107,104,105,105.33333333333333
112205,Both interviewed and MEC examined,49,Male,Non-Hispanic Black,Never,31.7,129,125,124,126
112206,Both interviewed and MEC examined,22,Male,Non-Hispanic Black,Never,20.9,147,152,147,148.66666666666666
112207,Both interviewed and MEC examined,53,Female,Other Hispanic,Never,28.2,102,105,117,108
112208,Both interviewed and MEC examined,22,Male,Non-Hispanic Black,Never,27.7,126,122,117,121.66666666666667
112209,Both interviewed and MEC examined,39,Female,Other Hispanic,Never,NA,119,121,127,122.33333333333333
112210,Both interviewed and MEC examined,53,Male,Non-Hispanic Asian,Never,24.6,113,114,111,112.66666666666667
112211,Both interviewed and MEC examined,42,Male,Mexican American,Never,25.7,122,129,117,122.66666666666667
112212,Both interviewed and MEC examined,65,Male,Other Race - Including Multi-Racial,Current,31.9,123,117,127,122.33333333333333
112213,Both interviewed and MEC examined,39,Female,Non-Hispanic White,Former,44.6,107,104,106,105.66666666666667
112215,Both interviewed and MEC examined,63,Male,Non-Hispanic Black,Former,25.6,166,168,159,164.33333333333334
112218,Both interviewed and MEC examined,42,Male,Non-Hispanic Black,Never,33.1,109,113,113,111.66666666666667
112219,Both interviewed and MEC examined,23,Male,Other Race - Including Multi-Racial,Never,20.7,120,123,121,121.33333333333333
112221,Both interviewed and MEC examined,54,Female,Non-Hispanic Black,Never,33.1,156,154,151,153.66666666666666
112222,Both interviewed and MEC examined,21,Male,Other Hispanic,Never,31,135,116,120,123.66666666666667
112226,Both interviewed and MEC examined,76,Male,Non-Hispanic White,Former,29.2,100,99,99,99.33333333333333
112228,Both interviewed and MEC examined,27,Female,Non-Hispanic White,Never,20,94,91,93,92.66666666666667
112230,Both interviewed and MEC examined,60,Male,Non-Hispanic White,Never,33.8,117,120,120,119
112233,Both interviewed and MEC examined,63,Female,Non-Hispanic Black,Never,39,115,111,107,111
112235,Both interviewed and MEC examined,40,Female,Non-Hispanic Black,Never,47.1,98,90,89,92.33333333333333
112236,Both interviewed and MEC examined,36,Female,Non-Hispanic Black,Never,30.7,104,106,107,105.66666666666667
112237,Both interviewed and MEC examined,69,Female,Non-Hispanic Asian,Never,20.1,118,122,118,119.33333333333333
112238,Both interviewed and MEC examined,66,Female,Mexican American,Never,28.1,NA,NA,NA,NA
112239,Both interviewed and MEC examined,38,Female,Non-Hispanic Black,Never,32,122,120,123,121.66666666666667
112241,Both interviewed and MEC examined,42,Male,Non-Hispanic White,Never,41.8,127,128,132,129
112242,Both interviewed and MEC examined,28,Male,Other Hispanic,Never,39.6,117,115,115,115.66666666666667
112243,Both interviewed and MEC examined,69,Female,Non-Hispanic White,Never,29.2,115,120,114,116.33333333333333
112244,Both interviewed and MEC examined,66,Female,Non-Hispanic Black,Former,NA,200,222,220,214
112248,Both interviewed and MEC examined,32,Female,Other Race - Including Multi-Racial,Never,35,120,123,120,121
112250,Both interviewed and MEC examined,55,Female,Non-Hispanic Asian,Never,33.9,NA,NA,NA,NA
112251,Both interviewed and MEC examined,27,Female,Mexican American,Never,40.9,102,98,102,100.66666666666667
112252,Both interviewed and MEC examined,32,Male,Non-Hispanic White,Never,28.7,139,138,129,135.33333333333334
112256,Both interviewed and MEC examined,30,Male,Non-Hispanic Black,Never,22,NA,NA,NA,NA
112265,Both interviewed and MEC examined,61,Male,Mexican American,Never,23.5,118,120,120,119.33333333333333
112268,Both interviewed and MEC examined,78,Male,Non-Hispanic White,Former,34.8,134,115,128,125.66666666666667
112269,Both interviewed and MEC examined,71,Female,Non-Hispanic White,Never,25.9,152,156,160,156
112270,Both interviewed and MEC examined,58,Male,Mexican American,Former,21.9,NA,NA,NA,NA
112271,Both interviewed and MEC examined,70,Female,Mexican American,Never,25.5,151,150,141,147.33333333333334
112273,Both interviewed and MEC examined,21,Female,Mexican American,Never,32.3,93,93,96,94
112275,Both interviewed and MEC examined,46,Female,Non-Hispanic Black,Never,35.9,147,153,148,149.33333333333334
112276,Both interviewed and MEC examined,61,Female,Non-Hispanic Black,Never,30,117,114,114,115
112277,Both interviewed and MEC examined,37,Male,Other Hispanic,Former,32.5,125,131,129,128.33333333333334
112280,Both interviewed and MEC examined,58,Female,Non-Hispanic Black,Current,25.3,116,105,111,110.66666666666667
112282,Both interviewed and MEC examined,50,Female,Non-Hispanic Black,Current,30.6,120,115,117,117.33333333333333
112284,Both interviewed and MEC examined,30,Female,Non-Hispanic White,Current,36.6,101,107,108,105.33333333333333
112285,Both interviewed and MEC examined,65,Male,Non-Hispanic Black,Never,46.1,158,159,155,157.33333333333334
112287,Both interviewed and MEC examined,75,Female,Non-Hispanic Black,Former,29.4,155,147,148,150
112288,Both interviewed and MEC examined,39,Female,Other Hispanic,Former,36.2,114,112,114,113.33333333333333
112289,Both interviewed and MEC examined,29,Male,Non-Hispanic White,Current,26.5,108,116,118,114
112291,Both interviewed and MEC examined,65,Male,Non-Hispanic White,Former,23.7,117,123,115,118.33333333333333
112292,Both interviewed and MEC examined,21,Male,Non-Hispanic Black,Never,27.3,113,113,115,113.66666666666667
112294,Both interviewed and MEC examined,56,Male,Mexican American,Never,28.8,135,137,130,134
112295,Both interviewed and MEC examined,49,Female,Non-Hispanic White,Never,23.6,117,115,117,116.33333333333333
112296,Both interviewed and MEC examined,41,Male,Non-Hispanic Black,Current,27.1,119,118,123,120
112299,Both interviewed and MEC examined,56,Female,Non-Hispanic White,Never,25.8,135,145,133,137.66666666666666
112300,Both interviewed and MEC examined,64,Male,Non-Hispanic White,Former,31.6,138,129,139,135.33333333333334
112303,Both interviewed and MEC examined,63,Female,Other Race - Including Multi-Racial,Former,45,106,100,99,101.66666666666667
112305,Both interviewed and MEC examined,67,Female,Non-Hispanic Black,Former,53.3,168,151,NA,159.5
112306,Both interviewed and MEC examined,21,Female,Non-Hispanic Black,Never,29.9,NA,NA,NA,NA
112308,Both interviewed and MEC examined,29,Female,Non-Hispanic White,Never,21.9,106,106,106,106
112309,Both interviewed and MEC examined,39,Female,Non-Hispanic White,Current,31.5,119,120,122,120.33333333333333
112312,Both interviewed and MEC examined,45,Male,Mexican American,Never,29,113,113,120,115.33333333333333
112313,Both interviewed and MEC examined,26,Male,Non-Hispanic Black,Never,40.8,111,109,107,109
112314,Both interviewed and MEC examined,70,Female,Mexican American,Never,34.4,153,157,156,155.33333333333334
112315,Both interviewed and MEC examined,55,Female,Non-Hispanic Black,Never,35,169,172,171,170.66666666666666
112316,Both interviewed and MEC examined,42,Female,Non-Hispanic Black,Never,30.6,130,125,119,124.66666666666667
112317,Both interviewed and MEC examined,75,Male,Non-Hispanic White,Former,29.9,137,142,136,138.33333333333334
112319,Both interviewed and MEC examined,33,Female,Non-Hispanic White,Current,25.6,121,118,117,118.66666666666667
112320,Both interviewed and MEC examined,48,Female,Non-Hispanic White,Former,36.5,140,145,145,143.33333333333334
112321,Both interviewed and MEC examined,47,Male,Non-Hispanic White,Former,31.4,136,138,140,138
112327,Both interviewed and MEC examined,57,Male,Non-Hispanic White,Never,37.4,118,120,127,121.66666666666667
112328,Both interviewed and MEC examined,55,Male,Mexican American,Never,25.2,106,106,97,103
112329,Both interviewed and MEC examined,32,Female,Non-Hispanic Black,Never,23,NA,NA,NA,NA
112330,Both interviewed and MEC examined,37,Female,Non-Hispanic Black,Current,40.3,158,157,166,160.33333333333334
112331,Both interviewed and MEC examined,56,Male,Non-Hispanic White,Never,31,124,120,120,121.33333333333333
112332,Both interviewed and MEC examined,59,Female,Non-Hispanic White,Current,36,128,129,129,128.66666666666666
112333,Both interviewed and MEC examined,55,Female,Non-Hispanic Black,Never,51.2,118,123,116,119
112335,Both interviewed and MEC examined,58,Female,Other Hispanic,Never,25,131,133,132,132
112340,Both interviewed and MEC examined,45,Female,Other Hispanic,Never,30.5,NA,NA,NA,NA
112341,Both interviewed and MEC examined,29,Female,Other Race - Including Multi-Racial,Former,21.6,NA,NA,NA,NA
112344,Both interviewed and MEC examined,57,Female,Non-Hispanic Asian,Never,23.3,NA,NA,NA,NA
112345,Both interviewed and MEC examined,58,Male,Non-Hispanic White,Current,21.5,141,142,136,139.66666666666666
112347,Both interviewed and MEC examined,56,Male,Mexican American,Never,24.6,NA,NA,NA,NA
112350,Both interviewed and MEC examined,48,Female,Non-Hispanic White,Never,40,123,125,117,121.66666666666667
112354,Both interviewed and MEC examined,38,Male,Non-Hispanic White,Never,31.1,132,128,135,131.66666666666666
112355,Both interviewed and MEC examined,21,Male,Non-Hispanic White,Current,20.8,106,108,104,106
112356,Both interviewed and MEC examined,21,Female,Non-Hispanic Black,Never,41.9,110,104,103,105.66666666666667
112357,Both interviewed and MEC examined,28,Female,Non-Hispanic Asian,Never,24.2,107,107,108,107.33333333333333
112358,Both interviewed and MEC examined,29,Male,Other Hispanic,Never,34.5,124,126,129,126.33333333333333
112359,Both interviewed and MEC examined,62,Male,Non-Hispanic Black,Current,31.1,145,152,161,152.66666666666666
112360,Both interviewed and MEC examined,32,Male,Non-Hispanic Asian,Never,25.5,122,125,135,127.33333333333333
112361,Both interviewed and MEC examined,56,Male,Mexican American,Former,29.6,145,138,140,141
112362,Both interviewed and MEC examined,40,Female,Non-Hispanic Black,Current,42.8,151,138,144,144.33333333333334
112363,Both interviewed and MEC examined,59,Male,Non-Hispanic Asian,Never,24.7,129,124,138,130.33333333333334
112365,Both interviewed and MEC examined,58,Female,Other Hispanic,Never,24.1,117,115,111,114.33333333333333
112368,Both interviewed and MEC examined,47,Male,Non-Hispanic Asian,Never,30.2,127,119,121,122.33333333333333
112370,Both interviewed and MEC examined,40,Female,Other Hispanic,Never,35.2,96,101,98,98.33333333333333
112371,Both interviewed and MEC examined,23,Female,Non-Hispanic Black,Never,19.1,110,115,116,113.66666666666667
112375,Both interviewed and MEC examined,50,Male,Non-Hispanic Asian,Never,28.8,138,133,136,135.66666666666666
112377,Both interviewed and MEC examined,44,Female,Non-Hispanic Black,Never,43.3,109,110,111,110
112382,Both interviewed and MEC examined,32,Female,Non-Hispanic White,Current,48.4,NA,NA,NA,NA
112383,Both interviewed and MEC examined,30,Male,Mexican American,Current,26.2,113,115,112,113.33333333333333
112385,Both interviewed and MEC examined,21,Male,Non-Hispanic White,Never,24.7,113,107,107,109
112386,Both interviewed and MEC examined,63,Male,Non-Hispanic White,Current,26.8,113,105,106,108
112387,Both interviewed and MEC examined,59,Male,Non-Hispanic Black,Former,33.2,149,153,150,150.66666666666666
112389,Both interviewed and MEC examined,44,Male,Non-Hispanic Asian,Never,29.5,115,110,108,111
112394,Both interviewed and MEC examined,49,Female,Non-Hispanic Asian,Former,20.2,106,114,118,112.66666666666667
112399,Both interviewed and MEC examined,78,Female,Non-Hispanic Asian,Never,22.4,156,159,149,154.66666666666666
112400,Both interviewed and MEC examined,52,Female,Non-Hispanic White,Never,34.8,128,132,122,127.33333333333333
112402,Both interviewed and MEC examined,68,Female,Non-Hispanic Black,Never,30.4,138,143,157,146
112403,Both interviewed and MEC examined,46,Male,Mexican American,Never,28.5,123,128,126,125.66666666666667
112406,Both interviewed and MEC examined,37,Male,Non-Hispanic White,Never,48.3,131,123,135,129.66666666666666
112408,Both interviewed and MEC examined,42,Male,Non-Hispanic Asian,Never,19.3,109,106,109,108
112409,Both interviewed and MEC examined,52,Male,Non-Hispanic Asian,Never,NA,145,135,140,140
112410,Both interviewed and MEC examined,73,Female,Non-Hispanic Black,Never,39.1,165,163,160,162.66666666666666
112412,Both interviewed and MEC examined,40,Female,Other Hispanic,Never,22.9,122,117,119,119.33333333333333
112415,Both interviewed and MEC examined,47,Female,Other Hispanic,Former,37.4,98,110,108,105.33333333333333
112419,Both interviewed and MEC examined,41,Male,Non-Hispanic Asian,Current,27,121,123,121,121.66666666666667
112421,Both interviewed and MEC examined,65,Male,Non-Hispanic Asian,Former,25.8,112,119,113,114.66666666666667
112422,Both interviewed and MEC examined,60,Female,Non-Hispanic Black,Former,47,208,199,179,195.33333333333334
112426,Both interviewed and MEC examined,66,Female,Non-Hispanic Black,Never,25.1,173,183,173,176.33333333333334
112427,Both interviewed and MEC examined,52,Female,Non-Hispanic White,Current,19.7,131,135,127,131
112431,Both interviewed and MEC examined,22,Female,Non-Hispanic Black,Never,27.6,107,112,111,110
112432,Both interviewed and MEC examined,33,Female,Non-Hispanic White,Former,40.2,123,121,122,122
112433,Both interviewed and MEC examined,57,Male,Non-Hispanic Black,Current,23.4,124,124,131,126.33333333333333
112434,Both interviewed and MEC examined,37,Female,Non-Hispanic Black,Never,24.1,108,108,108,108
112435,Both interviewed and MEC examined,79,Male,Non-Hispanic Black,Never,39.2,142,137,141,140
112436,Both interviewed and MEC examined,24,Female,Non-Hispanic White,Never,26.9,114,111,121,115.33333333333333
112437,Both interviewed and MEC examined,76,Female,Non-Hispanic Black,Never,21.9,154,183,176,171
112438,Both interviewed and MEC examined,33,Female,Non-Hispanic White,Never,37.2,112,109,108,109.66666666666667
112444,Both interviewed and MEC examined,57,Female,Mexican American,Never,41.7,125,121,123,123
112446,Both interviewed and MEC examined,55,Male,Non-Hispanic Asian,Never,26.6,109,113,110,110.66666666666667
112448,Both interviewed and MEC examined,69,Male,Non-Hispanic White,Former,44.5,115,114,107,112
112450,Both interviewed and MEC examined,69,Female,Non-Hispanic Black,Former,31,179,183,164,175.33333333333334
112451,Both interviewed and MEC examined,50,Male,Non-Hispanic Asian,Current,27.7,124,124,128,125.33333333333333
112452,Both interviewed and MEC examined,72,Female,Non-Hispanic White,Former,35.8,103,100,104,102.33333333333333
112454,Both interviewed and MEC examined,62,Male,Non-Hispanic White,Never,28,122,123,122,122.33333333333333
112456,Both interviewed and MEC examined,66,Male,Non-Hispanic Black,Current,24.8,150,143,145,146
112459,Both interviewed and MEC examined,33,Male,Non-Hispanic Black,Never,56.5,NA,NA,NA,NA
112460,Both interviewed and MEC examined,77,Female,Non-Hispanic Asian,Never,28.9,NA,NA,NA,NA
112462,Both interviewed and MEC examined,31,Male,Other Race - Including Multi-Racial,Former,40,111,110,114,111.66666666666667
112464,Both interviewed and MEC examined,69,Female,Non-Hispanic Black,Never,27.4,139,136,145,140
112465,Both interviewed and MEC examined,79,Female,Mexican American,Never,22,NA,NA,NA,NA
112466,Both interviewed and MEC examined,29,Male,Mexican American,Former,37.9,116,117,115,116
112469,Both interviewed and MEC examined,45,Female,Mexican American,Never,30.5,NA,NA,NA,NA
112471,Both interviewed and MEC examined,79,Female,Non-Hispanic Asian,Never,26.9,163,162,165,163.33333333333334
112475,Both interviewed and MEC examined,73,Female,Non-Hispanic White,Former,44.5,142,143,142,142.33333333333334
112477,Both interviewed and MEC examined,34,Female,Mexican American,Never,27,103,94,98,98.33333333333333
112480,Both interviewed and MEC examined,30,Male,Other Hispanic,Never,29,130,129,116,125
112482,Both interviewed and MEC examined,31,Male,Non-Hispanic Black,Never,NA,84,85,84,84.33333333333333
112483,Both interviewed and MEC examined,59,Male,Non-Hispanic Black,Never,24.4,111,84,107,100.66666666666667
112486,Both interviewed and MEC examined,79,Male,Non-Hispanic White,Never,34,NA,NA,NA,NA
112488,Both interviewed and MEC examined,61,Male,Non-Hispanic Black,Former,40.8,121,124,125,123.33333333333333
112492,Both interviewed and MEC examined,65,Male,Non-Hispanic White,Former,30.4,110,112,98,106.66666666666667
112494,Both interviewed and MEC examined,56,Female,Non-Hispanic Black,Current,26.8,129,124,123,125.33333333333333
112497,Both interviewed and MEC examined,64,Female,Other Race - Including Multi-Racial,Never,26.2,134,132,135,133.66666666666666
112499,Both interviewed and MEC examined,57,Male,Non-Hispanic Asian,Former,21.7,105,103,104,104
112501,Both interviewed and MEC examined,55,Female,Other Hispanic,Never,41.8,122,116,121,119.66666666666667
112503,Both interviewed and MEC examined,67,Female,Non-Hispanic White,Former,37.3,122,124,134,126.66666666666667
112504,Both interviewed and MEC examined,41,Male,Mexican American,Current,31.3,140,137,136,137.66666666666666
112506,Both interviewed and MEC examined,48,Male,Non-Hispanic Black,Never,28.7,132,121,130,127.66666666666667
112509,Both interviewed and MEC examined,35,Male,Non-Hispanic Asian,Former,40.1,104,106,104,104.66666666666667
112510,Both interviewed and MEC examined,68,Female,Non-Hispanic White,Never,39.6,138,144,136,139.33333333333334
112511,Both interviewed and MEC examined,66,Male,Other Race - Including Multi-Racial,Current,25.1,156,155,143,151.33333333333334
112512,Both interviewed and MEC examined,55,Female,Mexican American,Never,28.3,107,102,105,104.66666666666667
112513,Both interviewed and MEC examined,66,Female,Mexican American,Current,NA,NA,NA,NA,NA
112514,Both interviewed and MEC examined,63,Male,Non-Hispanic Black,Never,18.5,128,126,129,127.66666666666667
112515,Both interviewed and MEC examined,78,Female,Non-Hispanic Black,Never,29,172,178,175,175
112516,Both interviewed and MEC examined,55,Male,Non-Hispanic White,Former,35.1,140,136,141,139
112517,Both interviewed and MEC examined,69,Female,Non-Hispanic Asian,Never,22.2,150,150,153,151
112520,Both interviewed and MEC examined,55,Male,Non-Hispanic White,Never,36,123,125,128,125.33333333333333
112523,Both interviewed and MEC examined,31,Male,Other Hispanic,Never,30.1,NA,NA,NA,NA
112525,Both interviewed and MEC examined,65,Female,Non-Hispanic Black,Never,41.4,162,164,160,162
112530,Both interviewed and MEC examined,70,Female,Non-Hispanic Asian,Never,20,154,144,145,147.66666666666666
112531,Both interviewed and MEC examined,53,Female,Non-Hispanic Asian,Current,22.5,111,109,103,107.66666666666667
112532,Both interviewed and MEC examined,63,Female,Non-Hispanic White,Never,33.3,135,131,128,131.33333333333334
112534,Both interviewed and MEC examined,41,Male,Mexican American,Current,36.5,133,130,137,133.33333333333334
112535,Both interviewed and MEC examined,53,Male,Non-Hispanic Black,Never,30.6,NA,NA,NA,NA
112538,Both interviewed and MEC examined,46,Female,Non-Hispanic White,Never,22.9,96,121,110,109
112540,Both interviewed and MEC examined,26,Female,Non-Hispanic Black,Never,25.9,111,NA,NA,111
112542,Both interviewed and MEC examined,65,Female,Non-Hispanic Black,Former,34.4,99,92,99,96.66666666666667
112543,Both interviewed and MEC examined,55,Male,Non-Hispanic White,Former,30.3,149,153,155,152.33333333333334
112544,Both interviewed and MEC examined,28,Female,Mexican American,Never,28.9,100,109,94,101
112545,Both interviewed and MEC examined,24,Male,Other Race - Including Multi-Racial,Never,NA,NA,NA,NA,NA
112546,Both interviewed and MEC examined,37,Female,Non-Hispanic White,Former,48.8,113,110,111,111.33333333333333
112550,Both interviewed and MEC examined,44,Male,Non-Hispanic White,Former,26.4,114,113,111,112.66666666666667
112551,Both interviewed and MEC examined,23,Male,Other Race - Including Multi-Racial,Never,22.9,150,130,140,140
112552,Both interviewed and MEC examined,60,Female,Non-Hispanic White,Never,46.9,103,100,101,101.33333333333333
112553,Both interviewed and MEC examined,37,Female,Non-Hispanic Black,Never,30.1,119,123,123,121.66666666666667
112556,Both interviewed and MEC examined,29,Female,Non-Hispanic Black,Never,27.5,94,89,92,91.66666666666667
112560,Both interviewed and MEC examined,64,Female,Non-Hispanic Black,Never,33.9,123,120,130,124.33333333333333
112562,Both interviewed and MEC examined,49,Female,Non-Hispanic Black,Never,49.9,128,122,116,122
112563,Both interviewed and MEC examined,44,Female,Non-Hispanic Black,Never,31.5,115,120,122,119
112565,Both interviewed and MEC examined,50,Female,Other Hispanic,Never,35.2,118,119,121,119.33333333333333
112566,Both interviewed and MEC examined,48,Female,Non-Hispanic Asian,Never,28.2,NA,NA,NA,NA
112567,Both interviewed and MEC examined,76,Male,Non-Hispanic White,Former,30.9,134,139,128,133.66666666666666
112568,Both interviewed and MEC examined,53,Male,Non-Hispanic Asian,Never,21.1,118,125,123,122
112569,Both interviewed and MEC examined,46,Female,Mexican American,Current,28.7,NA,NA,NA,NA
112571,Both interviewed and MEC examined,47,Male,Non-Hispanic Black,Never,19.2,125,122,125,124
112574,Both interviewed and MEC examined,64,Male,Other Hispanic,Never,31.6,118,116,115,116.33333333333333
112576,Both interviewed and MEC examined,34,Female,Non-Hispanic White,Never,23.9,113,116,110,113
112578,Both interviewed and MEC examined,36,Male,Other Hispanic,Never,23.8,122,119,123,121.33333333333333
112579,Both interviewed and MEC examined,24,Female,Other Hispanic,Never,30.8,112,111,112,111.66666666666667
112580,Both interviewed and MEC examined,58,Female,Other Hispanic,Current,25.9,137,138,139,138
112581,Both interviewed and MEC examined,49,Female,Non-Hispanic Black,Current,48.8,86,96,95,92.33333333333333
112582,Both interviewed and MEC examined,49,Female,Non-Hispanic Black,Former,23.9,129,130,133,130.66666666666666
112583,Both interviewed and MEC examined,60,Female,Non-Hispanic Black,Never,27.3,115,122,121,119.33333333333333
112584,Both interviewed and MEC examined,73,Female,Non-Hispanic Asian,Never,24.3,NA,NA,NA,NA
112585,Both interviewed and MEC examined,75,Male,Other Race - Including Multi-Racial,Former,32.6,120,126,134,126.66666666666667
112586,Both interviewed and MEC examined,46,Female,Non-Hispanic Asian,Never,21.5,NA,NA,NA,NA
112587,Both interviewed and MEC examined,21,Female,Non-Hispanic Asian,Never,19.3,102,107,104,104.33333333333333
112589,Both interviewed and MEC examined,75,Male,Non-Hispanic Black,Former,31,118,126,126,123.33333333333333
112590,Both interviewed and MEC examined,43,Female,Non-Hispanic Black,Never,33.9,121,120,120,120.33333333333333
112593,Both interviewed and MEC examined,42,Male,Non-Hispanic Asian,Former,34.5,115,121,112,116
112594,Both interviewed and MEC examined,56,Female,Non-Hispanic White,Never,38.1,114,127,123,121.33333333333333
112596,Both interviewed and MEC examined,69,Female,Mexican American,Former,25.1,129,117,122,122.66666666666667
112600,Both interviewed and MEC examined,62,Female,Non-Hispanic White,Former,35.7,110,108,107,108.33333333333333
112605,Both interviewed and MEC examined,35,Female,Other Hispanic,Former,29.3,96,96,98,96.66666666666667
112606,Both interviewed and MEC examined,48,Female,Non-Hispanic White,Never,30,126,129,134,129.66666666666666
112608,Both interviewed and MEC examined,44,Female,Non-Hispanic Black,Current,42.2,92,99,102,97.66666666666667
112609,Both interviewed and MEC examined,62,Female,Non-Hispanic Asian,Former,36.5,136,132,128,132
112610,Both interviewed and MEC examined,49,Male,Non-Hispanic White,Former,35.8,151,144,148,147.66666666666666
112617,Both interviewed and MEC examined,35,Male,Other Race - Including Multi-Racial,Current,26,117,117,123,119
112619,Both interviewed and MEC examined,37,Female,Non-Hispanic Black,Never,24.8,NA,NA,NA,NA
112620,Both interviewed and MEC examined,56,Female,Mexican American,Never,44.6,138,139,131,136
112621,Both interviewed and MEC examined,62,Female,Non-Hispanic Black,Former,29.5,119,121,127,122.33333333333333
112622,Both interviewed and MEC examined,43,Female,Other Hispanic,Never,30.8,114,108,109,110.33333333333333
112627,Both interviewed and MEC examined,32,Male,Non-Hispanic White,Former,57.7,NA,NA,NA,NA
112630,Both interviewed and MEC examined,33,Male,Non-Hispanic White,Never,30.4,132,131,134,132.33333333333334
112634,Both interviewed and MEC examined,42,Male,Non-Hispanic Asian,Never,34.2,123,127,125,125
112637,Both interviewed and MEC examined,57,Male,Other Hispanic,Current,36.3,125,122,125,124
112639,Both interviewed and MEC examined,79,Female,Non-Hispanic White,Former,28.5,174,188,188,183.33333333333334
112642,Both interviewed and MEC examined,74,Male,Non-Hispanic Black,Former,26.2,150,157,165,157.33333333333334
112643,Both interviewed and MEC examined,35,Female,Non-Hispanic White,Current,24.1,114,113,116,114.33333333333333
112644,Both interviewed and MEC examined,76,Male,Non-Hispanic White,Former,23.8,128,130,131,129.66666666666666
112646,Both interviewed and MEC examined,70,Male,Non-Hispanic White,Current,27.9,87,84,90,87
112648,Both interviewed and MEC examined,33,Male,Other Hispanic,Never,35.8,127,127,125,126.33333333333333
112650,Both interviewed and MEC examined,43,Female,Other Race - Including Multi-Racial,Former,39.5,129,134,136,133
112659,Both interviewed and MEC examined,32,Male,Non-Hispanic Black,Never,23.9,109,108,111,109.33333333333333
112660,Both interviewed and MEC examined,43,Male,Mexican American,Former,32.5,129,130,130,129.66666666666666
112661,Both interviewed and MEC examined,45,Female,Non-Hispanic White,Current,27.4,114,111,109,111.33333333333333
112664,Both interviewed and MEC examined,45,Female,Non-Hispanic Asian,Never,21.4,118,117,118,117.66666666666667
112665,Both interviewed and MEC examined,67,Male,Mexican American,Former,24.3,136,139,146,140.33333333333334
112666,Both interviewed and MEC examined,36,Female,Other Hispanic,Never,23.8,114,110,112,112
112667,Both interviewed and MEC examined,56,Male,Non-Hispanic Black,Never,28.8,129,130,125,128
112670,Both interviewed and MEC examined,68,Female,Non-Hispanic Asian,Never,20,158,147,160,155
112673,Both interviewed and MEC examined,24,Male,Mexican American,Never,41.2,120,109,113,114
112675,Both interviewed and MEC examined,47,Male,Non-Hispanic White,Former,42.1,133,128,124,128.33333333333334
112677,Both interviewed and MEC examined,23,Male,Other Race - Including Multi-Racial,Never,38.8,156,149,156,153.66666666666666
112680,Both interviewed and MEC examined,67,Male,Non-Hispanic White,Current,26.8,128,125,131,128
112681,Both interviewed and MEC examined,71,Male,Non-Hispanic Black,Current,20.8,180,175,173,176
112682,Both interviewed and MEC examined,73,Male,Non-Hispanic Black,Never,NA,NA,NA,NA,NA
112683,Both interviewed and MEC examined,33,Male,Non-Hispanic White,Current,22.4,107,102,106,105
112684,Both interviewed and MEC examined,39,Female,Non-Hispanic Asian,Never,31.4,130,139,133,134
112685,Both interviewed and MEC examined,48,Female,Non-Hispanic Asian,Never,34.5,144,148,139,143.66666666666666
112687,Both interviewed and MEC examined,52,Female,Non-Hispanic Black,Never,52.8,147,149,146,147.33333333333334
112692,Both interviewed and MEC examined,56,Male,Non-Hispanic Black,Never,23.3,121,128,126,125
112694,Both interviewed and MEC examined,33,Female,Non-Hispanic White,Former,22.3,108,102,97,102.33333333333333
112697,Both interviewed and MEC examined,21,Male,Non-Hispanic White,Never,28.3,132,130,127,129.66666666666666
112700,Both interviewed and MEC examined,51,Female,Non-Hispanic Asian,Never,26.4,140,161,150,150.33333333333334
112702,Both interviewed and MEC examined,25,Female,Non-Hispanic White,Never,21.2,113,113,109,111.66666666666667
112703,Both interviewed and MEC examined,52,Male,Non-Hispanic Black,Former,28.1,151,148,155,151.33333333333334
112704,Both interviewed and MEC examined,73,Male,Non-Hispanic White,Former,24.3,116,118,113,115.66666666666667
112706,Both interviewed and MEC examined,37,Female,Non-Hispanic White,Never,21.8,104,96,100,100
112707,Both interviewed and MEC examined,57,Male,Other Race - Including Multi-Racial,Current,24.9,121,121,123,121.66666666666667
112709,Both interviewed and MEC examined,24,Male,Non-Hispanic White,Never,17.2,103,114,110,109
112711,Both interviewed and MEC examined,72,Female,Other Hispanic,Never,31.8,NA,NA,NA,NA
112712,Both interviewed and MEC examined,61,Male,Non-Hispanic Black,Never,25.6,130,125,130,128.33333333333334
112713,Both interviewed and MEC examined,78,Male,Non-Hispanic Asian,Former,20.1,106,107,115,109.33333333333333
112714,Both interviewed and MEC examined,36,Female,Non-Hispanic Asian,Never,21,116,118,123,119
112716,Both interviewed and MEC examined,33,Female,Non-Hispanic Black,Current,51.1,127,136,135,132.66666666666666
112718,Both interviewed and MEC examined,59,Male,Non-Hispanic White,Never,32,110,120,115,115
112720,Both interviewed and MEC examined,29,Female,Non-Hispanic Black,Former,39.1,142,146,147,145
112725,Both interviewed and MEC examined,58,Female,Mexican American,Never,30.1,116,106,109,110.33333333333333
112726,Both interviewed and MEC examined,59,Male,Non-Hispanic Black,Never,26.6,152,139,141,144
112729,Both interviewed and MEC examined,26,Male,Non-Hispanic Asian,Never,24,117,120,117,118
112731,Both interviewed and MEC examined,55,Female,Mexican American,Never,25.7,135,129,130,131.33333333333334
112733,Both interviewed and MEC examined,35,Female,Other Hispanic,Never,28.9,NA,NA,NA,NA
112736,Both interviewed and MEC examined,63,Male,Other Hispanic,Former,37,114,116,117,115.66666666666667
112738,Both interviewed and MEC examined,76,Male,Non-Hispanic White,Former,28.5,109,100,81,96.66666666666667
112739,Both interviewed and MEC examined,57,Female,Non-Hispanic Black,Former,26.8,109,104,106,106.33333333333333
112740,Both interviewed and MEC examined,48,Female,Non-Hispanic White,Never,44.9,117,120,124,120.33333333333333
112744,Both interviewed and MEC examined,45,Male,Non-Hispanic White,Never,24.1,123,126,129,126
112747,Both interviewed and MEC examined,66,Male,Non-Hispanic Asian,Never,22.8,159,153,170,160.66666666666666
112749,Both interviewed and MEC examined,55,Male,Non-Hispanic Black,Former,40.8,155,150,144,149.66666666666666
112752,Both interviewed and MEC examined,47,Male,Non-Hispanic Asian,Never,29.8,141,138,137,138.66666666666666
112760,Both interviewed and MEC examined,24,Male,Other Hispanic,Current,25.7,111,115,112,112.66666666666667
112764,Both interviewed and MEC examined,60,Male,Non-Hispanic Asian,Never,29.6,159,161,157,159
112765,Both interviewed and MEC examined,32,Female,Non-Hispanic Black,Current,35,91,98,98,95.66666666666667
112767,Both interviewed and MEC examined,63,Female,Other Hispanic,Never,24.7,93,94,103,96.66666666666667
112769,Both interviewed and MEC examined,42,Male,Non-Hispanic White,Former,25.6,120,118,117,118.33333333333333
112770,Both interviewed and MEC examined,72,Male,Non-Hispanic White,Current,28.5,146,135,137,139.33333333333334
112772,Both interviewed and MEC examined,23,Male,Non-Hispanic White,Never,33,112,114,108,111.33333333333333
112773,Both interviewed and MEC examined,42,Female,Mexican American,Never,29.8,122,120,121,121
112775,Both interviewed and MEC examined,61,Male,Other Hispanic,Current,37.6,99,100,119,106
112777,Both interviewed and MEC examined,28,Male,Other Hispanic,Never,28.1,97,100,95,97.33333333333333
112782,Both interviewed and MEC examined,29,Male,Mexican American,Current,31.3,126,125,130,127
112783,Both interviewed and MEC examined,55,Male,Other Hispanic,Never,31,135,127,131,131
112786,Both interviewed and MEC examined,66,Male,Mexican American,Never,30.2,92,91,101,94.66666666666667
112787,Both interviewed and MEC examined,42,Male,Mexican American,Former,35.8,135,133,132,133.33333333333334
112789,Both interviewed and MEC examined,27,Male,Non-Hispanic Black,Never,34.2,130,130,136,132
112790,Both interviewed and MEC examined,44,Male,Other Hispanic,Never,26.6,122,120,126,122.66666666666667
112792,Both interviewed and MEC examined,45,Male,Non-Hispanic White,Current,21.8,102,112,99,104.33333333333333
112797,Both interviewed and MEC examined,48,Female,Non-Hispanic Black,Never,26.9,123,115,122,120
112798,Both interviewed and MEC examined,44,Male,Non-Hispanic Black,Never,34.5,128,132,127,129
112799,Both interviewed and MEC examined,74,Male,Other Hispanic,Former,19.3,NA,NA,NA,NA
112800,Both interviewed and MEC examined,28,Male,Non-Hispanic Black,Never,24.3,125,127,125,125.66666666666667
112802,Both interviewed and MEC examined,71,Male,Non-Hispanic White,Former,36.8,117,114,116,115.66666666666667
112803,Both interviewed and MEC examined,33,Male,Non-Hispanic White,Never,30.1,122,120,127,123
112805,Both interviewed and MEC examined,78,Female,Non-Hispanic Asian,Never,17,NA,NA,NA,NA
112815,Both interviewed and MEC examined,26,Female,Other Hispanic,Never,24.4,115,110,112,112.33333333333333
112818,Both interviewed and MEC examined,67,Female,Non-Hispanic Asian,Never,22.3,101,105,100,102
112820,Both interviewed and MEC examined,59,Male,Non-Hispanic White,Never,31.1,129,122,119,123.33333333333333
112824,Both interviewed and MEC examined,64,Female,Non-Hispanic White,Former,35.1,112,108,118,112.66666666666667
112826,Both interviewed and MEC examined,22,Male,Non-Hispanic Black,Current,23.9,128,131,132,130.33333333333334
112828,Both interviewed and MEC examined,64,Male,Non-Hispanic Asian,Former,27.3,151,144,150,148.33333333333334
112834,Both interviewed and MEC examined,45,Female,Non-Hispanic White,Never,44.8,119,126,121,122
112835,Both interviewed and MEC examined,63,Male,Non-Hispanic White,Current,32.9,134,115,125,124.66666666666667
112837,Both interviewed and MEC examined,29,Female,Non-Hispanic Asian,Never,19.2,NA,NA,NA,NA
112839,Both interviewed and MEC examined,28,Female,Non-Hispanic White,Never,18.4,102,108,104,104.66666666666667
112840,Both interviewed and MEC examined,54,Female,Non-Hispanic Black,Never,29.4,107,106,105,106
112842,Both interviewed and MEC examined,73,Female,Non-Hispanic White,Never,20.5,NA,NA,NA,NA
112844,Both interviewed and MEC examined,71,Male,Non-Hispanic Black,Current,20,104,101,99,101.33333333333333
112845,Both interviewed and MEC examined,41,Male,Non-Hispanic White,Former,26.1,107,106,119,110.66666666666667
112847,Both interviewed and MEC examined,23,Female,Non-Hispanic White,Former,30.8,97,100,101,99.33333333333333
112849,Both interviewed and MEC examined,32,Female,Non-Hispanic Black,Never,24.5,110,NA,NA,110
112850,Both interviewed and MEC examined,53,Male,Non-Hispanic White,Former,24.6,119,126,116,120.33333333333333
112851,Both interviewed and MEC examined,73,Male,Non-Hispanic White,Former,26.3,NA,NA,NA,NA
112853,Both interviewed and MEC examined,62,Male,Other Hispanic,Current,27.2,153,152,149,151.33333333333334
112855,Both interviewed and MEC examined,57,Male,Non-Hispanic Asian,Never,27.3,100,106,101,102.33333333333333
112859,Both interviewed and MEC examined,41,Male,Non-Hispanic White,Never,33.5,133,132,131,132
112861,Both interviewed and MEC examined,48,Male,Non-Hispanic White,Former,30.5,106,108,106,106.66666666666667
112862,Both interviewed and MEC examined,24,Male,Non-Hispanic Asian,Never,30.4,112,108,112,110.66666666666667
112863,Both interviewed and MEC examined,28,Male,Other Race - Including Multi-Racial,Current,29.9,131,139,138,136
112864,Both interviewed and MEC examined,28,Female,Mexican American,Current,24.1,107,107,109,107.66666666666667
112865,Both interviewed and MEC examined,50,Female,Non-Hispanic Asian,Never,22.2,113,118,109,113.33333333333333
112866,Both interviewed and MEC examined,62,Female,Non-Hispanic Black,Former,43.2,145,148,141,144.66666666666666
112869,Both interviewed and MEC examined,24,Female,Non-Hispanic White,Never,32,111,105,111,109
112874,Both interviewed and MEC examined,57,Male,Non-Hispanic Black,Current,34,159,162,164,161.66666666666666
112877,Both interviewed and MEC examined,37,Female,Non-Hispanic Black,Never,32.5,110,109,115,111.33333333333333
112878,Both interviewed and MEC examined,71,Male,Non-Hispanic White,Never,42.4,92,90,86,89.33333333333333
112881,Both interviewed and MEC examined,42,Female,Non-Hispanic Black,Current,39.5,137,119,127,127.66666666666667
112882,Both interviewed and MEC examined,26,Female,Non-Hispanic White,Never,20.7,106,101,111,106
112883,Both interviewed and MEC examined,51,Male,Non-Hispanic White,Former,32.3,131,137,136,134.66666666666666
112884,Both interviewed and MEC examined,27,Female,Non-Hispanic Black,Never,40.8,109,108,107,108
112886,Both interviewed and MEC examined,52,Male,Non-Hispanic Asian,Never,28,112,107,110,109.66666666666667
112888,Both interviewed and MEC examined,36,Female,Non-Hispanic Asian,Never,30.9,107,116,126,116.33333333333333
112889,Both interviewed and MEC examined,45,Male,Other Race - Including Multi-Racial,Current,48.5,123,118,128,123
112897,Both interviewed and MEC examined,70,Female,Non-Hispanic Black,Never,24.2,173,168,152,164.33333333333334
112898,Both interviewed and MEC examined,62,Female,Non-Hispanic Black,Never,41,213,218,220,217
112900,Both interviewed and MEC examined,42,Female,Non-Hispanic Black,Never,NA,NA,NA,NA,NA
112901,Both interviewed and MEC examined,61,Female,Non-Hispanic White,Former,43.2,147,153,151,150.33333333333334
112902,Both interviewed and MEC examined,35,Female,Non-Hispanic White,Former,35.9,107,104,101,104
112906,Both interviewed and MEC examined,29,Male,Non-Hispanic White,Current,24.3,115,115,121,117
112907,Both interviewed and MEC examined,49,Male,Non-Hispanic White,Never,30.1,111,119,116,115.33333333333333
112908,Both interviewed and MEC examined,77,Male,Non-Hispanic White,Former,32.2,140,138,139,139
112910,Both interviewed and MEC examined,53,Female,Other Hispanic,Never,29.6,108,106,104,106
112913,Both interviewed and MEC examined,64,Female,Non-Hispanic Asian,Never,29.7,148,141,142,143.66666666666666
112915,Both interviewed and MEC examined,46,Male,Mexican American,Never,33.8,117,119,119,118.33333333333333
112919,Both interviewed and MEC examined,61,Female,Non-Hispanic Black,Current,23.3,205,194,198,199
112922,Both interviewed and MEC examined,58,Female,Non-Hispanic Black,Never,41.1,145,137,136,139.33333333333334
112924,Both interviewed and MEC examined,31,Male,Other Hispanic,Former,56,121,119,119,119.66666666666667
112925,Both interviewed and MEC examined,23,Female,Non-Hispanic White,Never,45.5,107,105,105,105.66666666666667
112926,Both interviewed and MEC examined,67,Male,Non-Hispanic White,Former,31.5,139,131,135,135
112927,Both interviewed and MEC examined,64,Female,Non-Hispanic Black,Never,29.2,143,141,142,142
112929,Both interviewed and MEC examined,48,Female,Non-Hispanic Black,Former,47.8,143,144,145,144
112931,Both interviewed and MEC examined,42,Female,Non-Hispanic Black,Never,26.8,116,117,115,116
112935,Both interviewed and MEC examined,60,Female,Non-Hispanic Black,Never,26.3,197,186,176,186.33333333333334
112936,Both interviewed and MEC examined,78,Female,Non-Hispanic Black,Never,NA,NA,NA,NA,NA
112937,Both interviewed and MEC examined,50,Male,Non-Hispanic White,Former,26.5,112,113,115,113.33333333333333
112938,Both interviewed and MEC examined,64,Female,Non-Hispanic White,Former,29.9,99,115,109,107.66666666666667
112939,Both interviewed and MEC examined,63,Female,Mexican American,Former,30.6,150,152,147,149.66666666666666
112940,Both interviewed and MEC examined,46,Male,Non-Hispanic Asian,Former,25.1,118,109,108,111.66666666666667
112941,Both interviewed and MEC examined,38,Female,Non-Hispanic Black,Former,35.7,NA,NA,NA,NA
112942,Both interviewed and MEC examined,39,Male,Other Hispanic,Current,22.8,99,106,104,103
112944,Both interviewed and MEC examined,60,Male,Non-Hispanic Black,Current,29.7,134,133,128,131.66666666666666
112948,Both interviewed and MEC examined,30,Male,Non-Hispanic Asian,Never,26,122,119,121,120.66666666666667
112949,Both interviewed and MEC examined,47,Female,Mexican American,Current,40.6,141,135,145,140.33333333333334
112951,Both interviewed and MEC examined,62,Male,Non-Hispanic White,Never,42.4,124,117,129,123.33333333333333
112953,Both interviewed and MEC examined,64,Male,Non-Hispanic White,Current,20.4,116,118,118,117.33333333333333
112955,Both interviewed and MEC examined,54,Female,Mexican American,Never,30.8,144,148,143,145
112957,Both interviewed and MEC examined,51,Female,Mexican American,Never,33.9,NA,NA,NA,NA
112958,Both interviewed and MEC examined,31,Female,Non-Hispanic Black,Current,28.8,122,122,124,122.66666666666667
112960,Both interviewed and MEC examined,38,Female,Mexican American,Never,29.3,108,104,109,107
112961,Both interviewed and MEC examined,48,Male,Non-Hispanic Asian,Former,25.8,127,131,119,125.66666666666667
112962,Both interviewed and MEC examined,24,Female,Other Hispanic,Former,22.6,112,110,113,111.66666666666667
112965,Both interviewed and MEC examined,30,Female,Non-Hispanic Black,Never,20.6,115,113,119,115.66666666666667
112966,Both interviewed and MEC examined,35,Male,Mexican American,Never,27.6,NA,NA,NA,NA
112967,Both interviewed and MEC examined,53,Female,Non-Hispanic Black,Never,50.9,123,117,126,122
112968,Both interviewed and MEC examined,52,Female,Other Hispanic,Never,18.8,92,87,89,89.33333333333333
112970,Both interviewed and MEC examined,53,Male,Other Race - Including Multi-Racial,Current,18.6,118,121,112,117
112972,Both interviewed and MEC examined,26,Female,Non-Hispanic Black,Current,42.6,104,102,106,104
112974,Both interviewed and MEC examined,68,Female,Non-Hispanic Black,Never,62.1,116,122,120,119.33333333333333
112978,Both interviewed and MEC examined,75,Female,Non-Hispanic White,Former,43.7,112,114,106,110.66666666666667
112981,Both interviewed and MEC examined,36,Female,Non-Hispanic White,Former,20.6,97,88,97,94
112983,Both interviewed and MEC examined,28,Female,Non-Hispanic White,Never,34.5,99,108,109,105.33333333333333
112986,Both interviewed and MEC examined,22,Male,Non-Hispanic Black,Never,27.5,121,122,126,123
112987,Both interviewed and MEC examined,47,Male,Non-Hispanic Asian,Current,25,116,126,120,120.66666666666667
112988,Both interviewed and MEC examined,51,Male,Non-Hispanic White,Current,24.7,132,131,129,130.66666666666666
112990,Both interviewed and MEC examined,60,Male,Non-Hispanic White,Never,24.8,129,126,126,127
112994,Both interviewed and MEC examined,63,Female,Non-Hispanic Black,Never,39.4,136,138,133,135.66666666666666
112997,Both interviewed and MEC examined,33,Male,Non-Hispanic Asian,Current,32.3,127,121,133,127
112999,Both interviewed and MEC examined,69,Male,Non-Hispanic White,Former,24.3,129,125,130,128
113000,Both interviewed and MEC examined,79,Male,Non-Hispanic White,Former,27.5,155,146,149,150
113001,Both interviewed and MEC examined,51,Female,Mexican American,Never,19,NA,NA,NA,NA
113007,Both interviewed and MEC examined,62,Male,Non-Hispanic Asian,Never,29.1,126,131,138,131.66666666666666
113008,Both interviewed and MEC examined,75,Male,Non-Hispanic Black,Current,22.9,190,182,172,181.33333333333334
113009,Both interviewed and MEC examined,44,Female,Non-Hispanic Asian,Never,35.6,129,130,129,129.33333333333334
113010,Both interviewed and MEC examined,53,Male,Non-Hispanic White,Former,36.5,147,150,147,148
113011,Both interviewed and MEC examined,58,Male,Non-Hispanic White,Former,43.6,152,138,124,138
113013,Both interviewed and MEC examined,73,Female,Other Hispanic,Former,34.2,137,135,136,136
113014,Both interviewed and MEC examined,60,Female,Non-Hispanic Black,Never,40.6,112,110,109,110.33333333333333
113020,Both interviewed and MEC examined,71,Female,Non-Hispanic Black,Never,31.4,104,99,102,101.66666666666667
113021,Both interviewed and MEC examined,34,Male,Mexican American,Former,NA,NA,NA,NA,NA
113023,Both interviewed and MEC examined,38,Female,Non-Hispanic Asian,Never,32.8,101,108,104,104.33333333333333
113026,Both interviewed and MEC examined,53,Male,Non-Hispanic Asian,Never,25.7,137,146,138,140.33333333333334
113027,Both interviewed and MEC examined,24,Female,Non-Hispanic White,Never,20.4,106,98,107,103.66666666666667
113028,Both interviewed and MEC examined,24,Male,Mexican American,Never,33.5,118,109,120,115.66666666666667
113030,Both interviewed and MEC examined,44,Female,Non-Hispanic Asian,Never,26.4,136,140,140,138.66666666666666
113033,Both interviewed and MEC examined,28,Female,Other Race - Including Multi-Racial,Former,44.1,106,110,102,106
113037,Both interviewed and MEC examined,54,Female,Non-Hispanic White,Never,36.1,120,126,129,125
113038,Both interviewed and MEC examined,65,Male,Non-Hispanic Black,Current,25,130,131,137,132.66666666666666
113041,Both interviewed and MEC examined,31,Female,Non-Hispanic Black,Current,20.8,106,106,108,106.66666666666667
113045,Both interviewed and MEC examined,21,Male,Other Hispanic,Never,21.9,125,118,115,119.33333333333333
113046,Both interviewed and MEC examined,62,Female,Non-Hispanic Black,Former,37.1,128,128,124,126.66666666666667
113049,Both interviewed and MEC examined,58,Female,Mexican American,Never,28.9,NA,NA,NA,NA
113055,Both interviewed and MEC examined,27,Female,Mexican American,Never,43.4,90,96,93,93
113057,Both interviewed and MEC examined,56,Female,Non-Hispanic Black,Never,47.6,102,105,105,104
113059,Both interviewed and MEC examined,32,Female,Non-Hispanic Asian,Never,22.3,107,109,115,110.33333333333333
113060,Both interviewed and MEC examined,35,Male,Mexican American,Never,29.1,NA,NA,NA,NA
113061,Both interviewed and MEC examined,33,Female,Non-Hispanic Asian,Never,27.4,90,93,91,91.33333333333333
113063,Both interviewed and MEC examined,57,Female,Other Hispanic,Never,20.9,99,96,106,100.33333333333333
113064,Both interviewed and MEC examined,68,Male,Non-Hispanic Black,Never,25,160,163,166,163
113066,Both interviewed and MEC examined,23,Female,Other Hispanic,Current,23.5,112,112,117,113.66666666666667
113068,Both interviewed and MEC examined,25,Female,Non-Hispanic Black,Never,32.5,97,100,97,98
113072,Both interviewed and MEC examined,77,Male,Non-Hispanic White,Former,54.6,117,113,114,114.66666666666667
113073,Both interviewed and MEC examined,72,Male,Non-Hispanic Black,Former,25.7,148,142,128,139.33333333333334
113078,Both interviewed and MEC examined,32,Female,Non-Hispanic White,Never,27,106,101,101,102.66666666666667
113082,Both interviewed and MEC examined,47,Female,Non-Hispanic White,Former,47.7,130,122,125,125.66666666666667
113083,Both interviewed and MEC examined,43,Female,Mexican American,Former,42.1,116,113,113,114
113087,Both interviewed and MEC examined,55,Female,Non-Hispanic White,Former,35.4,NA,NA,NA,NA
113088,Both interviewed and MEC examined,78,Male,Non-Hispanic Black,Former,27.4,148,145,142,145
113091,Both interviewed and MEC examined,47,Female,Mexican American,Never,24.9,111,103,108,107.33333333333333
113092,Both interviewed and MEC examined,44,Female,Other Hispanic,Never,37,127,130,132,129.66666666666666
113093,Both interviewed and MEC examined,57,Female,Other Race - Including Multi-Racial,Current,31.9,108,108,99,105
113094,Both interviewed and MEC examined,78,Female,Non-Hispanic Asian,Never,24.4,158,151,139,149.33333333333334
113098,Both interviewed and MEC examined,42,Male,Non-Hispanic White,Former,23.9,112,116,116,114.66666666666667
113101,Both interviewed and MEC examined,47,Male,Non-Hispanic Asian,Never,23.7,128,126,123,125.66666666666667
113104,Both interviewed and MEC examined,57,Female,Non-Hispanic White,Never,28.2,133,143,137,137.66666666666666
113109,Both interviewed and MEC examined,57,Female,Non-Hispanic Asian,Never,28.5,121,128,119,122.66666666666667
113110,Both interviewed and MEC examined,39,Male,Other Hispanic,Current,32.2,121,115,130,122
113111,Both interviewed and MEC examined,57,Male,Non-Hispanic Asian,Never,32.4,116,116,119,117
113113,Both interviewed and MEC examined,41,Female,Non-Hispanic Asian,Never,29.2,112,103,108,107.66666666666667
113116,Both interviewed and MEC examined,68,Male,Non-Hispanic Black,Former,37.9,125,122,123,123.33333333333333
113117,Both interviewed and MEC examined,48,Female,Other Race - Including Multi-Racial,Never,32.4,NA,NA,NA,NA
113118,Both interviewed and MEC examined,63,Female,Non-Hispanic White,Former,27.6,124,124,121,123
113119,Both interviewed and MEC examined,52,Male,Non-Hispanic White,Former,31.9,117,111,106,111.33333333333333
113120,Both interviewed and MEC examined,48,Male,Non-Hispanic Black,Current,25.4,156,149,160,155
113122,Both interviewed and MEC examined,54,Female,Other Hispanic,Never,27.5,123,126,119,122.66666666666667
113123,Both interviewed and MEC examined,33,Female,Non-Hispanic White,Never,24,90,88,89,89
113125,Both interviewed and MEC examined,44,Female,Other Race - Including Multi-Racial,Former,30.9,100,95,99,98
113126,Both interviewed and MEC examined,55,Female,Non-Hispanic White,Never,23.2,124,127,127,126
113127,Both interviewed and MEC examined,62,Female,Mexican American,Never,33.3,126,120,126,124
113128,Both interviewed and MEC examined,72,Male,Non-Hispanic White,Never,22.7,109,114,105,109.33333333333333
113129,Both interviewed and MEC examined,79,Male,Non-Hispanic White,Former,24.4,NA,NA,NA,NA
113131,Both interviewed and MEC examined,66,Female,Mexican American,Never,36.5,NA,NA,NA,NA
113136,Both interviewed and MEC examined,52,Female,Non-Hispanic White,Current,37.1,153,157,150,153.33333333333334
113138,Both interviewed and MEC examined,36,Male,Non-Hispanic White,Never,33.8,125,114,120,119.66666666666667
113141,Both interviewed and MEC examined,28,Male,Non-Hispanic Black,Never,27.9,121,119,118,119.33333333333333
113142,Both interviewed and MEC examined,46,Female,Mexican American,Never,30.3,129,145,133,135.66666666666666
113143,Both interviewed and MEC examined,28,Female,Non-Hispanic Black,Never,48.2,107,100,109,105.33333333333333
113144,Both interviewed and MEC examined,33,Male,Other Hispanic,Current,36.7,113,118,114,115
113151,Both interviewed and MEC examined,41,Male,Mexican American,Never,33.7,125,118,127,123.33333333333333
113152,Both interviewed and MEC examined,65,Female,Non-Hispanic White,Never,23.5,111,117,112,113.33333333333333
113153,Both interviewed and MEC examined,25,Male,Non-Hispanic White,Never,20.9,107,105,103,105
113154,Both interviewed and MEC examined,30,Male,Non-Hispanic White,Current,24.6,116,114,115,115
113155,Both interviewed and MEC examined,54,Female,Non-Hispanic White,Never,41.7,157,165,162,161.33333333333334
113158,Both interviewed and MEC examined,48,Male,Non-Hispanic White,Current,26.9,112,122,119,117.66666666666667
113161,Both interviewed and MEC examined,46,Male,Non-Hispanic White,Never,42.2,115,116,113,114.66666666666667
113162,Both interviewed and MEC examined,69,Female,Non-Hispanic Black,Never,38.5,NA,NA,NA,NA
113163,Both interviewed and MEC examined,72,Female,Other Hispanic,Never,29.8,149,138,135,140.66666666666666
113164,Both interviewed and MEC examined,71,Male,Non-Hispanic White,Never,33.7,118,118,112,116
113166,Both interviewed and MEC examined,54,Male,Mexican American,Never,31,138,125,133,132
113169,Both interviewed and MEC examined,27,Female,Non-Hispanic White,Never,30.5,96,100,93,96.33333333333333
113175,Both interviewed and MEC examined,71,Female,Non-Hispanic White,Never,28.9,125,125,119,123
113177,Both interviewed and MEC examined,29,Male,Non-Hispanic White,Former,21.7,122,125,127,124.66666666666667
113178,Both interviewed and MEC examined,46,Female,Non-Hispanic Black,Never,46.4,118,117,122,119
113179,Both interviewed and MEC examined,55,Female,Mexican American,Never,31.7,137,135,139,137
113182,Both interviewed and MEC examined,28,Female,Mexican American,Never,30.3,112,108,110,110
113187,Both interviewed and MEC examined,22,Female,Non-Hispanic Black,Never,18,113,112,117,114
113188,Both interviewed and MEC examined,49,Male,Non-Hispanic White,Never,32.6,110,112,112,111.33333333333333
113189,Both interviewed and MEC examined,52,Male,Non-Hispanic Black,Current,32.4,132,130,121,127.66666666666667
113194,Both interviewed and MEC examined,46,Male,Mexican American,Never,25.7,117,118,116,117
113197,Both interviewed and MEC examined,24,Female,Mexican American,Never,17.2,106,100,104,103.33333333333333
113200,Both interviewed and MEC examined,46,Male,Non-Hispanic White,Never,31,119,108,123,116.66666666666667
113201,Both interviewed and MEC examined,70,Female,Non-Hispanic White,Never,24.6,124,115,113,117.33333333333333
113202,Both interviewed and MEC examined,66,Female,Non-Hispanic Black,Never,29.9,202,186,194,194
113207,Both interviewed and MEC examined,54,Male,Mexican American,Never,27.5,111,108,117,112
113209,Both interviewed and MEC examined,52,Female,Non-Hispanic Black,Never,26.7,131,132,136,133
113210,Both interviewed and MEC examined,37,Female,Non-Hispanic Black,Never,27.3,104,99,102,101.66666666666667
113211,Both interviewed and MEC examined,51,Male,Non-Hispanic Black,Former,20.4,107,102,98,102.33333333333333
113213,Both interviewed and MEC examined,43,Female,Non-Hispanic White,Never,28,123,122,116,120.33333333333333
113215,Both interviewed and MEC examined,25,Female,Non-Hispanic Black,Never,24.3,118,115,115,116
113220,Both interviewed and MEC examined,37,Female,Non-Hispanic Asian,Never,24.5,NA,NA,NA,NA
113222,Both interviewed and MEC examined,60,Female,Non-Hispanic Black,Never,25.3,152,150,153,151.66666666666666
113223,Both interviewed and MEC examined,60,Female,Non-Hispanic White,Never,25.1,143,132,139,138
113224,Both interviewed and MEC examined,73,Male,Non-Hispanic Black,Former,22.8,171,162,151,161.33333333333334
113227,Both interviewed and MEC examined,38,Male,Non-Hispanic White,Current,36.1,143,146,145,144.66666666666666
113231,Both interviewed and MEC examined,62,Female,Non-Hispanic White,Current,32.2,97,100,99,98.66666666666667
113232,Both interviewed and MEC examined,41,Male,Non-Hispanic Black,Never,32.7,139,138,140,139
113233,Both interviewed and MEC examined,41,Female,Non-Hispanic White,Current,40.4,111,125,124,120
113236,Both interviewed and MEC examined,55,Female,Other Race - Including Multi-Racial,Former,32.1,123,120,122,121.66666666666667
113237,Both interviewed and MEC examined,59,Male,Non-Hispanic White,Never,41,123,120,118,120.33333333333333
113240,Both interviewed and MEC examined,60,Female,Non-Hispanic Black,Never,29.2,141,136,140,139
113241,Both interviewed and MEC examined,70,Female,Non-Hispanic White,Current,23,152,152,154,152.66666666666666
113242,Both interviewed and MEC examined,71,Male,Non-Hispanic Black,Current,33.7,138,128,116,127.33333333333333
113244,Both interviewed and MEC examined,61,Female,Other Race - Including Multi-Racial,Never,33.4,131,132,134,132.33333333333334
113246,Both interviewed and MEC examined,77,Female,Non-Hispanic Black,Never,26.2,125,130,132,129
113249,Both interviewed and MEC examined,43,Female,Other Hispanic,Never,35.8,117,117,115,116.33333333333333
113250,Both interviewed and MEC examined,31,Male,Non-Hispanic White,Never,29.4,117,111,107,111.66666666666667
113253,Both interviewed and MEC examined,44,Male,Non-Hispanic White,Current,27.7,117,111,113,113.66666666666667
113254,Both interviewed and MEC examined,66,Female,Other Hispanic,Former,22.1,116,108,115,113
113256,Both interviewed and MEC examined,50,Male,Other Hispanic,Former,31.4,117,120,114,117
113257,Both interviewed and MEC examined,61,Female,Non-Hispanic Black,Never,28.6,115,118,116,116.33333333333333
113258,Both interviewed and MEC examined,53,Male,Non-Hispanic White,Never,33.1,219,222,215,218.66666666666666
113259,Both interviewed and MEC examined,61,Female,Non-Hispanic Asian,Never,25.9,NA,NA,NA,NA
113262,Both interviewed and MEC examined,41,Male,Non-Hispanic Black,Never,36.4,NA,NA,NA,NA
113263,Both interviewed and MEC examined,22,Male,Non-Hispanic White,Current,24.5,110,110,109,109.66666666666667
113266,Both interviewed and MEC examined,44,Female,Non-Hispanic Asian,Never,24.5,107,108,112,109
113267,Both interviewed and MEC examined,67,Female,Other Hispanic,Never,27.3,124,130,118,124
113268,Both interviewed and MEC examined,63,Female,Non-Hispanic Black,Former,35.3,146,143,162,150.33333333333334
113271,Both interviewed and MEC examined,49,Female,Non-Hispanic Black,Never,36.6,134,137,138,136.33333333333334
113274,Both interviewed and MEC examined,76,Female,Non-Hispanic White,Never,31,129,122,120,123.66666666666667
113275,Both interviewed and MEC examined,70,Male,Non-Hispanic White,Former,23.2,154,152,146,150.66666666666666
113276,Both interviewed and MEC examined,55,Female,Non-Hispanic Asian,Never,28.9,112,111,109,110.66666666666667
113278,Both interviewed and MEC examined,24,Female,Non-Hispanic Black,Never,43,97,96,96,96.33333333333333
113279,Both interviewed and MEC examined,71,Male,Non-Hispanic Black,Former,30.7,110,110,109,109.66666666666667
113281,Both interviewed and MEC examined,52,Male,Mexican American,Current,30.9,168,173,180,173.66666666666666
113285,Both interviewed and MEC examined,57,Female,Mexican American,Former,33.3,121,123,126,123.33333333333333
113286,Both interviewed and MEC examined,75,Male,Non-Hispanic White,Former,29.3,112,113,110,111.66666666666667
113287,Both interviewed and MEC examined,59,Female,Non-Hispanic White,Former,31,146,140,142,142.66666666666666
113289,Both interviewed and MEC examined,66,Female,Non-Hispanic White,Current,27.8,NA,NA,NA,NA
113292,Both interviewed and MEC examined,59,Male,Other Hispanic,Never,36.9,169,167,167,167.66666666666666
113294,Both interviewed and MEC examined,46,Male,Non-Hispanic Asian,Never,23.9,129,128,128,128.33333333333334
113298,Both interviewed and MEC examined,58,Female,Non-Hispanic Black,Never,35.1,149,155,143,149
113300,Both interviewed and MEC examined,47,Female,Non-Hispanic White,Never,37.6,114,116,115,115
113301,Both interviewed and MEC examined,62,Female,Non-Hispanic White,Never,40.1,151,144,143,146
113305,Both interviewed and MEC examined,66,Male,Non-Hispanic White,Former,25.5,117,125,129,123.66666666666667
113308,Both interviewed and MEC examined,60,Male,Non-Hispanic Black,Never,35,129,130,128,129
113310,Both interviewed and MEC examined,34,Female,Non-Hispanic White,Never,35.9,118,117,114,116.33333333333333
113311,Both interviewed and MEC examined,70,Male,Non-Hispanic White,Current,27.9,121,114,113,116
113313,Both interviewed and MEC examined,32,Male,Non-Hispanic Black,Never,22.6,125,135,135,131.66666666666666
113314,Both interviewed and MEC examined,22,Male,Non-Hispanic White,Former,39.6,122,121,118,120.33333333333333
113316,Both interviewed and MEC examined,46,Male,Non-Hispanic White,Former,27.7,133,148,139,140
113320,Both interviewed and MEC examined,65,Female,Non-Hispanic Black,Current,21,171,175,191,179
113324,Both interviewed and MEC examined,66,Male,Other Race - Including Multi-Racial,Former,25.5,108,108,115,110.33333333333333
113325,Both interviewed and MEC examined,28,Male,Non-Hispanic White,Former,18.7,NA,NA,NA,NA
113326,Both interviewed and MEC examined,59,Male,Non-Hispanic Black,Former,33,NA,NA,NA,NA
113327,Both interviewed and MEC examined,32,Male,Non-Hispanic Black,Current,41,109,113,114,112
113331,Both interviewed and MEC examined,43,Male,Non-Hispanic Black,Current,26.9,136,123,124,127.66666666666667
113332,Both interviewed and MEC examined,26,Female,Non-Hispanic White,Never,25.3,103,105,108,105.33333333333333
113336,Both interviewed and MEC examined,61,Male,Non-Hispanic White,Current,22.5,170,171,175,172
113337,Both interviewed and MEC examined,40,Female,Non-Hispanic Black,Never,56,110,125,122,119
113340,Both interviewed and MEC examined,79,Female,Non-Hispanic Asian,Never,20.3,144,144,147,145
113341,Both interviewed and MEC examined,53,Female,Non-Hispanic Asian,Never,28.2,121,118,116,118.33333333333333
113342,Both interviewed and MEC examined,66,Female,Non-Hispanic Black,Never,33.9,NA,NA,NA,NA
113343,Both interviewed and MEC examined,60,Female,Other Hispanic,Never,35.1,137,127,125,129.66666666666666
113344,Both interviewed and MEC examined,23,Male,Non-Hispanic Asian,Never,21.5,112,121,121,118
113347,Both interviewed and MEC examined,47,Female,Non-Hispanic Asian,Never,29.6,104,104,103,103.66666666666667
113349,Both interviewed and MEC examined,34,Male,Non-Hispanic White,Current,39.6,128,132,133,131
113350,Both interviewed and MEC examined,26,Female,Non-Hispanic White,Former,40.2,113,119,120,117.33333333333333
113353,Both interviewed and MEC examined,60,Female,Other Race - Including Multi-Racial,Current,19.6,NA,NA,NA,NA
113355,Both interviewed and MEC examined,67,Female,Other Hispanic,Never,34.3,113,129,119,120.33333333333333
113357,Both interviewed and MEC examined,74,Female,Mexican American,Never,23.7,126,131,123,126.66666666666667
113362,Both interviewed and MEC examined,74,Male,Non-Hispanic White,Former,20.3,127,138,142,135.66666666666666
113363,Both interviewed and MEC examined,64,Female,Other Race - Including Multi-Racial,Current,30.9,126,125,119,123.33333333333333
113364,Both interviewed and MEC examined,38,Female,Other Hispanic,Never,26.4,105,105,107,105.66666666666667
113365,Both interviewed and MEC examined,34,Female,Non-Hispanic Asian,Never,20.5,NA,NA,NA,NA
113366,Both interviewed and MEC examined,26,Female,Mexican American,Former,36.8,NA,NA,NA,NA
113367,Both interviewed and MEC examined,68,Male,Non-Hispanic White,Never,37,129,121,120,123.33333333333333
113368,Both interviewed and MEC examined,45,Male,Non-Hispanic Black,Never,22,145,139,141,141.66666666666666
113369,Both interviewed and MEC examined,51,Male,Other Hispanic,Never,32,111,111,109,110.33333333333333
113370,Both interviewed and MEC examined,67,Male,Other Hispanic,Former,24.6,148,147,154,149.66666666666666
113371,Both interviewed and MEC examined,62,Female,Non-Hispanic Black,Former,46.5,118,114,112,114.66666666666667
113372,Both interviewed and MEC examined,62,Male,Non-Hispanic Black,Never,33.2,128,130,131,129.66666666666666
113373,Both interviewed and MEC examined,33,Male,Non-Hispanic White,Never,22.8,125,115,116,118.66666666666667
113374,Both interviewed and MEC examined,22,Female,Non-Hispanic White,Never,24,124,120,120,121.33333333333333
113376,Both interviewed and MEC examined,56,Female,Non-Hispanic Black,Current,21.1,117,114,111,114
113379,Both interviewed and MEC examined,76,Male,Non-Hispanic Black,Former,30.7,107,126,121,118
113381,Both interviewed and MEC examined,31,Female,Non-Hispanic Black,Never,36,NA,NA,NA,NA
113383,Both interviewed and MEC examined,55,Female,Non-Hispanic White,Never,41.6,127,123,126,125.33333333333333
113384,Both interviewed and MEC examined,40,Female,Non-Hispanic Black,Never,38.1,113,110,110,111
113385,Both interviewed and MEC examined,62,Male,Mexican American,Former,26.4,131,135,135,133.66666666666666
113386,Both interviewed and MEC examined,24,Female,Non-Hispanic Black,Never,47.4,86,87,88,87
113391,Both interviewed and MEC examined,37,Female,Mexican American,Never,67,108,101,107,105.33333333333333
113392,Both interviewed and MEC examined,63,Female,Non-Hispanic Black,Never,25.2,156,151,152,153
113394,Both interviewed and MEC examined,50,Male,Non-Hispanic Black,Never,24.3,105,108,118,110.33333333333333
113396,Both interviewed and MEC examined,28,Female,Non-Hispanic Black,Never,21,93,90,93,92
113397,Both interviewed and MEC examined,68,Female,Non-Hispanic Black,Never,27.3,195,192,191,192.66666666666666
113398,Both interviewed and MEC examined,49,Female,Non-Hispanic Black,Never,27.9,111,107,111,109.66666666666667
113399,Both interviewed and MEC examined,60,Male,Non-Hispanic Black,Never,29.8,136,127,122,128.33333333333334
113401,Both interviewed and MEC examined,21,Female,Non-Hispanic Asian,Never,21.3,105,106,104,105
113403,Both interviewed and MEC examined,67,Female,Non-Hispanic Black,Never,29.6,119,117,121,119
113404,Both interviewed and MEC examined,60,Male,Non-Hispanic Black,Former,29.1,112,120,105,112.33333333333333
113405,Both interviewed and MEC examined,59,Female,Other Hispanic,Never,29.5,137,146,142,141.66666666666666
113406,Both interviewed and MEC examined,26,Female,Non-Hispanic White,Never,65.3,107,115,101,107.66666666666667
113407,Both interviewed and MEC examined,61,Female,Non-Hispanic Black,Never,31.9,156,172,176,168
113409,Both interviewed and MEC examined,30,Female,Non-Hispanic White,Current,25.8,NA,NA,NA,NA
113413,Both interviewed and MEC examined,32,Female,Non-Hispanic Black,Never,31.4,103,106,109,106
113415,Both interviewed and MEC examined,30,Female,Other Hispanic,Never,28.1,93,96,95,94.66666666666667
113416,Both interviewed and MEC examined,63,Female,Non-Hispanic Black,Never,39.2,113,115,112,113.33333333333333
113418,Both interviewed and MEC examined,29,Female,Non-Hispanic White,Never,23.3,105,107,104,105.33333333333333
113420,Both interviewed and MEC examined,65,Female,Mexican American,Never,32,137,134,138,136.33333333333334
113423,Both interviewed and MEC examined,22,Male,Non-Hispanic Black,Never,17.1,103,100,102,101.66666666666667
113425,Both interviewed and MEC examined,55,Female,Other Hispanic,Former,26,91,81,88,86.66666666666667
113427,Both interviewed and MEC examined,63,Female,Mexican American,Never,31.8,117,126,128,123.66666666666667
113430,Both interviewed and MEC examined,63,Male,Non-Hispanic Asian,Current,26.6,122,123,123,122.66666666666667
113431,Both interviewed and MEC examined,26,Male,Non-Hispanic Black,Never,25.1,142,142,139,141
113435,Both interviewed and MEC examined,21,Female,Other Hispanic,Never,38.2,105,100,109,104.66666666666667
113436,Both interviewed and MEC examined,47,Female,Non-Hispanic Black,Never,23.5,122,113,115,116.66666666666667
113437,Both interviewed and MEC examined,62,Male,Non-Hispanic Asian,Current,26.6,148,137,137,140.66666666666666
113439,Both interviewed and MEC examined,66,Male,Non-Hispanic White,Former,26.8,146,152,145,147.66666666666666
113440,Both interviewed and MEC examined,58,Female,Other Hispanic,Never,32.9,108,114,111,111
113442,Both interviewed and MEC examined,22,Male,Mexican American,Never,41.2,119,112,109,113.33333333333333
113443,Both interviewed and MEC examined,46,Male,Non-Hispanic Asian,Former,35.3,122,129,122,124.33333333333333
113445,Both interviewed and MEC examined,37,Female,Mexican American,Current,26.5,98,99,97,98
113446,Both interviewed and MEC examined,57,Male,Non-Hispanic Black,Current,52.8,123,137,132,130.66666666666666
113447,Both interviewed and MEC examined,31,Male,Non-Hispanic Black,Current,20.8,153,150,148,150.33333333333334
113448,Both interviewed and MEC examined,51,Female,Non-Hispanic Black,Former,25.6,111,116,112,113
113450,Both interviewed and MEC examined,60,Female,Non-Hispanic Black,Current,34.7,137,134,126,132.33333333333334
113451,Both interviewed and MEC examined,45,Female,Non-Hispanic Black,Current,49.8,130,121,125,125.33333333333333
113453,Both interviewed and MEC examined,27,Male,Non-Hispanic Asian,Never,20.9,115,119,119,117.66666666666667
113455,Both interviewed and MEC examined,61,Male,Mexican American,Current,32,130,124,130,128
113457,Both interviewed and MEC examined,73,Female,Non-Hispanic Black,Never,30.1,130,131,122,127.66666666666667
113461,Both interviewed and MEC examined,51,Male,Non-Hispanic Asian,Never,26.7,112,114,111,112.33333333333333
113462,Both interviewed and MEC examined,38,Male,Mexican American,Never,28.8,112,121,118,117
113463,Both interviewed and MEC examined,51,Female,Other Hispanic,Never,27.7,118,110,116,114.66666666666667
113467,Both interviewed and MEC examined,63,Female,Non-Hispanic White,Never,29.9,121,123,124,122.66666666666667
113468,Both interviewed and MEC examined,22,Male,Mexican American,Never,37.1,109,113,112,111.33333333333333
113469,Both interviewed and MEC examined,36,Male,Non-Hispanic White,Current,28.5,113,115,116,114.66666666666667
113470,Both interviewed and MEC examined,29,Female,Non-Hispanic Asian,Never,23.7,97,96,94,95.66666666666667
113472,Both interviewed and MEC examined,48,Female,Non-Hispanic Black,Current,24,181,172,165,172.66666666666666
113477,Both interviewed and MEC examined,62,Female,Non-Hispanic Black,Never,33.6,NA,NA,NA,NA
113478,Both interviewed and MEC examined,31,Female,Non-Hispanic Black,Never,46.9,100,99,104,101
113479,Both interviewed and MEC examined,60,Female,Non-Hispanic White,Never,23.8,105,109,115,109.66666666666667
113480,Both interviewed and MEC examined,41,Male,Non-Hispanic Asian,Never,25.2,110,113,112,111.66666666666667
113482,Both interviewed and MEC examined,67,Male,Non-Hispanic White,Former,34.5,114,110,111,111.66666666666667
113486,Both interviewed and MEC examined,27,Female,Non-Hispanic Asian,Current,31,144,136,139,139.66666666666666
113487,Both interviewed and MEC examined,52,Female,Non-Hispanic Black,Never,46.6,112,109,113,111.33333333333333
113491,Both interviewed and MEC examined,38,Female,Non-Hispanic Asian,Never,25.4,129,122,120,123.66666666666667
113492,Both interviewed and MEC examined,61,Male,Non-Hispanic Black,Never,24,126,128,120,124.66666666666667
113493,Both interviewed and MEC examined,46,Male,Non-Hispanic White,Current,25.8,127,135,136,132.66666666666666
113494,Both interviewed and MEC examined,25,Female,Non-Hispanic White,Never,39.6,123,118,117,119.33333333333333
113499,Both interviewed and MEC examined,23,Male,Non-Hispanic White,Never,23,117,116,115,116
113501,Both interviewed and MEC examined,56,Male,Other Hispanic,Former,45.1,124,126,125,125
113503,Both interviewed and MEC examined,68,Male,Non-Hispanic White,Never,51.5,151,152,162,155
113504,Both interviewed and MEC examined,30,Female,Non-Hispanic Black,Former,47.6,111,112,108,110.33333333333333
113505,Both interviewed and MEC examined,29,Female,Non-Hispanic Black,Never,29.4,101,104,99,101.33333333333333
113509,Both interviewed and MEC examined,26,Male,Non-Hispanic White,Never,24.2,130,134,132,132
113510,Both interviewed and MEC examined,68,Female,Non-Hispanic Black,Never,31.5,136,137,139,137.33333333333334
113511,Both interviewed and MEC examined,66,Female,Non-Hispanic Black,Never,37,107,99,100,102
113514,Both interviewed and MEC examined,42,Male,Other Hispanic,Current,38.4,150,148,155,151
113516,Both interviewed and MEC examined,65,Female,Non-Hispanic White,Current,37.3,106,108,109,107.66666666666667
113519,Both interviewed and MEC examined,64,Female,Non-Hispanic Asian,Never,21,160,158,142,153.33333333333334
113521,Both interviewed and MEC examined,72,Male,Non-Hispanic White,Former,28.2,157,134,149,146.66666666666666
113527,Both interviewed and MEC examined,40,Male,Mexican American,Former,34.3,146,138,137,140.33333333333334
113528,Both interviewed and MEC examined,79,Male,Non-Hispanic White,Former,31.7,134,139,129,134
113531,Both interviewed and MEC examined,25,Female,Other Hispanic,Never,28.5,107,105,104,105.33333333333333
113532,Both interviewed and MEC examined,43,Female,Non-Hispanic Asian,Never,27.1,131,137,148,138.66666666666666
113534,Both interviewed and MEC examined,56,Male,Non-Hispanic Asian,Never,33.9,NA,NA,NA,NA
113539,Both interviewed and MEC examined,42,Male,Non-Hispanic White,Former,31.8,112,110,113,111.66666666666667
113541,Both interviewed and MEC examined,79,Male,Non-Hispanic Black,Never,29.3,124,124,126,124.66666666666667
113542,Both interviewed and MEC examined,52,Male,Other Hispanic,Current,28.1,168,156,176,166.66666666666666
113543,Both interviewed and MEC examined,35,Female,Non-Hispanic White,Current,16.8,NA,NA,NA,NA
113546,Both interviewed and MEC examined,73,Male,Other Hispanic,Current,17.1,NA,NA,NA,NA
113547,Both interviewed and MEC examined,74,Female,Non-Hispanic Black,Current,39.8,140,138,141,139.66666666666666
113549,Both interviewed and MEC examined,71,Female,Non-Hispanic White,Current,21,128,134,134,132
113550,Both interviewed and MEC examined,27,Male,Other Race - Including Multi-Racial,Current,25.5,108,128,133,123
113551,Both interviewed and MEC examined,37,Female,Mexican American,Never,26.9,128,118,123,123
113553,Both interviewed and MEC examined,50,Female,Non-Hispanic White,Never,33.6,136,141,144,140.33333333333334
113556,Both interviewed and MEC examined,23,Female,Other Hispanic,Never,29.1,117,119,116,117.33333333333333
113558,Both interviewed and MEC examined,33,Male,Other Hispanic,Never,26.2,110,117,115,114
113559,Both interviewed and MEC examined,63,Male,Mexican American,Former,31.2,153,149,145,149
113560,Both interviewed and MEC examined,61,Female,Mexican American,Former,28.5,144,138,159,147
113562,Both interviewed and MEC examined,36,Male,Non-Hispanic White,Current,29,119,118,119,118.66666666666667
113565,Both interviewed and MEC examined,46,Female,Non-Hispanic Asian,Current,25.2,95,91,99,95
113566,Both interviewed and MEC examined,52,Female,Non-Hispanic Asian,Never,23.5,NA,NA,NA,NA
113569,Both interviewed and MEC examined,46,Male,Non-Hispanic White,Former,26.2,126,126,127,126.33333333333333
113573,Both interviewed and MEC examined,53,Female,Non-Hispanic White,Never,30.2,165,172,174,170.33333333333334
113574,Both interviewed and MEC examined,33,Male,Non-Hispanic White,Never,39.5,129,117,118,121.33333333333333
113575,Both interviewed and MEC examined,58,Male,Non-Hispanic White,Current,26.2,143,139,143,141.66666666666666
113576,Both interviewed and MEC examined,43,Male,Non-Hispanic Asian,Current,25.7,108,113,125,115.33333333333333
113577,Both interviewed and MEC examined,42,Female,Non-Hispanic Black,Never,38.5,126,128,130,128
113578,Both interviewed and MEC examined,26,Male,Non-Hispanic Black,Never,24.5,97,94,100,97
113580,Both interviewed and MEC examined,77,Female,Non-Hispanic Black,Never,33.4,140,143,145,142.66666666666666
113581,Both interviewed and MEC examined,75,Female,Other Hispanic,Never,26.1,161,168,162,163.66666666666666
113582,Both interviewed and MEC examined,55,Male,Non-Hispanic Black,Current,24.6,147,146,148,147
113583,Both interviewed and MEC examined,33,Female,Non-Hispanic Asian,Never,23.3,98,110,97,101.66666666666667
113584,Both interviewed and MEC examined,54,Female,Other Hispanic,Never,26.4,NA,NA,NA,NA
113586,Both interviewed and MEC examined,70,Male,Mexican American,Former,31.5,131,129,128,129.33333333333334
113587,Both interviewed and MEC examined,60,Male,Non-Hispanic Black,Current,25.8,130,139,135,134.66666666666666
113588,Both interviewed and MEC examined,61,Male,Mexican American,Former,34.8,134,138,132,134.66666666666666
113590,Both interviewed and MEC examined,65,Male,Non-Hispanic White,Current,17.5,113,130,142,128.33333333333334
113591,Both interviewed and MEC examined,66,Male,Other Race - Including Multi-Racial,Never,22.7,NA,NA,NA,NA
113597,Both interviewed and MEC examined,72,Female,Non-Hispanic White,Never,36.6,124,113,116,117.66666666666667
113599,Both interviewed and MEC examined,31,Male,Non-Hispanic White,Current,36.9,138,140,132,136.66666666666666
113602,Both interviewed and MEC examined,45,Male,Other Hispanic,Current,25.7,121,121,123,121.66666666666667
113614,Both interviewed and MEC examined,30,Male,Non-Hispanic White,Never,25.4,121,113,115,116.33333333333333
113615,Both interviewed and MEC examined,54,Female,Non-Hispanic White,Never,27.2,134,127,135,132
113616,Both interviewed and MEC examined,66,Male,Mexican American,Never,28.7,103,105,103,103.66666666666667
113620,Both interviewed and MEC examined,48,Female,Non-Hispanic Asian,Never,20.7,113,119,110,114
113621,Both interviewed and MEC examined,58,Female,Non-Hispanic White,Never,24.1,112,115,115,114
113624,Both interviewed and MEC examined,45,Male,Mexican American,Current,25.3,130,131,137,132.66666666666666
113627,Both interviewed and MEC examined,33,Male,Non-Hispanic Black,Never,44.3,124,131,128,127.66666666666667
113628,Both interviewed and MEC examined,37,Female,Non-Hispanic White,Former,40.5,107,101,102,103.33333333333333
113630,Both interviewed and MEC examined,39,Male,Non-Hispanic Asian,Never,32,112,111,118,113.66666666666667
113631,Both interviewed and MEC examined,64,Female,Mexican American,Never,32.4,126,123,124,124.33333333333333
113632,Both interviewed and MEC examined,50,Female,Non-Hispanic White,Never,30.1,130,136,132,132.66666666666666
113633,Both interviewed and MEC examined,29,Male,Non-Hispanic Asian,Former,24.4,102,100,106,102.66666666666667
113636,Both interviewed and MEC examined,24,Male,Non-Hispanic Asian,Never,20.6,118,122,125,121.66666666666667
113637,Both interviewed and MEC examined,35,Female,Other Hispanic,Former,28.2,96,93,90,93
113639,Both interviewed and MEC examined,67,Male,Other Hispanic,Never,29.8,151,151,144,148.66666666666666
113641,Both interviewed and MEC examined,24,Female,Non-Hispanic White,Never,20.3,91,94,95,93.33333333333333
113642,Both interviewed and MEC examined,47,Male,Non-Hispanic Asian,Never,32.6,115,111,116,114
113646,Both interviewed and MEC examined,47,Female,Non-Hispanic Black,Current,43.9,119,119,121,119.66666666666667
113647,Both interviewed and MEC examined,58,Male,Mexican American,Never,28.4,126,126,131,127.66666666666667
113648,Both interviewed and MEC examined,61,Male,Non-Hispanic Black,Never,27.5,155,147,143,148.33333333333334
113649,Both interviewed and MEC examined,55,Male,Non-Hispanic White,Never,41.3,124,130,122,125.33333333333333
113651,Both interviewed and MEC examined,62,Female,Non-Hispanic Asian,Never,44.6,99,99,93,97
113652,Both interviewed and MEC examined,26,Male,Non-Hispanic Asian,Never,24.3,123,120,114,119
113655,Both interviewed and MEC examined,36,Female,Non-Hispanic Asian,Never,28.4,NA,NA,NA,NA
113658,Both interviewed and MEC examined,37,Female,Mexican American,Never,32.2,NA,NA,NA,NA
113660,Both interviewed and MEC examined,57,Female,Non-Hispanic Asian,Never,23.8,169,161,158,162.66666666666666
113661,Both interviewed and MEC examined,24,Female,Non-Hispanic White,Never,19.8,100,101,101,100.66666666666667
113663,Both interviewed and MEC examined,55,Male,Non-Hispanic Asian,Never,24.7,157,153,157,155.66666666666666
113666,Both interviewed and MEC examined,34,Male,Non-Hispanic White,Never,36.7,114,118,123,118.33333333333333
113667,Both interviewed and MEC examined,50,Male,Non-Hispanic Black,Former,39.8,121,118,122,120.33333333333333
113668,Both interviewed and MEC examined,75,Male,Non-Hispanic Black,Former,32.8,171,171,170,170.66666666666666
113669,Both interviewed and MEC examined,63,Male,Mexican American,Former,26.3,127,120,124,123.66666666666667
113672,Both interviewed and MEC examined,54,Female,Mexican American,Never,37.7,NA,NA,NA,NA
113676,Both interviewed and MEC examined,34,Female,Other Hispanic,Never,25,107,109,108,108
113677,Both interviewed and MEC examined,33,Female,Non-Hispanic White,Current,25.3,NA,NA,NA,NA
113678,Both interviewed and MEC examined,47,Female,Non-Hispanic Black,Never,30.6,109,107,110,108.66666666666667
113680,Both interviewed and MEC examined,36,Female,Non-Hispanic White,Current,31.2,94,92,101,95.66666666666667
113681,Both interviewed and MEC examined,62,Male,Non-Hispanic Black,Never,25.1,146,140,132,139.33333333333334
113682,Both interviewed and MEC examined,58,Male,Mexican American,Current,26,107,101,106,104.66666666666667
113683,Both interviewed and MEC examined,25,Male,Non-Hispanic Black,Never,34.9,138,132,149,139.66666666666666
113684,Both interviewed and MEC examined,71,Male,Non-Hispanic White,Former,37.7,121,117,129,122.33333333333333
113687,Both interviewed and MEC examined,45,Female,Non-Hispanic Black,Current,34.1,109,121,122,117.33333333333333
113690,Both interviewed and MEC examined,24,Female,Non-Hispanic Asian,Never,19.8,105,104,101,103.33333333333333
113691,Both interviewed and MEC examined,63,Female,Non-Hispanic White,Current,25.4,106,100,102,102.66666666666667
113692,Both interviewed and MEC examined,23,Female,Non-Hispanic Asian,Never,24.5,112,113,114,113
113695,Both interviewed and MEC examined,25,Male,Non-Hispanic White,Current,34.4,127,137,135,133
113696,Both interviewed and MEC examined,39,Male,Non-Hispanic White,Never,21.8,107,110,106,107.66666666666667
113699,Both interviewed and MEC examined,61,Female,Other Hispanic,Never,32.4,146,153,145,148
113701,Both interviewed and MEC examined,27,Male,Mexican American,Current,24.7,103,106,105,104.66666666666667
113702,Both interviewed and MEC examined,57,Male,Non-Hispanic Asian,Never,26.3,172,166,167,168.33333333333334
113703,Both interviewed and MEC examined,23,Female,Non-Hispanic Asian,Never,22.6,NA,NA,NA,NA
113704,Both interviewed and MEC examined,43,Male,Non-Hispanic White,Never,39,108,118,114,113.33333333333333
113706,Both interviewed and MEC examined,48,Male,Non-Hispanic Black,Never,32.4,130,132,130,130.66666666666666
113707,Both interviewed and MEC examined,73,Male,Mexican American,Former,26.7,123,126,128,125.66666666666667
113708,Both interviewed and MEC examined,30,Female,Other Race - Including Multi-Racial,Never,19.1,110,109,109,109.33333333333333
113709,Both interviewed and MEC examined,38,Male,Non-Hispanic Asian,Never,27.9,120,127,117,121.33333333333333
113714,Both interviewed and MEC examined,37,Male,Other Hispanic,Never,25.4,124,119,121,121.33333333333333
113716,Both interviewed and MEC examined,47,Female,Non-Hispanic Asian,Never,24.5,126,124,126,125.33333333333333
113717,Both interviewed and MEC examined,51,Male,Non-Hispanic Asian,Never,25.6,108,107,112,109
113718,Both interviewed and MEC examined,72,Female,Non-Hispanic Black,Never,NA,NA,NA,NA,NA
113723,Both interviewed and MEC examined,38,Male,Mexican American,Never,28.1,122,113,117,117.33333333333333
113727,Both interviewed and MEC examined,41,Female,Other Race - Including Multi-Racial,Never,21.4,98,108,103,103
113731,Both interviewed and MEC examined,26,Female,Non-Hispanic White,Never,22.3,104,109,108,107
113733,Both interviewed and MEC examined,68,Male,Other Hispanic,Former,33.8,163,170,160,164.33333333333334
113734,Both interviewed and MEC examined,74,Male,Non-Hispanic White,Former,30.5,165,146,155,155.33333333333334
113735,Both interviewed and MEC examined,50,Male,Non-Hispanic White,Never,30.6,115,114,117,115.33333333333333
113736,Both interviewed and MEC examined,64,Male,Mexican American,Former,31.4,132,129,122,127.66666666666667
113737,Both interviewed and MEC examined,56,Female,Mexican American,Never,34.7,140,135,133,136
113738,Both interviewed and MEC examined,55,Female,Other Hispanic,Never,26.9,107,112,108,109
113740,Both interviewed and MEC examined,63,Female,Non-Hispanic White,Never,32.7,NA,NA,NA,NA
113742,Both interviewed and MEC examined,21,Female,Non-Hispanic Asian,Never,22,105,109,106,106.66666666666667
113744,Both interviewed and MEC examined,41,Male,Non-Hispanic Black,Former,35.8,111,112,104,109
113747,Both interviewed and MEC examined,29,Male,Non-Hispanic White,Former,34.9,115,113,119,115.66666666666667
113750,Both interviewed and MEC examined,60,Male,Non-Hispanic Asian,Never,37,126,130,128,128
113751,Both interviewed and MEC examined,61,Male,Non-Hispanic White,Never,31.3,138,135,136,136.33333333333334
113754,Both interviewed and MEC examined,49,Female,Non-Hispanic White,Former,23.8,121,126,135,127.33333333333333
113757,Both interviewed and MEC examined,21,Male,Non-Hispanic White,Never,26.9,104,108,104,105.33333333333333
113761,Both interviewed and MEC examined,25,Male,Other Race - Including Multi-Racial,Current,25.5,120,123,130,124.33333333333333
113762,Both interviewed and MEC examined,64,Male,Non-Hispanic Asian,Current,22.2,NA,NA,NA,NA
113763,Both interviewed and MEC examined,25,Female,Other Race - Including Multi-Racial,Never,38.7,106,103,107,105.33333333333333
113766,Both interviewed and MEC examined,58,Female,Non-Hispanic White,Current,26.2,97,97,99,97.66666666666667
113767,Both interviewed and MEC examined,23,Male,Other Hispanic,Never,44,117,112,107,112
113768,Both interviewed and MEC examined,66,Female,Non-Hispanic Black,Current,15.4,145,153,162,153.33333333333334
113769,Both interviewed and MEC examined,36,Female,Non-Hispanic White,Current,30.3,102,106,111,106.33333333333333
113770,Both interviewed and MEC examined,52,Male,Non-Hispanic White,Former,28.3,126,128,122,125.33333333333333
113773,Both interviewed and MEC examined,68,Male,Non-Hispanic White,Never,31.7,143,141,138,140.66666666666666
113775,Both interviewed and MEC examined,67,Female,Other Hispanic,Never,23.5,110,117,118,115
113776,Both interviewed and MEC examined,53,Male,Mexican American,Former,47.5,111,113,106,110
113777,Both interviewed and MEC examined,69,Male,Non-Hispanic Black,Former,26.7,137,136,142,138.33333333333334
113779,Both interviewed and MEC examined,21,Male,Non-Hispanic White,Current,19.1,103,107,103,104.33333333333333
113785,Both interviewed and MEC examined,50,Female,Mexican American,Never,29.4,130,132,130,130.66666666666666
113787,Both interviewed and MEC examined,71,Male,Non-Hispanic White,Former,31.7,112,106,105,107.66666666666667
113788,Both interviewed and MEC examined,25,Female,Non-Hispanic Black,Never,39.1,105,104,101,103.33333333333333
113791,Both interviewed and MEC examined,24,Female,Non-Hispanic White,Never,19.1,113,112,114,113
113792,Both interviewed and MEC examined,25,Female,Other Hispanic,Never,33.7,96,96,91,94.33333333333333
113794,Both interviewed and MEC examined,35,Female,Non-Hispanic Asian,Never,25.3,NA,NA,NA,NA
113799,Both interviewed and MEC examined,71,Male,Non-Hispanic White,Current,20.3,116,114,111,113.66666666666667
113801,Both interviewed and MEC examined,45,Female,Non-Hispanic White,Current,40.1,146,151,149,148.66666666666666
113803,Both interviewed and MEC examined,55,Male,Non-Hispanic Black,Never,26.1,133,137,135,135
113807,Both interviewed and MEC examined,28,Female,Other Hispanic,Never,31.8,127,132,135,131.33333333333334
113808,Both interviewed and MEC examined,32,Female,Non-Hispanic Black,Former,40.7,102,102,109,104.33333333333333
113810,Both interviewed and MEC examined,40,Male,Non-Hispanic Asian,Current,29.9,141,149,153,147.66666666666666
113812,Both interviewed and MEC examined,32,Female,Other Hispanic,Current,22.2,115,114,114,114.33333333333333
113815,Both interviewed and MEC examined,71,Male,Mexican American,Former,25.2,163,162,164,163
113816,Both interviewed and MEC examined,49,Male,Non-Hispanic White,Never,36.9,138,133,135,135.33333333333334
113817,Both interviewed and MEC examined,49,Female,Non-Hispanic Black,Never,33.7,104,110,106,106.66666666666667
113818,Both interviewed and MEC examined,54,Male,Non-Hispanic Black,Never,NA,NA,NA,NA,NA
113819,Both interviewed and MEC examined,60,Male,Non-Hispanic Black,Never,28.2,133,132,134,133
113820,Both interviewed and MEC examined,35,Female,Non-Hispanic White,Current,39.1,109,103,107,106.33333333333333
113822,Both interviewed and MEC examined,51,Female,Non-Hispanic Asian,Never,24.1,105,101,95,100.33333333333333
113824,Both interviewed and MEC examined,36,Male,Other Hispanic,Former,28.6,108,107,107,107.33333333333333
113825,Both interviewed and MEC examined,66,Female,Non-Hispanic White,Current,26.7,111,115,120,115.33333333333333
113826,Both interviewed and MEC examined,70,Female,Non-Hispanic Black,Never,38.9,160,158,156,158
113828,Both interviewed and MEC examined,42,Female,Mexican American,Never,31.4,97,103,98,99.33333333333333
113830,Both interviewed and MEC examined,31,Female,Other Race - Including Multi-Racial,Never,34.7,110,112,112,111.33333333333333
113834,Both interviewed and MEC examined,42,Male,Non-Hispanic Asian,Never,24.6,103,107,109,106.33333333333333
113838,Both interviewed and MEC examined,59,Male,Non-Hispanic Asian,Never,17,127,128,116,123.66666666666667
113839,Both interviewed and MEC examined,42,Male,Non-Hispanic White,Current,28.6,135,137,134,135.33333333333334
113840,Both interviewed and MEC examined,62,Male,Non-Hispanic Asian,Former,23.6,128,134,133,131.66666666666666
113841,Both interviewed and MEC examined,57,Male,Non-Hispanic White,Never,33.1,116,115,116,115.66666666666667
113844,Both interviewed and MEC examined,41,Female,Other Hispanic,Never,36.9,112,110,108,110
113846,Both interviewed and MEC examined,58,Female,Non-Hispanic White,Never,24.2,112,NA,NA,112
113847,Both interviewed and MEC examined,51,Female,Mexican American,Never,28.5,145,144,146,145
113851,Both interviewed and MEC examined,67,Male,Non-Hispanic Black,Former,37.5,155,157,154,155.33333333333334
113852,Both interviewed and MEC examined,78,Female,Mexican American,Former,27.9,152,160,152,154.66666666666666
113854,Both interviewed and MEC examined,70,Female,Other Hispanic,Never,36.2,123,131,128,127.33333333333333
113856,Both interviewed and MEC examined,63,Female,Non-Hispanic White,Never,49.1,96,95,108,99.66666666666667
113857,Both interviewed and MEC examined,49,Female,Non-Hispanic Asian,Never,24.6,131,121,128,126.66666666666667
113859,Both interviewed and MEC examined,75,Male,Non-Hispanic Asian,Never,26.5,160,161,164,161.66666666666666
113860,Both interviewed and MEC examined,51,Female,Non-Hispanic Asian,Never,28.9,112,105,112,109.66666666666667
113862,Both interviewed and MEC examined,61,Female,Other Hispanic,Never,18.8,105,109,104,106
113863,Both interviewed and MEC examined,66,Female,Non-Hispanic Black,Current,29.8,99,97,98,98
113865,Both interviewed and MEC examined,52,Female,Non-Hispanic White,Never,34,NA,NA,NA,NA
113866,Both interviewed and MEC examined,58,Female,Non-Hispanic White,Never,21.5,134,130,138,134
113868,Both interviewed and MEC examined,37,Female,Non-Hispanic White,Former,50.7,121,112,132,121.66666666666667
113870,Both interviewed and MEC examined,69,Male,Non-Hispanic Asian,Never,23.3,136,137,137,136.66666666666666
113871,Both interviewed and MEC examined,71,Male,Non-Hispanic Black,Never,29.8,136,136,130,134
113872,Both interviewed and MEC examined,62,Male,Non-Hispanic Black,Former,25.6,140,145,138,141
113874,Both interviewed and MEC examined,43,Male,Other Hispanic,Never,32,105,111,111,109
113880,Both interviewed and MEC examined,74,Female,Non-Hispanic White,Former,34.6,143,143,136,140.66666666666666
113881,Both interviewed and MEC examined,67,Female,Non-Hispanic Black,Never,33,150,150,155,151.66666666666666
113884,Both interviewed and MEC examined,47,Male,Non-Hispanic White,Never,27.1,NA,NA,NA,NA
113886,Both interviewed and MEC examined,28,Male,Non-Hispanic Asian,Former,21.7,NA,NA,NA,NA
113888,Both interviewed and MEC examined,73,Male,Non-Hispanic White,Never,25.1,125,137,129,130.33333333333334
113889,Both interviewed and MEC examined,60,Male,Non-Hispanic White,Current,34.3,131,125,125,127
113891,Both interviewed and MEC examined,40,Female,Other Race - Including Multi-Racial,Never,26.9,95,100,96,97
113893,Both interviewed and MEC examined,64,Male,Mexican American,Former,26.4,151,149,151,150.33333333333334
113895,Both interviewed and MEC examined,69,Female,Mexican American,Never,38.1,NA,NA,NA,NA
113897,Both interviewed and MEC examined,69,Male,Non-Hispanic White,Former,25.8,145,147,144,145.33333333333334
113898,Both interviewed and MEC examined,46,Male,Non-Hispanic Asian,Never,30.9,NA,NA,NA,NA
113899,Both interviewed and MEC examined,37,Female,Other Race - Including Multi-Racial,Never,33.7,96,98,102,98.66666666666667
113900,Both interviewed and MEC examined,58,Male,Non-Hispanic White,Former,30.2,126,113,127,122
113903,Both interviewed and MEC examined,65,Female,Non-Hispanic White,Former,23.3,121,118,123,120.66666666666667
113904,Both interviewed and MEC examined,73,Female,Non-Hispanic White,Former,40.7,119,125,132,125.33333333333333
113906,Both interviewed and MEC examined,33,Male,Non-Hispanic White,Current,25.3,123,137,126,128.66666666666666
113907,Both interviewed and MEC examined,49,Female,Other Hispanic,Former,25.6,130,128,128,128.66666666666666
113910,Both interviewed and MEC examined,38,Male,Non-Hispanic Black,Current,27.1,122,123,119,121.33333333333333
113911,Both interviewed and MEC examined,70,Female,Mexican American,Never,27.9,91,85,95,90.33333333333333
113912,Both interviewed and MEC examined,49,Male,Non-Hispanic Black,Never,38.4,120,121,120,120.33333333333333
113913,Both interviewed and MEC examined,63,Female,Non-Hispanic Asian,Never,23.9,121,128,130,126.33333333333333
113915,Both interviewed and MEC examined,36,Female,Non-Hispanic Black,Never,42.9,114,118,118,116.66666666666667
113917,Both interviewed and MEC examined,31,Male,Other Hispanic,Never,28.4,104,105,107,105.33333333333333
113921,Both interviewed and MEC examined,55,Female,Non-Hispanic Asian,Never,28.2,176,172,168,172
113922,Both interviewed and MEC examined,58,Male,Mexican American,Former,29.9,120,118,126,121.33333333333333
113924,Both interviewed and MEC examined,41,Female,Mexican American,Never,NA,NA,NA,NA,NA
113926,Both interviewed and MEC examined,77,Male,Non-Hispanic White,Never,32.4,115,113,115,114.33333333333333
113928,Both interviewed and MEC examined,34,Female,Non-Hispanic Asian,Never,22.4,97,97,96,96.66666666666667
113934,Both interviewed and MEC examined,41,Male,Non-Hispanic White,Current,27.5,126,121,118,121.66666666666667
113941,Both interviewed and MEC examined,66,Female,Non-Hispanic White,Former,61.6,66,86,87,79.66666666666667
113943,Both interviewed and MEC examined,62,Male,Non-Hispanic White,Never,26.6,120,124,133,125.66666666666667
113944,Both interviewed and MEC examined,57,Male,Non-Hispanic White,Former,31.1,111,118,118,115.66666666666667
113945,Both interviewed and MEC examined,55,Male,Non-Hispanic Asian,Former,25.8,109,99,114,107.33333333333333
113946,Both interviewed and MEC examined,22,Female,Other Race - Including Multi-Racial,Never,29.1,118,123,122,121
113947,Both interviewed and MEC examined,31,Female,Non-Hispanic Black,Never,32.7,143,149,148,146.66666666666666
113949,Both interviewed and MEC examined,67,Female,Non-Hispanic Black,Never,36.4,NA,NA,NA,NA
113951,Both interviewed and MEC examined,36,Female,Non-Hispanic Black,Never,43.7,111,109,119,113
113953,Both interviewed and MEC examined,45,Female,Non-Hispanic White,Never,29.1,NA,NA,NA,NA
113954,Both interviewed and MEC examined,47,Female,Mexican American,Never,24,NA,NA,NA,NA
113957,Both interviewed and MEC examined,51,Male,Non-Hispanic White,Current,24.9,142,138,139,139.66666666666666
113958,Both interviewed and MEC examined,43,Male,Non-Hispanic Black,Never,27.2,111,108,112,110.33333333333333
113965,Both interviewed and MEC examined,39,Female,Non-Hispanic Black,Never,41.4,NA,NA,NA,NA
113967,Both interviewed and MEC examined,36,Male,Non-Hispanic White,Never,20.7,118,120,119,119
113968,Both interviewed and MEC examined,77,Female,Non-Hispanic White,Former,23.4,146,145,154,148.33333333333334
113969,Both interviewed and MEC examined,24,Female,Non-Hispanic Asian,Current,19.1,119,115,113,115.66666666666667
113971,Both interviewed and MEC examined,71,Male,Non-Hispanic White,Never,27.8,127,126,127,126.66666666666667
113972,Both interviewed and MEC examined,35,Male,Mexican American,Never,28.5,NA,NA,NA,NA
113973,Both interviewed and MEC examined,62,Female,Non-Hispanic Black,Never,30.6,120,106,117,114.33333333333333
113976,Both interviewed and MEC examined,21,Male,Non-Hispanic Black,Never,38.7,119,117,116,117.33333333333333
113977,Both interviewed and MEC examined,60,Male,Non-Hispanic White,Never,29.4,110,127,125,120.66666666666667
113978,Both interviewed and MEC examined,77,Female,Non-Hispanic White,Never,25.5,135,140,139,138
113979,Both interviewed and MEC examined,27,Female,Mexican American,Never,21.4,118,115,117,116.66666666666667
113980,Both interviewed and MEC examined,43,Female,Mexican American,Never,25.3,107,104,108,106.33333333333333
113981,Both interviewed and MEC examined,67,Female,Non-Hispanic White,Never,36,117,122,117,118.66666666666667
113982,Both interviewed and MEC examined,57,Male,Other Hispanic,Never,35.4,167,165,150,160.66666666666666
113983,Both interviewed and MEC examined,66,Female,Non-Hispanic White,Never,27.3,118,116,113,115.66666666666667
113984,Both interviewed and MEC examined,44,Male,Mexican American,Former,38.3,124,126,123,124.33333333333333
113986,Both interviewed and MEC examined,66,Male,Non-Hispanic White,Never,34,95,94,87,92
113987,Both interviewed and MEC examined,33,Male,Non-Hispanic White,Former,24.8,119,117,NA,118
113991,Both interviewed and MEC examined,42,Female,Non-Hispanic Black,Never,33.5,NA,NA,NA,NA
113992,Both interviewed and MEC examined,35,Male,Non-Hispanic White,Never,43.8,137,140,145,140.66666666666666
113993,Both interviewed and MEC examined,72,Female,Non-Hispanic Black,Never,32.7,117,120,111,116
113994,Both interviewed and MEC examined,43,Male,Other Hispanic,Never,30,107,109,106,107.33333333333333
113998,Both interviewed and MEC examined,53,Female,Non-Hispanic White,Former,27.6,105,114,116,111.66666666666667
114005,Both interviewed and MEC examined,41,Male,Other Hispanic,Never,27.3,118,119,119,118.66666666666667
114008,Both interviewed and MEC examined,66,Male,Non-Hispanic White,Never,28.1,NA,NA,NA,NA
114015,Both interviewed and MEC examined,62,Male,Non-Hispanic White,Current,29,132,120,122,124.66666666666667
114017,Both interviewed and MEC examined,61,Male,Mexican American,Never,35.2,110,109,110,109.66666666666667
114019,Both interviewed and MEC examined,74,Male,Non-Hispanic White,Never,24,140,128,130,132.66666666666666
114021,Both interviewed and MEC examined,63,Male,Non-Hispanic White,Current,26.9,159,158,165,160.66666666666666
114023,Both interviewed and MEC examined,63,Male,Non-Hispanic White,Never,30.4,131,133,125,129.66666666666666
114027,Both interviewed and MEC examined,57,Male,Non-Hispanic Black,Former,31,148,149,148,148.33333333333334
114028,Both interviewed and MEC examined,75,Male,Non-Hispanic White,Never,21.2,140,141,126,135.66666666666666
114030,Both interviewed and MEC examined,28,Female,Non-Hispanic Black,Current,25.9,118,119,117,118
114032,Both interviewed and MEC examined,65,Female,Non-Hispanic White,Never,31.3,121,119,115,118.33333333333333
114034,Both interviewed and MEC examined,45,Female,Non-Hispanic White,Former,45.4,99,99,96,98
114035,Both interviewed and MEC examined,34,Male,Non-Hispanic White,Never,31.1,109,104,107,106.66666666666667
114036,Both interviewed and MEC examined,56,Female,Non-Hispanic Black,Never,38.4,133,135,143,137
114037,Both interviewed and MEC examined,76,Female,Non-Hispanic White,Current,25.5,NA,NA,NA,NA
114038,Both interviewed and MEC examined,70,Female,Other Hispanic,Former,28.7,122,131,135,129.33333333333334
114039,Both interviewed and MEC examined,62,Male,Non-Hispanic Black,Current,34.6,NA,NA,NA,NA
114040,Both interviewed and MEC examined,59,Female,Non-Hispanic Black,Former,40.1,142,143,141,142
114042,Both interviewed and MEC examined,52,Female,Mexican American,Former,36.7,122,133,135,130
114043,Both interviewed and MEC examined,75,Female,Non-Hispanic White,Never,42,150,149,145,148
114045,Both interviewed and MEC examined,70,Male,Non-Hispanic White,Never,36.8,123,127,127,125.66666666666667
114046,Both interviewed and MEC examined,40,Male,Non-Hispanic White,Never,25.2,129,129,132,130
114048,Both interviewed and MEC examined,30,Female,Non-Hispanic White,Never,30,97,95,93,95
114049,Both interviewed and MEC examined,66,Female,Non-Hispanic White,Never,39.9,108,118,119,115
114052,Both interviewed and MEC examined,73,Male,Non-Hispanic White,Never,26.7,161,165,160,162
114053,Both interviewed and MEC examined,26,Male,Non-Hispanic Asian,Never,26,113,111,114,112.66666666666667
114054,Both interviewed and MEC examined,77,Male,Non-Hispanic Black,Never,32.1,134,126,136,132
114056,Both interviewed and MEC examined,50,Male,Other Hispanic,Never,29.9,NA,NA,NA,NA
114057,Both interviewed and MEC examined,25,Female,Other Hispanic,Never,27.5,104,106,107,105.66666666666667
114059,Both interviewed and MEC examined,68,Female,Non-Hispanic Black,Never,25.6,126,126,124,125.33333333333333
114060,Both interviewed and MEC examined,25,Female,Non-Hispanic Black,Never,35.5,NA,NA,NA,NA
114062,Both interviewed and MEC examined,33,Female,Other Race - Including Multi-Racial,Never,40,NA,NA,NA,NA
114067,Both interviewed and MEC examined,71,Female,Non-Hispanic Black,Current,26.3,NA,NA,NA,NA
114068,Both interviewed and MEC examined,32,Female,Non-Hispanic White,Current,24.4,137,138,138,137.66666666666666
114069,Both interviewed and MEC examined,27,Female,Non-Hispanic Black,Never,40.4,104,109,107,106.66666666666667
114070,Both interviewed and MEC examined,35,Female,Non-Hispanic Black,Never,30.8,174,190,184,182.66666666666666
114071,Both interviewed and MEC examined,63,Female,Non-Hispanic Black,Never,33.8,139,138,138,138.33333333333334
114075,Both interviewed and MEC examined,24,Female,Non-Hispanic White,Never,18.7,115,108,108,110.33333333333333
114078,Both interviewed and MEC examined,32,Female,Non-Hispanic Asian,Never,24,107,108,105,106.66666666666667
114081,Both interviewed and MEC examined,48,Male,Non-Hispanic White,Never,37.6,137,136,139,137.33333333333334
114083,Both interviewed and MEC examined,76,Male,Non-Hispanic White,Current,25.7,149,131,132,137.33333333333334
114084,Both interviewed and MEC examined,55,Female,Non-Hispanic White,Never,27.2,142,136,138,138.66666666666666
114087,Both interviewed and MEC examined,44,Male,Other Hispanic,Never,32.1,105,104,106,105
114090,Both interviewed and MEC examined,56,Female,Non-Hispanic White,Never,28.9,143,143,142,142.66666666666666
114092,Both interviewed and MEC examined,39,Male,Non-Hispanic White,Current,30.9,122,127,123,124
114093,Both interviewed and MEC examined,44,Female,Non-Hispanic Black,Never,26.6,150,141,144,145
114095,Both interviewed and MEC examined,42,Female,Mexican American,Former,43.5,101,97,101,99.66666666666667
114096,Both interviewed and MEC examined,78,Male,Non-Hispanic White,Former,26.6,142,138,151,143.66666666666666
114098,Both interviewed and MEC examined,54,Female,Non-Hispanic Black,Never,25.8,119,117,128,121.33333333333333
114099,Both interviewed and MEC examined,33,Female,Non-Hispanic White,Never,22.4,127,127,122,125.33333333333333
114101,Both interviewed and MEC examined,46,Male,Other Hispanic,Current,27.9,138,137,143,139.33333333333334
114103,Both interviewed and MEC examined,74,Female,Other Race - Including Multi-Racial,Never,31.3,NA,NA,NA,NA
114105,Both interviewed and MEC examined,69,Female,Non-Hispanic Black,Former,40.4,106,106,117,109.66666666666667
114106,Both interviewed and MEC examined,75,Female,Non-Hispanic White,Never,34.4,147,147,140,144.66666666666666
114108,Both interviewed and MEC examined,63,Female,Non-Hispanic White,Never,18.8,118,116,118,117.33333333333333
114110,Both interviewed and MEC examined,26,Male,Mexican American,Former,23.7,116,114,113,114.33333333333333
114112,Both interviewed and MEC examined,23,Female,Other Hispanic,Never,31.2,100,98,99,99
114113,Both interviewed and MEC examined,60,Male,Non-Hispanic Black,Never,23.9,NA,NA,NA,NA
114114,Both interviewed and MEC examined,49,Female,Mexican American,Never,31.6,192,192,192,192
114117,Both interviewed and MEC examined,54,Female,Non-Hispanic White,Never,24.6,95,99,98,97.33333333333333
114118,Both interviewed and MEC examined,62,Male,Non-Hispanic White,Former,36.1,148,149,156,151
114122,Both interviewed and MEC examined,33,Male,Non-Hispanic Black,Never,33.2,149,138,148,145
114123,Both interviewed and MEC examined,63,Male,Non-Hispanic Black,Never,27.9,143,139,139,140.33333333333334
114124,Both interviewed and MEC examined,36,Female,Non-Hispanic White,Never,31.8,113,112,114,113
114125,Both interviewed and MEC examined,68,Female,Non-Hispanic White,Current,34.3,115,115,118,116
114128,Both interviewed and MEC examined,74,Male,Non-Hispanic White,Current,29.6,124,121,131,125.33333333333333
114130,Both interviewed and MEC examined,63,Female,Non-Hispanic Asian,Never,20.9,110,115,124,116.33333333333333
114131,Both interviewed and MEC examined,68,Male,Non-Hispanic Black,Never,NA,NA,NA,NA,NA
114133,Both interviewed and MEC examined,57,Male,Non-Hispanic White,Never,25.5,154,153,161,156
114135,Both interviewed and MEC examined,21,Female,Non-Hispanic Black,Never,23.5,103,103,97,101
114136,Both interviewed and MEC examined,30,Male,Other Hispanic,Never,29.7,120,122,121,121
114141,Both interviewed and MEC examined,60,Male,Non-Hispanic Asian,Never,24,142,144,151,145.66666666666666
114143,Both interviewed and MEC examined,43,Male,Non-Hispanic Black,Current,31,171,165,178,171.33333333333334
114145,Both interviewed and MEC examined,54,Male,Non-Hispanic Asian,Never,22.8,111,109,106,108.66666666666667
114147,Both interviewed and MEC examined,56,Female,Non-Hispanic White,Never,27.3,120,121,121,120.66666666666667
114148,Both interviewed and MEC examined,78,Female,Non-Hispanic White,Former,35.5,151,158,141,150
114149,Both interviewed and MEC examined,49,Male,Other Race - Including Multi-Racial,Never,31.9,123,124,123,123.33333333333333
114153,Both interviewed and MEC examined,27,Male,Other Hispanic,Current,17.4,122,122,121,121.66666666666667
114157,Both interviewed and MEC examined,41,Female,Non-Hispanic Asian,Never,21.9,NA,NA,NA,NA
114159,Both interviewed and MEC examined,73,Male,Other Hispanic,Never,27.4,NA,NA,NA,NA
114161,Both interviewed and MEC examined,62,Male,Non-Hispanic White,Former,37.5,124,120,123,122.33333333333333
114162,Both interviewed and MEC examined,68,Male,Non-Hispanic Black,Former,33.9,123,128,133,128
114163,Both interviewed and MEC examined,64,Female,Non-Hispanic White,Never,27,114,132,121,122.33333333333333
114165,Both interviewed and MEC examined,50,Male,Non-Hispanic White,Current,27,122,124,121,122.33333333333333
114167,Both interviewed and MEC examined,26,Female,Non-Hispanic White,Never,25.9,NA,NA,NA,NA
114168,Both interviewed and MEC examined,25,Male,Non-Hispanic White,Never,27.7,116,112,114,114
114169,Both interviewed and MEC examined,71,Male,Non-Hispanic Black,Never,23.7,147,146,144,145.66666666666666
114171,Both interviewed and MEC examined,29,Female,Non-Hispanic Asian,Never,27.1,NA,NA,NA,NA
114172,Both interviewed and MEC examined,54,Male,Non-Hispanic White,Former,31.2,103,107,100,103.33333333333333
114173,Both interviewed and MEC examined,55,Male,Non-Hispanic White,Current,27.2,163,132,125,140
114178,Both interviewed and MEC examined,51,Male,Non-Hispanic Black,Current,29.1,115,110,114,113
114179,Both interviewed and MEC examined,69,Male,Non-Hispanic Black,Never,37.4,148,145,151,148
114181,Both interviewed and MEC examined,60,Female,Non-Hispanic White,Never,36.6,136,144,144,141.33333333333334
114182,Both interviewed and MEC examined,67,Female,Non-Hispanic Black,Former,40.3,169,164,159,164
114183,Both interviewed and MEC examined,36,Female,Non-Hispanic White,Never,22.4,106,108,105,106.33333333333333
114184,Both interviewed and MEC examined,79,Female,Non-Hispanic White,Never,29.1,158,162,156,158.66666666666666
114185,Both interviewed and MEC examined,72,Female,Other Hispanic,Never,23.5,114,109,113,112
114186,Both interviewed and MEC examined,76,Male,Other Race - Including Multi-Racial,Current,19.9,124,119,125,122.66666666666667
114187,Both interviewed and MEC examined,24,Female,Non-Hispanic White,Current,17.7,100,98,96,98
114188,Both interviewed and MEC examined,45,Male,Mexican American,Never,24.3,154,147,145,148.66666666666666
114189,Both interviewed and MEC examined,73,Male,Non-Hispanic White,Former,33,136,133,135,134.66666666666666
114194,Both interviewed and MEC examined,42,Male,Other Race - Including Multi-Racial,Current,23.1,123,124,122,123
114195,Both interviewed and MEC examined,46,Female,Non-Hispanic Black,Former,24.9,145,142,141,142.66666666666666
114196,Both interviewed and MEC examined,22,Male,Mexican American,Never,15.7,NA,NA,NA,NA
114197,Both interviewed and MEC examined,58,Female,Other Hispanic,Never,29.5,123,125,120,122.66666666666667
114199,Both interviewed and MEC examined,34,Female,Non-Hispanic White,Current,33,103,100,105,102.66666666666667
114203,Both interviewed and MEC examined,61,Male,Non-Hispanic Black,Current,21.9,106,111,104,107
114211,Both interviewed and MEC examined,30,Male,Non-Hispanic Black,Former,23.6,110,113,107,110
114212,Both interviewed and MEC examined,66,Female,Non-Hispanic Asian,Never,23.7,148,141,137,142
114213,Both interviewed and MEC examined,79,Male,Non-Hispanic White,Former,31.4,135,134,146,138.33333333333334
114219,Both interviewed and MEC examined,63,Female,Other Hispanic,Never,28.3,120,121,121,120.66666666666667
114220,Both interviewed and MEC examined,22,Male,Non-Hispanic Black,Current,22.2,122,127,112,120.33333333333333
114222,Both interviewed and MEC examined,42,Female,Mexican American,Never,25,121,127,127,125
114225,Both interviewed and MEC examined,25,Female,Non-Hispanic Asian,Never,27.7,119,117,117,117.66666666666667
114227,Both interviewed and MEC examined,28,Female,Non-Hispanic Black,Never,19.1,97,98,99,98
114228,Both interviewed and MEC examined,22,Male,Non-Hispanic White,Never,32.5,117,108,113,112.66666666666667
114229,Both interviewed and MEC examined,46,Female,Non-Hispanic Black,Never,52.4,143,139,141,141
114231,Both interviewed and MEC examined,57,Female,Non-Hispanic Asian,Never,26,124,116,116,118.66666666666667
114235,Both interviewed and MEC examined,69,Female,Non-Hispanic Black,Former,48.2,111,107,113,110.33333333333333
114236,Both interviewed and MEC examined,38,Male,Mexican American,Current,37.2,133,138,136,135.66666666666666
114237,Both interviewed and MEC examined,52,Female,Non-Hispanic Asian,Never,25.5,127,130,132,129.66666666666666
114240,Both interviewed and MEC examined,76,Female,Non-Hispanic White,Never,31.3,108,108,113,109.66666666666667
114243,Both interviewed and MEC examined,78,Female,Non-Hispanic White,Never,29.1,146,175,166,162.33333333333334
114244,Both interviewed and MEC examined,24,Male,Mexican American,Never,32.1,112,110,108,110
114246,Both interviewed and MEC examined,32,Male,Non-Hispanic Black,Never,27,NA,NA,NA,NA
114247,Both interviewed and MEC examined,75,Male,Non-Hispanic White,Former,26.4,125,127,128,126.66666666666667
114248,Both interviewed and MEC examined,69,Male,Non-Hispanic Asian,Former,21.8,130,126,119,125
114251,Both interviewed and MEC examined,60,Male,Other Hispanic,Former,28.8,125,125,120,123.33333333333333
114254,Both interviewed and MEC examined,54,Female,Other Hispanic,Former,26.8,NA,NA,NA,NA
114257,Both interviewed and MEC examined,41,Male,Mexican American,Never,26.4,131,131,130,130.66666666666666
114259,Both interviewed and MEC examined,34,Male,Non-Hispanic Black,Current,33.6,121,124,123,122.66666666666667
114260,Both interviewed and MEC examined,41,Male,Non-Hispanic Black,Current,20.3,160,165,161,162
114261,Both interviewed and MEC examined,64,Female,Non-Hispanic White,Former,31.3,148,148,154,150
114268,Both interviewed and MEC examined,62,Female,Non-Hispanic Black,Current,34.9,116,118,120,118
114269,Both interviewed and MEC examined,75,Female,Non-Hispanic Asian,Never,32.6,139,136,138,137.66666666666666
114272,Both interviewed and MEC examined,27,Female,Non-Hispanic Black,Current,20.5,120,116,121,119
114273,Both interviewed and MEC examined,52,Male,Mexican American,Never,27.1,156,151,152,153
114274,Both interviewed and MEC examined,54,Female,Mexican American,Never,30.8,99,101,90,96.66666666666667
114276,Both interviewed and MEC examined,42,Male,Non-Hispanic White,Former,30.9,116,117,117,116.66666666666667
114287,Both interviewed and MEC examined,49,Female,Non-Hispanic Black,Never,28.1,121,120,119,120
114291,Both interviewed and MEC examined,42,Male,Non-Hispanic Black,Never,31.2,128,129,126,127.66666666666667
114293,Both interviewed and MEC examined,54,Male,Other Hispanic,Never,32.6,116,111,117,114.66666666666667
114294,Both interviewed and MEC examined,28,Female,Non-Hispanic White,Never,36.5,104,106,105,105
114298,Both interviewed and MEC examined,70,Female,Non-Hispanic White,Former,25.4,NA,NA,NA,NA
114303,Both interviewed and MEC examined,42,Male,Non-Hispanic Black,Current,21.9,116,117,116,116.33333333333333
114305,Both interviewed and MEC examined,64,Female,Non-Hispanic White,Former,31.7,150,156,149,151.66666666666666
114307,Both interviewed and MEC examined,61,Male,Non-Hispanic Black,Current,19.5,132,130,130,130.66666666666666
114311,Both interviewed and MEC examined,58,Male,Non-Hispanic Black,Former,19.7,129,124,125,126
114312,Both interviewed and MEC examined,33,Female,Mexican American,Never,25.2,94,98,95,95.66666666666667
114314,Both interviewed and MEC examined,21,Female,Mexican American,Never,37.8,110,106,100,105.33333333333333
114320,Both interviewed and MEC examined,55,Female,Non-Hispanic White,Former,31.7,119,124,118,120.33333333333333
114323,Both interviewed and MEC examined,70,Female,Non-Hispanic White,Never,24.9,114,113,118,115
114324,Both interviewed and MEC examined,70,Female,Mexican American,Never,26.8,118,108,110,112
114327,Both interviewed and MEC examined,39,Female,Non-Hispanic White,Never,34.7,124,140,141,135
114329,Both interviewed and MEC examined,28,Male,Mexican American,Never,32.7,118,122,125,121.66666666666667
114331,Both interviewed and MEC examined,63,Female,Non-Hispanic Asian,Never,24.8,136,135,132,134.33333333333334
114333,Both interviewed and MEC examined,21,Female,Non-Hispanic White,Current,26.5,108,109,106,107.66666666666667
114334,Both interviewed and MEC examined,51,Female,Non-Hispanic White,Current,20.4,112,115,107,111.33333333333333
114336,Both interviewed and MEC examined,43,Male,Non-Hispanic Black,Never,31.5,143,138,142,141
114337,Both interviewed and MEC examined,62,Female,Non-Hispanic Black,Never,33.2,131,131,132,131.33333333333334
114338,Both interviewed and MEC examined,40,Female,Non-Hispanic White,Former,28.4,110,106,114,110
114339,Both interviewed and MEC examined,33,Male,Non-Hispanic Black,Current,20,130,139,137,135.33333333333334
114340,Both interviewed and MEC examined,30,Male,Other Hispanic,Current,34.9,114,106,108,109.33333333333333
114342,Both interviewed and MEC examined,23,Female,Non-Hispanic White,Current,23.5,96,85,93,91.33333333333333
114345,Both interviewed and MEC examined,37,Female,Mexican American,Never,32.5,95,98,106,99.66666666666667
114346,Both interviewed and MEC examined,74,Female,Non-Hispanic White,Never,30.6,130,132,144,135.33333333333334
114349,Both interviewed and MEC examined,63,Female,Non-Hispanic Black,Never,27.9,131,131,125,129
114351,Both interviewed and MEC examined,74,Female,Non-Hispanic Black,Current,38.8,126,123,121,123.33333333333333
114352,Both interviewed and MEC examined,55,Female,Non-Hispanic Asian,Never,20.7,NA,NA,NA,NA
114353,Both interviewed and MEC examined,59,Male,Non-Hispanic White,Never,28.3,123,118,117,119.33333333333333
114354,Both interviewed and MEC examined,37,Male,Other Hispanic,Never,31.6,127,128,132,129
114355,Both interviewed and MEC examined,42,Female,Non-Hispanic Black,Never,26.6,NA,NA,NA,NA
114357,Both interviewed and MEC examined,75,Female,Non-Hispanic Asian,Never,25.7,NA,NA,NA,NA
114360,Both interviewed and MEC examined,28,Female,Non-Hispanic White,Never,21.3,104,103,108,105
114361,Both interviewed and MEC examined,21,Male,Non-Hispanic Asian,Never,32.2,121,126,124,123.66666666666667
114364,Both interviewed and MEC examined,71,Male,Other Race - Including Multi-Racial,Current,22.5,126,128,134,129.33333333333334
114366,Both interviewed and MEC examined,79,Female,Mexican American,Never,25.3,166,163,167,165.33333333333334
114367,Both interviewed and MEC examined,54,Female,Non-Hispanic Asian,Never,29.7,132,130,128,130
114369,Both interviewed and MEC examined,56,Female,Non-Hispanic Asian,Never,19.7,94,102,98,98
114372,Both interviewed and MEC examined,45,Male,Non-Hispanic White,Current,22.5,144,140,141,141.66666666666666
114374,Both interviewed and MEC examined,25,Male,Non-Hispanic White,Former,27.4,135,137,132,134.66666666666666
114375,Both interviewed and MEC examined,31,Female,Other Race - Including Multi-Racial,Current,52.3,115,133,133,127
114376,Both interviewed and MEC examined,33,Male,Non-Hispanic White,Former,22.3,124,121,126,123.66666666666667
114377,Both interviewed and MEC examined,41,Female,Mexican American,Never,24.3,105,106,100,103.66666666666667
114379,Both interviewed and MEC examined,33,Male,Non-Hispanic White,Never,23.9,129,124,124,125.66666666666667
114380,Both interviewed and MEC examined,47,Male,Non-Hispanic White,Former,28.3,110,103,117,110
114385,Both interviewed and MEC examined,23,Female,Non-Hispanic Asian,Never,43.2,NA,NA,NA,NA
114387,Both interviewed and MEC examined,30,Female,Non-Hispanic White,Never,25.9,108,104,111,107.66666666666667
114388,Both interviewed and MEC examined,52,Female,Other Hispanic,Never,25.2,152,149,151,150.66666666666666
114389,Both interviewed and MEC examined,63,Male,Non-Hispanic White,Never,35.8,111,106,109,108.66666666666667
114391,Both interviewed and MEC examined,47,Male,Mexican American,Former,23.1,101,102,95,99.33333333333333
114393,Both interviewed and MEC examined,23,Male,Non-Hispanic White,Former,27.9,113,128,115,118.66666666666667
114403,Both interviewed and MEC examined,54,Female,Non-Hispanic Black,Current,19.5,117,126,122,121.66666666666667
114404,Both interviewed and MEC examined,60,Male,Non-Hispanic Black,Never,31.5,152,157,156,155
114405,Both interviewed and MEC examined,36,Female,Mexican American,Never,28.2,97,96,103,98.66666666666667
114406,Both interviewed and MEC examined,60,Female,Mexican American,Never,33,144,129,139,137.33333333333334
114407,Both interviewed and MEC examined,66,Male,Mexican American,Former,30.1,129,136,141,135.33333333333334
114409,Both interviewed and MEC examined,50,Female,Non-Hispanic Asian,Never,30.2,NA,NA,NA,NA
114410,Both interviewed and MEC examined,68,Male,Other Race - Including Multi-Racial,Former,24.9,130,131,122,127.66666666666667
114412,Both interviewed and MEC examined,45,Female,Mexican American,Never,21.5,115,107,107,109.66666666666667
114413,Both interviewed and MEC examined,59,Female,Non-Hispanic White,Current,25.2,101,101,102,101.33333333333333
114414,Both interviewed and MEC examined,72,Male,Non-Hispanic White,Former,21.3,159,159,154,157.33333333333334
114415,Both interviewed and MEC examined,36,Male,Mexican American,Never,27.4,121,114,121,118.66666666666667
114417,Both interviewed and MEC examined,42,Male,Non-Hispanic Black,Never,35.9,147,147,153,149
114419,Both interviewed and MEC examined,47,Male,Other Hispanic,Never,32.4,144,141,140,141.66666666666666
114420,Both interviewed and MEC examined,77,Female,Non-Hispanic White,Former,20.8,146,143,145,144.66666666666666
114422,Both interviewed and MEC examined,38,Female,Mexican American,Former,36.9,121,117,110,116
114423,Both interviewed and MEC examined,63,Female,Non-Hispanic Asian,Never,21.5,138,128,134,133.33333333333334
114425,Both interviewed and MEC examined,43,Female,Other Hispanic,Never,31.1,106,98,107,103.66666666666667
114427,Both interviewed and MEC examined,48,Female,Non-Hispanic Black,Current,36.3,160,166,156,160.66666666666666
114429,Both interviewed and MEC examined,69,Female,Non-Hispanic Black,Never,26.6,176,156,166,166
114430,Both interviewed and MEC examined,36,Female,Non-Hispanic White,Never,24.3,112,108,112,110.66666666666667
114431,Both interviewed and MEC examined,55,Female,Non-Hispanic Asian,Never,27.8,129,118,125,124
114434,Both interviewed and MEC examined,54,Female,Non-Hispanic Black,Never,35.7,210,211,196,205.66666666666666
114438,Both interviewed and MEC examined,48,Male,Non-Hispanic Asian,Never,26.5,94,97,101,97.33333333333333
114444,Both interviewed and MEC examined,68,Male,Non-Hispanic White,Former,30.2,108,110,103,107
114445,Both interviewed and MEC examined,69,Female,Non-Hispanic Black,Current,35.9,131,136,138,135
114446,Both interviewed and MEC examined,49,Male,Non-Hispanic White,Never,27.6,131,123,125,126.33333333333333
114448,Both interviewed and MEC examined,40,Female,Non-Hispanic White,Former,26.5,127,111,120,119.33333333333333
114449,Both interviewed and MEC examined,48,Female,Other Race - Including Multi-Racial,Current,32.8,119,118,124,120.33333333333333
114450,Both interviewed and MEC examined,65,Male,Non-Hispanic White,Former,43.3,129,129,127,128.33333333333334
114452,Both interviewed and MEC examined,52,Female,Non-Hispanic Asian,Never,24.9,NA,NA,NA,NA
114453,Both interviewed and MEC examined,39,Female,Non-Hispanic Black,Never,28.5,150,147,145,147.33333333333334
114456,Both interviewed and MEC examined,65,Male,Non-Hispanic Asian,Current,26.8,148,144,142,144.66666666666666
114458,Both interviewed and MEC examined,45,Male,Non-Hispanic Asian,Current,19.4,111,106,107,108
114461,Both interviewed and MEC examined,69,Female,Other Race - Including Multi-Racial,Never,35,135,134,142,137
114462,Both interviewed and MEC examined,74,Female,Non-Hispanic White,Never,45.7,116,103,99,106
114466,Both interviewed and MEC examined,27,Female,Other Hispanic,Never,33.6,92,91,104,95.66666666666667
114467,Both interviewed and MEC examined,52,Male,Mexican American,Former,25.1,117,115,119,117
114470,Both interviewed and MEC examined,31,Male,Non-Hispanic Asian,Never,22.6,116,111,111,112.66666666666667
114472,Both interviewed and MEC examined,29,Male,Non-Hispanic Black,Never,37.1,111,110,107,109.33333333333333
114473,Both interviewed and MEC examined,73,Male,Non-Hispanic White,Former,21.9,127,126,124,125.66666666666667
114475,Both interviewed and MEC examined,60,Male,Non-Hispanic White,Current,26.7,134,146,144,141.33333333333334
114477,Both interviewed and MEC examined,22,Female,Non-Hispanic White,Never,50,116,112,115,114.33333333333333
114478,Both interviewed and MEC examined,30,Female,Mexican American,Never,17,118,100,115,111
114480,Both interviewed and MEC examined,52,Female,Non-Hispanic Black,Never,26.2,NA,NA,NA,NA
114481,Both interviewed and MEC examined,50,Male,Non-Hispanic White,Never,27.9,130,137,133,133.33333333333334
114482,Both interviewed and MEC examined,74,Female,Non-Hispanic White,Never,33.6,NA,NA,NA,NA
114483,Both interviewed and MEC examined,69,Female,Non-Hispanic White,Never,35.8,132,126,127,128.33333333333334
114487,Both interviewed and MEC examined,55,Male,Other Hispanic,Former,33.5,168,163,159,163.33333333333334
114491,Both interviewed and MEC examined,63,Male,Non-Hispanic Black,Never,28.6,148,144,144,145.33333333333334
114493,Both interviewed and MEC examined,45,Female,Non-Hispanic White,Current,38.7,123,121,124,122.66666666666667
114497,Both interviewed and MEC examined,56,Male,Non-Hispanic White,Former,34.4,129,128,129,128.66666666666666
114498,Both interviewed and MEC examined,43,Male,Non-Hispanic Asian,Never,23.6,121,125,116,120.66666666666667
114499,Both interviewed and MEC examined,65,Female,Mexican American,Never,26.3,128,125,134,129
114500,Both interviewed and MEC examined,67,Male,Non-Hispanic White,Current,23.5,97,100,92,96.33333333333333
114505,Both interviewed and MEC examined,41,Female,Non-Hispanic Asian,Never,24.6,110,107,107,108
114507,Both interviewed and MEC examined,46,Female,Mexican American,Never,32.6,126,121,124,123.66666666666667
114510,Both interviewed and MEC examined,32,Female,Other Hispanic,Current,42.5,107,108,107,107.33333333333333
114512,Both interviewed and MEC examined,30,Female,Non-Hispanic Black,Current,36.2,118,122,118,119.33333333333333
114514,Both interviewed and MEC examined,29,Male,Non-Hispanic Black,Never,34,97,98,95,96.66666666666667
114515,Both interviewed and MEC examined,72,Male,Non-Hispanic Black,Current,NA,164,166,150,160
114519,Both interviewed and MEC examined,50,Male,Non-Hispanic Asian,Never,26.4,130,128,119,125.66666666666667
114520,Both interviewed and MEC examined,43,Female,Non-Hispanic Black,Never,44.3,139,129,127,131.66666666666666
114521,Both interviewed and MEC examined,54,Female,Non-Hispanic Asian,Never,24.3,NA,NA,NA,NA
114523,Both interviewed and MEC examined,38,Female,Mexican American,Never,21.9,NA,NA,NA,NA
114527,Both interviewed and MEC examined,55,Female,Other Hispanic,Current,26.9,114,110,112,112
114529,Both interviewed and MEC examined,78,Female,Non-Hispanic White,Never,33.3,118,115,114,115.66666666666667
114530,Both interviewed and MEC examined,52,Female,Non-Hispanic Asian,Never,26.4,146,141,139,142
114531,Both interviewed and MEC examined,29,Female,Non-Hispanic Black,Former,28.4,98,105,101,101.33333333333333
114532,Both interviewed and MEC examined,68,Female,Non-Hispanic White,Former,24.1,137,137,136,136.66666666666666
114533,Both interviewed and MEC examined,23,Female,Non-Hispanic White,Former,27.7,101,96,103,100
114536,Both interviewed and MEC examined,28,Female,Non-Hispanic Black,Never,22.8,NA,NA,NA,NA
114538,Both interviewed and MEC examined,46,Female,Non-Hispanic White,Never,27.4,NA,NA,NA,NA
114539,Both interviewed and MEC examined,69,Female,Non-Hispanic Black,Current,27.9,121,120,106,115.66666666666667
114540,Both interviewed and MEC examined,70,Male,Other Hispanic,Never,25.1,190,184,176,183.33333333333334
114542,Both interviewed and MEC examined,45,Female,Non-Hispanic White,Former,23.9,135,136,139,136.66666666666666
114543,Both interviewed and MEC examined,32,Male,Non-Hispanic White,Current,26.6,117,112,117,115.33333333333333
114546,Both interviewed and MEC examined,45,Female,Mexican American,Never,38.6,140,142,129,137
114547,Both interviewed and MEC examined,64,Male,Non-Hispanic White,Former,32.8,124,114,114,117.33333333333333
114548,Both interviewed and MEC examined,46,Male,Non-Hispanic White,Never,26.4,129,119,122,123.33333333333333
114553,Both interviewed and MEC examined,43,Female,Non-Hispanic Black,Current,21.7,128,131,123,127.33333333333333
114555,Both interviewed and MEC examined,45,Female,Non-Hispanic Asian,Never,19.4,121,121,123,121.66666666666667
114557,Both interviewed and MEC examined,33,Female,Non-Hispanic Black,Former,28.3,NA,NA,NA,NA
114559,Both interviewed and MEC examined,33,Female,Non-Hispanic White,Former,23.5,107,102,106,105
114560,Both interviewed and MEC examined,46,Male,Mexican American,Former,26.4,105,106,104,105
114573,Both interviewed and MEC examined,45,Male,Other Hispanic,NA,24.3,116,117,118,117
114575,Both interviewed and MEC examined,29,Female,Non-Hispanic Asian,Never,26.9,118,114,123,118.33333333333333
114576,Both interviewed and MEC examined,35,Female,Non-Hispanic White,Former,27.4,NA,NA,NA,NA
114578,Both interviewed and MEC examined,41,Female,Non-Hispanic Black,Never,26.7,126,120,126,124
114579,Both interviewed and MEC examined,71,Male,Other Hispanic,Former,31.8,127,128,123,126
114585,Both interviewed and MEC examined,55,Female,Non-Hispanic White,Never,32.8,116,119,120,118.33333333333333
114586,Both interviewed and MEC examined,64,Female,Non-Hispanic White,Never,37.3,132,130,131,131
114590,Both interviewed and MEC examined,33,Female,Mexican American,Never,28.8,105,109,104,106
114591,Both interviewed and MEC examined,61,Female,Non-Hispanic White,Former,34,121,121,118,120
114594,Both interviewed and MEC examined,41,Male,Non-Hispanic White,Former,27.2,101,102,100,101
114595,Both interviewed and MEC examined,25,Female,Other Race - Including Multi-Racial,Current,29.4,98,103,99,100
114596,Both interviewed and MEC examined,78,Male,Other Hispanic,Former,26.8,160,160,158,159.33333333333334
114597,Both interviewed and MEC examined,21,Female,Non-Hispanic White,Never,29.4,NA,NA,NA,NA
114601,Both interviewed and MEC examined,40,Female,Non-Hispanic Asian,Never,21.6,108,109,109,108.66666666666667
114606,Both interviewed and MEC examined,55,Female,Non-Hispanic Black,Current,15.5,109,111,100,106.66666666666667
114607,Both interviewed and MEC examined,22,Male,Other Hispanic,Never,27.5,NA,NA,NA,NA
114608,Both interviewed and MEC examined,49,Male,Mexican American,Current,35.2,128,130,133,130.33333333333334
114610,Both interviewed and MEC examined,38,Male,Mexican American,Current,25.6,101,103,105,103
114611,Both interviewed and MEC examined,61,Female,Non-Hispanic White,Current,28,137,142,132,137
114612,Both interviewed and MEC examined,40,Female,Non-Hispanic Black,Never,27.2,128,126,126,126.66666666666667
114614,Both interviewed and MEC examined,37,Male,Non-Hispanic Asian,Never,35.2,113,116,118,115.66666666666667
114616,Both interviewed and MEC examined,63,Male,Non-Hispanic White,Current,29,116,118,124,119.33333333333333
114620,Both interviewed and MEC examined,51,Female,Non-Hispanic White,Never,31.5,126,126,130,127.33333333333333
114621,Both interviewed and MEC examined,30,Male,Non-Hispanic Black,Current,23.9,117,116,122,118.33333333333333
114622,Both interviewed and MEC examined,72,Male,Non-Hispanic White,Former,30.1,132,120,128,126.66666666666667
114624,Both interviewed and MEC examined,43,Male,Non-Hispanic Black,Former,35.7,118,120,118,118.66666666666667
114626,Both interviewed and MEC examined,53,Female,Non-Hispanic Black,Former,38.2,145,146,145,145.33333333333334
114631,Both interviewed and MEC examined,37,Female,Non-Hispanic White,Never,26.7,111,103,95,103
114632,Both interviewed and MEC examined,49,Female,Non-Hispanic White,Current,42.3,166,156,165,162.33333333333334
114633,Both interviewed and MEC examined,35,Female,Other Hispanic,Never,26.9,95,91,94,93.33333333333333
114634,Both interviewed and MEC examined,32,Female,Non-Hispanic White,Never,22.6,108,109,112,109.66666666666667
114636,Both interviewed and MEC examined,50,Male,Other Hispanic,Current,33.1,132,141,140,137.66666666666666
114637,Both interviewed and MEC examined,59,Female,Mexican American,Never,37.4,123,123,115,120.33333333333333
114638,Both interviewed and MEC examined,43,Male,Other Hispanic,Current,43.7,122,123,124,123
114640,Both interviewed and MEC examined,33,Female,Non-Hispanic White,Former,29.8,102,99,104,101.66666666666667
114641,Both interviewed and MEC examined,26,Female,Non-Hispanic Asian,Never,17.7,99,97,104,100
114643,Both interviewed and MEC examined,50,Male,Non-Hispanic Asian,Never,23,130,126,126,127.33333333333333
114645,Both interviewed and MEC examined,45,Female,Mexican American,Current,37.4,117,117,110,114.66666666666667
114646,Both interviewed and MEC examined,40,Female,Other Hispanic,Never,35.6,108,104,100,104
114647,Both interviewed and MEC examined,44,Female,Non-Hispanic Black,Never,39.7,114,125,119,119.33333333333333
114648,Both interviewed and MEC examined,42,Male,Mexican American,Never,37.8,NA,NA,NA,NA
114650,Both interviewed and MEC examined,62,Male,Non-Hispanic Asian,Never,24.3,140,143,143,142
114651,Both interviewed and MEC examined,31,Female,Mexican American,Current,46.7,130,131,142,134.33333333333334
114652,Both interviewed and MEC examined,23,Male,Non-Hispanic White,Never,22.5,119,120,120,119.66666666666667
114653,Both interviewed and MEC examined,57,Male,Non-Hispanic White,Current,27.2,131,148,124,134.33333333333334
114658,Both interviewed and MEC examined,46,Male,Non-Hispanic White,Current,22.7,121,118,122,120.33333333333333
114659,Both interviewed and MEC examined,33,Male,Non-Hispanic Black,Never,25.1,NA,NA,NA,NA
114660,Both interviewed and MEC examined,26,Female,Mexican American,Never,24.6,NA,NA,NA,NA
114661,Both interviewed and MEC examined,63,Male,Non-Hispanic Black,Current,20.7,170,159,162,163.66666666666666
114663,Both interviewed and MEC examined,67,Male,Non-Hispanic Black,Never,25.9,155,158,154,155.66666666666666
114664,Both interviewed and MEC examined,60,Male,Mexican American,Former,26.6,140,137,133,136.66666666666666
114666,Both interviewed and MEC examined,46,Female,Non-Hispanic Black,Never,32.7,NA,NA,NA,NA
114669,Both interviewed and MEC examined,38,Female,Non-Hispanic Asian,Never,23.7,112,118,115,115
114671,Both interviewed and MEC examined,29,Female,Non-Hispanic Black,Never,33,NA,NA,NA,NA
114672,Both interviewed and MEC examined,40,Male,Non-Hispanic Asian,Never,22.4,102,108,102,104
114673,Both interviewed and MEC examined,49,Male,Non-Hispanic Asian,Never,25.2,128,141,125,131.33333333333334
114676,Both interviewed and MEC examined,55,Male,Non-Hispanic Asian,Former,23.6,156,139,147,147.33333333333334
114677,Both interviewed and MEC examined,41,Female,Non-Hispanic Black,Current,41.7,109,116,114,113
114681,Both interviewed and MEC examined,39,Male,Other Hispanic,Never,43.7,NA,NA,NA,NA
114682,Both interviewed and MEC examined,56,Female,Non-Hispanic Black,Never,32.2,150,142,142,144.66666666666666
114683,Both interviewed and MEC examined,22,Male,Non-Hispanic Asian,Former,30.8,110,116,110,112
114687,Both interviewed and MEC examined,54,Female,Non-Hispanic White,Current,27.8,133,145,143,140.33333333333334
114688,Both interviewed and MEC examined,28,Female,Non-Hispanic Black,Former,22.7,97,99,98,98
114690,Both interviewed and MEC examined,41,Female,Non-Hispanic Black,Never,26.1,129,130,134,131
114691,Both interviewed and MEC examined,34,Female,Non-Hispanic Black,Never,44.1,91,89,90,90
114692,Both interviewed and MEC examined,41,Male,Other Hispanic,Former,39.9,123,127,122,124
114693,Both interviewed and MEC examined,48,Female,Non-Hispanic White,Never,40.7,117,119,119,118.33333333333333
114695,Both interviewed and MEC examined,38,Female,Other Hispanic,Never,27.1,NA,NA,NA,NA
114696,Both interviewed and MEC examined,36,Male,Non-Hispanic White,Never,36.5,133,130,132,131.66666666666666
114698,Both interviewed and MEC examined,60,Male,Non-Hispanic Black,Never,28,129,131,133,131
114699,Both interviewed and MEC examined,74,Male,Non-Hispanic Asian,Never,21.9,124,121,118,121
114700,Both interviewed and MEC examined,70,Male,Non-Hispanic White,Former,24.5,130,133,133,132
114701,Both interviewed and MEC examined,38,Female,Non-Hispanic White,Never,31.6,105,119,97,107
114703,Both interviewed and MEC examined,63,Male,Mexican American,Former,28.5,132,132,128,130.66666666666666
114705,Both interviewed and MEC examined,39,Male,Non-Hispanic Asian,Never,27.2,108,104,111,107.66666666666667
114707,Both interviewed and MEC examined,67,Male,Non-Hispanic Black,Former,NA,157,176,162,165
114708,Both interviewed and MEC examined,51,Male,Non-Hispanic White,Never,28.7,119,124,126,123
114709,Both interviewed and MEC examined,34,Female,Mexican American,Never,26.1,118,113,117,116
114712,Both interviewed and MEC examined,39,Female,Other Race - Including Multi-Racial,Former,65.1,127,117,136,126.66666666666667
114723,Both interviewed and MEC examined,43,Female,Non-Hispanic White,Current,25.9,145,139,136,140
114724,Both interviewed and MEC examined,65,Female,Non-Hispanic Black,Never,30.8,110,118,115,114.33333333333333
114728,Both interviewed and MEC examined,40,Female,Non-Hispanic Black,Never,33,105,105,105,105
114729,Both interviewed and MEC examined,66,Female,Non-Hispanic Asian,Never,25.5,118,113,112,114.33333333333333
114733,Both interviewed and MEC examined,36,Male,Non-Hispanic Black,Never,42.6,NA,NA,NA,NA
114735,Both interviewed and MEC examined,65,Male,Other Hispanic,Never,32.7,NA,NA,NA,NA
114738,Both interviewed and MEC examined,63,Male,Mexican American,Never,27.7,119,127,126,124
114739,Both interviewed and MEC examined,61,Female,Non-Hispanic White,Former,36.2,146,147,140,144.33333333333334
114740,Both interviewed and MEC examined,21,Male,Non-Hispanic White,Never,38.1,NA,NA,NA,NA
114741,Both interviewed and MEC examined,27,Male,Mexican American,Current,35.3,131,132,126,129.66666666666666
114744,Both interviewed and MEC examined,75,Female,Non-Hispanic Black,Current,25.4,164,165,165,164.66666666666666
114745,Both interviewed and MEC examined,58,Male,Non-Hispanic White,Never,26.8,117,113,121,117
114746,Both interviewed and MEC examined,33,Male,Non-Hispanic White,Never,29.6,134,134,132,133.33333333333334
114747,Both interviewed and MEC examined,34,Male,Non-Hispanic Black,Never,21.8,119,115,123,119
114753,Both interviewed and MEC examined,21,Female,Other Hispanic,Current,52,97,99,109,101.66666666666667
114754,Both interviewed and MEC examined,57,Female,Non-Hispanic Black,Never,48.4,176,170,175,173.66666666666666
114756,Both interviewed and MEC examined,38,Male,Non-Hispanic Black,Never,27,167,163,166,165.33333333333334
114757,Both interviewed and MEC examined,64,Female,Non-Hispanic Black,Never,26.4,117,113,124,118
114759,Both interviewed and MEC examined,25,Female,Non-Hispanic Asian,Never,20.7,112,96,99,102.33333333333333
114762,Both interviewed and MEC examined,21,Male,Other Race - Including Multi-Racial,Never,22,126,124,133,127.66666666666667
114765,Both interviewed and MEC examined,50,Male,Other Hispanic,Never,30.2,120,117,115,117.33333333333333
114769,Both interviewed and MEC examined,61,Female,Non-Hispanic Black,Never,22.1,143,153,155,150.33333333333334
114772,Both interviewed and MEC examined,35,Female,Non-Hispanic Asian,Never,22.2,105,113,110,109.33333333333333
114773,Both interviewed and MEC examined,79,Male,Non-Hispanic Black,NA,30.7,152,155,147,151.33333333333334
114774,Both interviewed and MEC examined,22,Female,Mexican American,Never,28.6,93,88,86,89
114775,Both interviewed and MEC examined,44,Female,Mexican American,Never,23,122,121,125,122.66666666666667
114777,Both interviewed and MEC examined,46,Male,Non-Hispanic Black,Never,40.2,123,124,125,124
114778,Both interviewed and MEC examined,28,Male,Non-Hispanic Asian,Never,30.2,NA,NA,NA,NA
114782,Both interviewed and MEC examined,24,Male,Non-Hispanic White,Never,22.8,141,128,133,134
114785,Both interviewed and MEC examined,28,Female,Non-Hispanic White,Never,43.6,NA,NA,NA,NA
114789,Both interviewed and MEC examined,57,Male,Non-Hispanic White,Current,37.2,102,98,101,100.33333333333333
114790,Both interviewed and MEC examined,31,Female,Non-Hispanic White,Never,55.9,119,114,114,115.66666666666667
114791,Both interviewed and MEC examined,59,Female,Other Hispanic,Never,31.8,189,182,177,182.66666666666666
114793,Both interviewed and MEC examined,61,Female,Non-Hispanic Asian,Never,19,128,130,131,129.66666666666666
114797,Both interviewed and MEC examined,78,Male,Other Hispanic,Never,28.2,154,167,171,164
114798,Both interviewed and MEC examined,55,Female,Non-Hispanic Asian,Never,20.6,119,130,117,122
114799,Both interviewed and MEC examined,63,Male,Mexican American,Never,33.5,156,144,143,147.66666666666666
114801,Both interviewed and MEC examined,70,Male,Non-Hispanic Black,Never,55.2,117,130,122,123
114802,Both interviewed and MEC examined,41,Female,Mexican American,Former,31.6,105,106,109,106.66666666666667
114803,Both interviewed and MEC examined,35,Female,Non-Hispanic Asian,Never,26.1,121,115,120,118.66666666666667
114806,Both interviewed and MEC examined,32,Female,Other Race - Including Multi-Racial,Current,19.4,NA,NA,NA,NA
114808,Both interviewed and MEC examined,39,Female,Non-Hispanic White,Former,32.6,NA,NA,NA,NA
114809,Both interviewed and MEC examined,33,Female,Non-Hispanic White,Never,29.3,106,109,107,107.33333333333333
114813,Both interviewed and MEC examined,47,Female,Non-Hispanic Black,Never,48.4,NA,NA,NA,NA
114818,Both interviewed and MEC examined,45,Male,Non-Hispanic White,Never,24.1,NA,NA,NA,NA
114819,Both interviewed and MEC examined,21,Female,Other Hispanic,Never,21.6,92,96,94,94
114821,Both interviewed and MEC examined,60,Female,Non-Hispanic Asian,Never,27.5,130,129,126,128.33333333333334
114822,Both interviewed and MEC examined,63,Female,Non-Hispanic Black,Former,38.6,145,152,152,149.66666666666666
114825,Both interviewed and MEC examined,47,Male,Non-Hispanic Black,Never,26.1,116,114,115,115
114826,Both interviewed and MEC examined,76,Female,Non-Hispanic White,Never,29.7,142,139,143,141.33333333333334
114831,Both interviewed and MEC examined,50,Male,Non-Hispanic Black,Former,45.2,135,135,129,133
114834,Both interviewed and MEC examined,21,Male,Non-Hispanic Black,Never,25.5,108,108,109,108.33333333333333
114835,Both interviewed and MEC examined,56,Female,Non-Hispanic White,Never,27.5,125,126,125,125.33333333333333
114838,Both interviewed and MEC examined,63,Male,Mexican American,Current,31.4,NA,NA,NA,NA
114843,Both interviewed and MEC examined,54,Female,Non-Hispanic Black,Never,36.6,108,106,104,106
114845,Both interviewed and MEC examined,65,Female,Non-Hispanic White,Never,31.9,147,145,122,138
114848,Both interviewed and MEC examined,39,Female,Non-Hispanic Black,Never,27.5,135,115,122,124
114849,Both interviewed and MEC examined,66,Female,Non-Hispanic Black,Never,58.7,203,215,213,210.33333333333334
114850,Both interviewed and MEC examined,47,Female,Non-Hispanic White,Never,32.4,128,123,134,128.33333333333334
114851,Both interviewed and MEC examined,23,Male,Other Hispanic,Former,25,149,151,149,149.66666666666666
114852,Both interviewed and MEC examined,24,Male,Non-Hispanic White,Never,32.2,105,104,103,104
114853,Both interviewed and MEC examined,65,Male,Other Hispanic,Former,31.9,191,191,191,191
114858,Both interviewed and MEC examined,45,Male,Non-Hispanic White,Never,22.7,123,120,127,123.33333333333333
114859,Both interviewed and MEC examined,68,Male,Non-Hispanic White,Former,33.4,126,124,122,124
114861,Both interviewed and MEC examined,65,Female,Non-Hispanic Asian,Never,27.7,NA,NA,NA,NA
114862,Both interviewed and MEC examined,64,Male,Non-Hispanic Black,Former,33.7,150,146,146,147.33333333333334
114863,Both interviewed and MEC examined,69,Female,Non-Hispanic Black,Never,33.6,136,124,126,128.66666666666666
114864,Both interviewed and MEC examined,21,Female,Non-Hispanic White,Never,41.6,97,99,100,98.66666666666667
114865,Both interviewed and MEC examined,41,Male,Non-Hispanic Black,Former,28.7,132,130,124,128.66666666666666
114868,Both interviewed and MEC examined,39,Female,Non-Hispanic Asian,Former,24.3,160,150,147,152.33333333333334
114870,Both interviewed and MEC examined,34,Female,Non-Hispanic Black,Former,27.3,123,119,124,122
114871,Both interviewed and MEC examined,28,Male,Non-Hispanic White,Never,41.6,106,109,106,107
114872,Both interviewed and MEC examined,40,Male,Other Hispanic,Current,27.5,122,124,121,122.33333333333333
114877,Both interviewed and MEC examined,33,Male,Mexican American,Current,32.6,110,111,108,109.66666666666667
114879,Both interviewed and MEC examined,55,Male,Non-Hispanic Asian,Never,23.7,129,130,138,132.33333333333334
114880,Both interviewed and MEC examined,38,Female,Non-Hispanic Asian,Never,22.5,109,103,107,106.33333333333333
114883,Both interviewed and MEC examined,64,Female,Mexican American,Never,27.9,167,164,154,161.66666666666666
114884,Both interviewed and MEC examined,66,Female,Other Hispanic,Former,32.4,144,134,151,143
114889,Both interviewed and MEC examined,39,Female,Other Hispanic,Never,33.3,131,132,132,131.66666666666666
114893,Both interviewed and MEC examined,53,Male,Non-Hispanic Black,Current,25.4,126,123,122,123.66666666666667
114894,Both interviewed and MEC examined,62,Male,Non-Hispanic Black,Never,29,135,138,132,135
114895,Both interviewed and MEC examined,48,Female,Non-Hispanic Asian,Never,26.4,102,101,104,102.33333333333333
114897,Both interviewed and MEC examined,79,Female,Non-Hispanic Black,Former,19,174,173,174,173.66666666666666
114898,Both interviewed and MEC examined,78,Male,Non-Hispanic Black,Never,26.2,146,154,157,152.33333333333334
114901,Both interviewed and MEC examined,57,Female,Non-Hispanic White,Former,28.3,113,111,111,111.66666666666667
114902,Both interviewed and MEC examined,73,Female,Non-Hispanic White,Never,34,112,112,96,106.66666666666667
114903,Both interviewed and MEC examined,74,Female,Mexican American,Never,34.4,161,158,154,157.66666666666666
114906,Both interviewed and MEC examined,23,Male,Non-Hispanic White,Current,21.7,129,125,121,125
114907,Both interviewed and MEC examined,36,Female,Mexican American,Never,36.8,112,119,124,118.33333333333333
114908,Both interviewed and MEC examined,54,Female,Non-Hispanic White,Former,46.2,124,128,127,126.33333333333333
114910,Both interviewed and MEC examined,29,Female,Non-Hispanic White,Current,22.7,119,119,117,118.33333333333333
114911,Both interviewed and MEC examined,43,Female,Non-Hispanic White,Current,20.3,107,106,110,107.66666666666667
114912,Both interviewed and MEC examined,27,Male,Non-Hispanic White,Never,28.8,109,115,117,113.66666666666667
114913,Both interviewed and MEC examined,54,Female,Non-Hispanic Black,Never,30,137,134,136,135.66666666666666
114915,Both interviewed and MEC examined,44,Female,Non-Hispanic White,Never,28.1,106,108,108,107.33333333333333
114916,Both interviewed and MEC examined,56,Female,Non-Hispanic Black,Current,26.4,166,172,165,167.66666666666666
114917,Both interviewed and MEC examined,75,Male,Non-Hispanic White,Never,28.5,NA,NA,NA,NA
114919,Both interviewed and MEC examined,58,Female,Non-Hispanic Black,Never,38.2,160,158,154,157.33333333333334
114922,Both interviewed and MEC examined,64,Male,Non-Hispanic Black,Former,34.1,132,127,131,130
114924,Both interviewed and MEC examined,64,Female,Non-Hispanic White,Former,31.4,96,97,95,96
114926,Both interviewed and MEC examined,61,Female,Non-Hispanic White,Never,33.7,105,108,115,109.33333333333333
114927,Both interviewed and MEC examined,50,Female,Other Hispanic,Never,26.8,NA,NA,NA,NA
114928,Both interviewed and MEC examined,23,Male,Non-Hispanic White,Never,19.8,99,104,101,101.33333333333333
114929,Both interviewed and MEC examined,43,Male,Non-Hispanic White,Never,23.5,NA,NA,NA,NA
114931,Both interviewed and MEC examined,40,Female,Mexican American,Never,33.3,81,84,85,83.33333333333333
114932,Both interviewed and MEC examined,42,Female,Mexican American,Never,30.3,NA,NA,NA,NA
114933,Both interviewed and MEC examined,31,Male,Other Race - Including Multi-Racial,Never,24.5,110,109,108,109
114934,Both interviewed and MEC examined,50,Male,Non-Hispanic White,Never,25.8,119,122,128,123
114935,Both interviewed and MEC examined,56,Female,Non-Hispanic White,Never,23.2,86,93,88,89
114937,Both interviewed and MEC examined,58,Male,Mexican American,Never,35.9,170,160,151,160.33333333333334
114940,Both interviewed and MEC examined,39,Male,Non-Hispanic White,Never,31.8,129,122,132,127.66666666666667
114941,Both interviewed and MEC examined,59,Female,Non-Hispanic White,Former,43.2,117,127,130,124.66666666666667
114942,Both interviewed and MEC examined,34,Male,Non-Hispanic White,Current,24.3,112,121,113,115.33333333333333
114944,Both interviewed and MEC examined,37,Male,Non-Hispanic White,Never,36.2,125,126,130,127
114950,Both interviewed and MEC examined,78,Male,Non-Hispanic Black,Former,30.5,125,133,132,130
114953,Both interviewed and MEC examined,29,Male,Non-Hispanic Black,Never,28.8,119,120,115,118
114954,Both interviewed and MEC examined,32,Female,Other Hispanic,Never,18.9,93,94,100,95.66666666666667
114955,Both interviewed and MEC examined,40,Male,Non-Hispanic Black,Current,41.3,114,115,113,114
114958,Both interviewed and MEC examined,59,Male,Non-Hispanic White,Never,40.6,142,135,134,137
114962,Both interviewed and MEC examined,61,Male,Non-Hispanic White,Never,38.6,129,116,113,119.33333333333333
114963,Both interviewed and MEC examined,74,Male,Other Hispanic,Former,24.2,162,149,153,154.66666666666666
114966,Both interviewed and MEC examined,22,Male,Non-Hispanic Black,Never,26.1,119,117,118,118
114967,Both interviewed and MEC examined,61,Female,Non-Hispanic White,Never,42,NA,NA,NA,NA
114970,Both interviewed and MEC examined,34,Female,Non-Hispanic White,Never,44.7,110,102,109,107
114978,Both interviewed and MEC examined,22,Female,Non-Hispanic White,Never,27.8,97,102,105,101.33333333333333
114980,Both interviewed and MEC examined,58,Male,Non-Hispanic Black,Former,31.4,NA,NA,NA,NA
114982,Both interviewed and MEC examined,69,Male,Non-Hispanic Black,Current,32.8,117,120,115,117.33333333333333
114984,Both interviewed and MEC examined,31,Female,Other Race - Including Multi-Racial,Never,30.2,106,101,99,102
114986,Both interviewed and MEC examined,42,Female,Non-Hispanic White,Never,57.3,114,119,105,112.66666666666667
114988,Both interviewed and MEC examined,60,Male,Mexican American,Never,25.6,126,125,132,127.66666666666667
114989,Both interviewed and MEC examined,56,Male,Non-Hispanic White,Former,30.4,118,121,121,120
114990,Both interviewed and MEC examined,28,Female,Non-Hispanic Black,Never,34.9,120,122,122,121.33333333333333
114991,Both interviewed and MEC examined,37,Female,Non-Hispanic White,Current,37.2,NA,NA,NA,NA
114993,Both interviewed and MEC examined,36,Female,Non-Hispanic White,Never,43.9,114,113,117,114.66666666666667
114994,Both interviewed and MEC examined,33,Male,Non-Hispanic White,Current,30.8,135,137,136,136
114995,Both interviewed and MEC examined,62,Female,Mexican American,Never,28,113,125,112,116.66666666666667
114996,Both interviewed and MEC examined,55,Female,Non-Hispanic Black,Current,22.9,159,170,165,164.66666666666666
114997,Both interviewed and MEC examined,41,Male,Non-Hispanic White,Never,25.6,116,116,119,117
115003,Both interviewed and MEC examined,48,Female,Non-Hispanic White,Never,28.1,128,116,112,118.66666666666667
115004,Both interviewed and MEC examined,23,Female,Non-Hispanic White,Never,25.1,109,108,110,109
115005,Both interviewed and MEC examined,52,Male,Mexican American,Never,26.1,132,137,137,135.33333333333334
115006,Both interviewed and MEC examined,29,Female,Non-Hispanic White,Never,21,89,83,88,86.66666666666667
115007,Both interviewed and MEC examined,72,Female,Non-Hispanic White,Current,33.5,129,125,125,126.33333333333333
115012,Both interviewed and MEC examined,72,Female,Other Race - Including Multi-Racial,Never,32,130,130,132,130.66666666666666
115013,Both interviewed and MEC examined,57,Male,Non-Hispanic Black,Current,27.1,136,130,128,131.33333333333334
115015,Both interviewed and MEC examined,73,Female,Non-Hispanic White,Current,26.4,101,103,101,101.66666666666667
115021,Both interviewed and MEC examined,21,Male,Mexican American,Never,45.3,121,115,117,117.66666666666667
115023,Both interviewed and MEC examined,35,Female,Non-Hispanic White,Current,29.4,103,101,100,101.33333333333333
115028,Both interviewed and MEC examined,38,Female,Mexican American,Never,43,124,126,125,125
115030,Both interviewed and MEC examined,68,Female,Mexican American,Former,31.2,120,115,114,116.33333333333333
115034,Both interviewed and MEC examined,29,Female,Non-Hispanic White,Never,33,115,122,124,120.33333333333333
115035,Both interviewed and MEC examined,40,Male,Non-Hispanic White,Former,30.5,128,129,138,131.66666666666666
115036,Both interviewed and MEC examined,54,Female,Non-Hispanic White,Never,23.6,156,151,150,152.33333333333334
115037,Both interviewed and MEC examined,26,Male,Non-Hispanic Black,Never,21.2,112,114,113,113
115039,Both interviewed and MEC examined,69,Male,Non-Hispanic Asian,Never,27.2,130,125,136,130.33333333333334
115042,Both interviewed and MEC examined,45,Male,Non-Hispanic Black,Never,40,99,89,92,93.33333333333333
115044,Both interviewed and MEC examined,25,Male,Non-Hispanic Black,Never,23.9,116,112,111,113
115045,Both interviewed and MEC examined,22,Female,Mexican American,Never,35,NA,NA,NA,NA
115046,Both interviewed and MEC examined,52,Male,Non-Hispanic Black,Never,26,105,107,103,105
115047,Both interviewed and MEC examined,62,Female,Non-Hispanic Black,Former,27.9,130,125,129,128
115048,Both interviewed and MEC examined,79,Male,Non-Hispanic Black,Current,27.1,NA,NA,NA,NA
115051,Both interviewed and MEC examined,56,Male,Non-Hispanic White,Never,32.8,NA,NA,NA,NA
115055,Both interviewed and MEC examined,38,Female,Mexican American,Never,25.1,138,133,136,135.66666666666666
115056,Both interviewed and MEC examined,56,Male,Non-Hispanic White,Never,26.1,120,126,122,122.66666666666667
115057,Both interviewed and MEC examined,69,Female,Non-Hispanic Black,Never,51.9,122,128,126,125.33333333333333
115058,Both interviewed and MEC examined,63,Male,Non-Hispanic Black,Current,15.4,181,177,191,183
115060,Both interviewed and MEC examined,21,Female,Mexican American,Current,52.8,107,103,112,107.33333333333333
115063,Both interviewed and MEC examined,56,Male,Non-Hispanic Black,Former,35.5,150,146,147,147.66666666666666
115064,Both interviewed and MEC examined,45,Female,Other Race - Including Multi-Racial,Current,42.4,108,107,112,109
115065,Both interviewed and MEC examined,46,Female,Non-Hispanic Asian,Never,20.7,NA,NA,NA,NA
115066,Both interviewed and MEC examined,64,Male,Non-Hispanic White,Former,29.7,125,132,143,133.33333333333334
115067,Both interviewed and MEC examined,29,Female,Non-Hispanic Black,Former,30.6,NA,NA,NA,NA
115069,Both interviewed and MEC examined,23,Female,Non-Hispanic Black,Never,21.6,98,96,98,97.33333333333333
115070,Both interviewed and MEC examined,39,Female,Non-Hispanic White,Current,17.7,104,106,113,107.66666666666667
115074,Both interviewed and MEC examined,54,Male,Non-Hispanic White,Never,21.6,137,127,123,129
115077,Both interviewed and MEC examined,29,Female,Mexican American,Never,35.7,115,112,112,113
115082,Both interviewed and MEC examined,63,Female,Non-Hispanic Asian,Never,25.2,160,162,149,157
115083,Both interviewed and MEC examined,73,Female,Non-Hispanic White,Never,26.8,164,158,154,158.66666666666666
115085,Both interviewed and MEC examined,63,Male,Non-Hispanic White,Former,25.8,134,139,140,137.66666666666666
115089,Both interviewed and MEC examined,59,Female,Other Race - Including Multi-Racial,Former,22.7,94,96,95,95
115090,Both interviewed and MEC examined,56,Male,Non-Hispanic Asian,Never,38,102,115,116,111
115091,Both interviewed and MEC examined,62,Male,Non-Hispanic Asian,Current,25.3,177,168,168,171
115094,Both interviewed and MEC examined,28,Female,Non-Hispanic Black,Never,27.5,112,112,107,110.33333333333333
115095,Both interviewed and MEC examined,50,Male,Mexican American,Never,29.8,122,125,117,121.33333333333333
115097,Both interviewed and MEC examined,64,Female,Non-Hispanic Black,Never,24.7,151,157,140,149.33333333333334
115099,Both interviewed and MEC examined,38,Female,Mexican American,Never,32.9,97,97,98,97.33333333333333
115100,Both interviewed and MEC examined,60,Male,Non-Hispanic Black,Never,32.5,181,183,180,181.33333333333334
115103,Both interviewed and MEC examined,32,Male,Non-Hispanic White,Current,25.8,114,120,117,117
115105,Both interviewed and MEC examined,22,Female,Non-Hispanic Black,Never,31.6,105,102,100,102.33333333333333
115110,Both interviewed and MEC examined,42,Male,Non-Hispanic Black,Former,26.3,NA,NA,NA,NA
115120,Both interviewed and MEC examined,60,Male,Non-Hispanic White,Never,40.3,110,116,83,103
115122,Both interviewed and MEC examined,41,Female,Mexican American,Never,30.1,113,109,115,112.33333333333333
115126,Both interviewed and MEC examined,59,Male,Non-Hispanic White,Current,22.7,106,116,116,112.66666666666667
115127,Both interviewed and MEC examined,49,Male,Other Race - Including Multi-Racial,Current,26.5,118,138,117,124.33333333333333
115130,Both interviewed and MEC examined,21,Female,Non-Hispanic Black,Never,22.8,NA,NA,NA,NA
115133,Both interviewed and MEC examined,55,Female,Non-Hispanic Black,Never,32.2,131,135,124,130
115138,Both interviewed and MEC examined,48,Male,Non-Hispanic Black,Former,42.9,180,180,176,178.66666666666666
115140,Both interviewed and MEC examined,70,Male,Non-Hispanic Asian,Never,25.1,128,129,120,125.66666666666667
115141,Both interviewed and MEC examined,45,Female,Non-Hispanic White,Never,28.5,104,109,104,105.66666666666667
115142,Both interviewed and MEC examined,63,Male,Non-Hispanic White,Current,25.4,NA,NA,NA,NA
115143,Both interviewed and MEC examined,79,Male,Non-Hispanic Black,Never,35.2,220,214,NA,217
115144,Both interviewed and MEC examined,56,Male,Mexican American,Former,22.4,113,118,111,114
115147,Both interviewed and MEC examined,65,Female,Other Hispanic,Never,23.8,156,159,159,158
115150,Both interviewed and MEC examined,75,Female,Non-Hispanic Black,Never,26.8,157,161,147,155
115151,Both interviewed and MEC examined,60,Male,Non-Hispanic White,Former,35.5,116,117,123,118.66666666666667
115154,Both interviewed and MEC examined,70,Male,Non-Hispanic Asian,Former,24.2,NA,NA,NA,NA
115155,Both interviewed and MEC examined,26,Female,Non-Hispanic Black,Never,19.6,95,92,92,93
115156,Both interviewed and MEC examined,61,Male,Non-Hispanic Asian,Never,28,121,113,111,115
115160,Both interviewed and MEC examined,65,Male,Non-Hispanic Black,Current,21.1,166,175,167,169.33333333333334
115161,Both interviewed and MEC examined,69,Male,Non-Hispanic Black,Former,23.8,175,163,170,169.33333333333334
115164,Both interviewed and MEC examined,45,Male,Other Race - Including Multi-Racial,Never,40.9,131,124,140,131.66666666666666
115168,Both interviewed and MEC examined,46,Male,Non-Hispanic White,Never,39.1,118,115,113,115.33333333333333
115170,Both interviewed and MEC examined,66,Male,Non-Hispanic Black,Former,31.9,146,136,142,141.33333333333334
115171,Both interviewed and MEC examined,77,Male,Non-Hispanic Asian,Never,23.4,131,148,114,131
115181,Both interviewed and MEC examined,45,Male,Non-Hispanic White,Former,32.2,127,127,134,129.33333333333334
115185,Both interviewed and MEC examined,55,Female,Other Hispanic,Never,30.6,126,126,122,124.66666666666667
115186,Both interviewed and MEC examined,29,Female,Non-Hispanic Black,Never,19.8,97,97,97,97
115187,Both interviewed and MEC examined,63,Male,Mexican American,Former,26.3,128,123,118,123
115189,Both interviewed and MEC examined,70,Male,Non-Hispanic White,Former,25.6,120,123,130,124.33333333333333
115190,Both interviewed and MEC examined,62,Male,Non-Hispanic Black,Current,31.6,152,157,151,153.33333333333334
115192,Both interviewed and MEC examined,67,Female,Non-Hispanic White,Never,34.2,123,117,117,119
115193,Both interviewed and MEC examined,29,Female,Non-Hispanic White,Current,17.1,112,109,112,111
115196,Both interviewed and MEC examined,55,Female,Non-Hispanic White,Current,30.8,149,147,146,147.33333333333334
115198,Both interviewed and MEC examined,22,Female,Other Hispanic,Never,37.1,NA,NA,NA,NA
115203,Both interviewed and MEC examined,60,Male,Other Race - Including Multi-Racial,Former,29.1,136,122,136,131.33333333333334
115205,Both interviewed and MEC examined,31,Female,Non-Hispanic White,Current,24.7,110,110,113,111
115206,Both interviewed and MEC examined,65,Male,Non-Hispanic White,Former,29.2,128,129,124,127
115210,Both interviewed and MEC examined,66,Male,Other Hispanic,Former,30.9,146,140,146,144
115212,Both interviewed and MEC examined,62,Female,Non-Hispanic Black,Never,32.1,106,100,101,102.33333333333333
115213,Both interviewed and MEC examined,74,Female,Other Hispanic,Never,25.4,192,178,178,182.66666666666666
115215,Both interviewed and MEC examined,72,Female,Non-Hispanic Black,Never,29.7,149,179,159,162.33333333333334
115217,Both interviewed and MEC examined,72,Female,Non-Hispanic White,Former,32,115,121,123,119.66666666666667
115218,Both interviewed and MEC examined,69,Male,Non-Hispanic Black,Current,23,131,121,119,123.66666666666667
115219,Both interviewed and MEC examined,35,Female,Non-Hispanic White,Never,34.7,116,119,119,118
115220,Both interviewed and MEC examined,21,Male,Non-Hispanic Black,Never,29.6,109,106,112,109
115225,Both interviewed and MEC examined,70,Female,Non-Hispanic White,Current,23.3,130,146,138,138
115226,Both interviewed and MEC examined,77,Male,Non-Hispanic White,Former,24.1,141,146,147,144.66666666666666
115230,Both interviewed and MEC examined,49,Male,Non-Hispanic White,Never,20.6,112,107,113,110.66666666666667
115231,Both interviewed and MEC examined,64,Female,Non-Hispanic Black,Former,37.9,105,101,107,104.33333333333333
115232,Both interviewed and MEC examined,64,Male,Non-Hispanic Black,Current,22.8,144,145,142,143.66666666666666
115235,Both interviewed and MEC examined,45,Female,Non-Hispanic Black,Never,33.9,103,106,108,105.66666666666667
115236,Both interviewed and MEC examined,51,Male,Other Hispanic,Never,31,108,109,110,109
115238,Both interviewed and MEC examined,47,Female,Other Race - Including Multi-Racial,Current,21.8,104,108,102,104.66666666666667
115240,Both interviewed and MEC examined,41,Female,Non-Hispanic Black,Never,40.7,NA,NA,NA,NA
115242,Both interviewed and MEC examined,56,Female,Non-Hispanic White,Never,39.2,115,111,106,110.66666666666667
115243,Both interviewed and MEC examined,34,Female,Non-Hispanic White,Current,36.4,105,110,103,106
115244,Both interviewed and MEC examined,34,Male,Non-Hispanic Asian,Never,27.9,120,118,119,119
115245,Both interviewed and MEC examined,39,Female,Other Hispanic,Former,30.2,121,123,121,121.66666666666667
115249,Both interviewed and MEC examined,57,Female,Other Hispanic,Never,32.9,122,126,126,124.66666666666667
115250,Both interviewed and MEC examined,26,Male,Non-Hispanic White,Current,21.2,118,123,118,119.66666666666667
115252,Both interviewed and MEC examined,40,Female,Non-Hispanic White,Former,27.6,100,104,102,102
115253,Both interviewed and MEC examined,39,Female,Non-Hispanic Black,Never,49.3,130,130,120,126.66666666666667
115254,Both interviewed and MEC examined,66,Male,Non-Hispanic Black,Current,27.4,168,167,169,168
115255,Both interviewed and MEC examined,40,Male,Non-Hispanic White,Current,28.4,160,146,136,147.33333333333334
115257,Both interviewed and MEC examined,39,Female,Non-Hispanic White,Current,23.3,135,136,138,136.33333333333334
115258,Both interviewed and MEC examined,23,Female,Other Hispanic,Never,33.1,94,94,95,94.33333333333333
115261,Both interviewed and MEC examined,57,Female,Other Race - Including Multi-Racial,Current,31.7,164,180,183,175.66666666666666
115263,Both interviewed and MEC examined,78,Male,Non-Hispanic White,Former,23.3,122,116,120,119.33333333333333
115269,Both interviewed and MEC examined,36,Female,Non-Hispanic Black,Current,42.7,112,111,116,113
115270,Both interviewed and MEC examined,41,Female,Mexican American,Never,37.3,118,124,132,124.66666666666667
115272,Both interviewed and MEC examined,58,Male,Non-Hispanic White,Never,41.1,116,118,117,117
115273,Both interviewed and MEC examined,73,Male,Other Hispanic,Never,33.9,150,149,149,149.33333333333334
115277,Both interviewed and MEC examined,56,Female,Non-Hispanic Black,Never,49.8,113,109,107,109.66666666666667
115279,Both interviewed and MEC examined,73,Male,Non-Hispanic White,Former,29.2,120,115,124,119.66666666666667
115280,Both interviewed and MEC examined,25,Male,Non-Hispanic Asian,Never,22.6,112,111,111,111.33333333333333
115281,Both interviewed and MEC examined,51,Female,Non-Hispanic Black,Never,34,136,138,139,137.66666666666666
115283,Both interviewed and MEC examined,55,Male,Non-Hispanic Asian,Never,22.3,115,121,125,120.33333333333333
115284,Both interviewed and MEC examined,28,Male,Non-Hispanic Black,Never,23.8,114,111,112,112.33333333333333
115287,Both interviewed and MEC examined,72,Male,Non-Hispanic White,Never,26.4,110,106,107,107.66666666666667
115288,Both interviewed and MEC examined,56,Female,Non-Hispanic Black,Former,36.1,128,127,120,125
115289,Both interviewed and MEC examined,33,Female,Non-Hispanic White,Former,23.1,108,111,108,109
115290,Both interviewed and MEC examined,60,Male,Non-Hispanic White,Former,23.8,164,178,153,165
115292,Both interviewed and MEC examined,62,Male,Non-Hispanic White,Never,29.9,141,143,146,143.33333333333334
115294,Both interviewed and MEC examined,34,Female,Non-Hispanic White,Current,20,126,128,123,125.66666666666667
115295,Both interviewed and MEC examined,41,Male,Non-Hispanic Black,Current,37.3,124,123,130,125.66666666666667
115299,Both interviewed and MEC examined,30,Female,Non-Hispanic Asian,Never,27.5,NA,NA,NA,NA
115300,Both interviewed and MEC examined,42,Female,Other Hispanic,Never,32.5,103,103,107,104.33333333333333
115303,Both interviewed and MEC examined,50,Female,Other Race - Including Multi-Racial,Current,48.4,116,132,119,122.33333333333333
115305,Both interviewed and MEC examined,54,Female,Mexican American,Never,33.5,123,122,112,119
115307,Both interviewed and MEC examined,29,Female,Non-Hispanic White,Never,31.3,111,109,106,108.66666666666667
115308,Both interviewed and MEC examined,41,Male,Non-Hispanic Asian,Never,32.5,110,105,109,108
115309,Both interviewed and MEC examined,71,Male,Non-Hispanic Asian,Never,22.4,128,135,138,133.66666666666666
115310,Both interviewed and MEC examined,58,Female,Non-Hispanic Black,Never,30.7,106,106,108,106.66666666666667
115312,Both interviewed and MEC examined,71,Male,Other Race - Including Multi-Racial,Current,27.8,100,100,104,101.33333333333333
115313,Both interviewed and MEC examined,59,Female,Non-Hispanic Black,Never,38.9,135,135,138,136
115314,Both interviewed and MEC examined,51,Female,Non-Hispanic Black,Never,37.5,115,116,129,120
115316,Both interviewed and MEC examined,46,Female,Non-Hispanic Asian,Never,23.6,119,121,134,124.66666666666667
115317,Both interviewed and MEC examined,39,Male,Other Hispanic,Former,26.9,123,116,111,116.66666666666667
115323,Both interviewed and MEC examined,43,Female,Other Hispanic,Never,19.9,99,103,103,101.66666666666667
115325,Both interviewed and MEC examined,27,Female,Other Hispanic,Never,33.6,96,83,93,90.66666666666667
115326,Both interviewed and MEC examined,23,Male,Non-Hispanic Black,Never,25.8,120,144,132,132
115328,Both interviewed and MEC examined,54,Male,Non-Hispanic Black,Former,31,146,152,154,150.66666666666666
115331,Both interviewed and MEC examined,50,Female,Non-Hispanic White,Former,31.4,120,123,125,122.66666666666667
115332,Both interviewed and MEC examined,51,Female,Non-Hispanic White,Never,19.1,90,84,77,83.66666666666667
115333,Both interviewed and MEC examined,26,Male,Non-Hispanic White,Never,27.4,102,101,100,101
115334,Both interviewed and MEC examined,73,Male,Non-Hispanic Black,Current,27.1,143,136,136,138.33333333333334
115335,Both interviewed and MEC examined,35,Male,Non-Hispanic White,Current,22.4,131,131,131,131
115337,Both interviewed and MEC examined,47,Male,Other Race - Including Multi-Racial,Never,32.1,125,134,132,130.33333333333334
115338,Both interviewed and MEC examined,49,Female,Non-Hispanic White,Former,26.4,92,94,95,93.66666666666667
115342,Both interviewed and MEC examined,36,Male,Mexican American,Never,27.4,117,116,115,116
115346,Both interviewed and MEC examined,39,Female,Other Race - Including Multi-Racial,Never,30.7,103,112,102,105.66666666666667
115348,Both interviewed and MEC examined,70,Male,Non-Hispanic Black,Former,26.3,141,129,143,137.66666666666666
115350,Both interviewed and MEC examined,23,Female,Other Hispanic,Never,34.2,97,102,101,100
115351,Both interviewed and MEC examined,76,Female,Other Hispanic,Never,32,145,137,146,142.66666666666666
115354,Both interviewed and MEC examined,34,Female,Non-Hispanic White,Current,40.7,96,89,90,91.66666666666667
115355,Both interviewed and MEC examined,46,Male,Non-Hispanic White,Current,29.1,120,122,115,119
115356,Both interviewed and MEC examined,21,Female,Non-Hispanic Black,Never,30.4,106,110,111,109
115359,Both interviewed and MEC examined,30,Male,Non-Hispanic Black,Current,18.3,118,121,119,119.33333333333333
115362,Both interviewed and MEC examined,23,Male,Other Race - Including Multi-Racial,Never,29,114,113,111,112.66666666666667
115363,Both interviewed and MEC examined,60,Female,Non-Hispanic White,Former,27.5,102,103,98,101
115365,Both interviewed and MEC examined,38,Female,Non-Hispanic White,Never,23.2,99,96,92,95.66666666666667
115369,Both interviewed and MEC examined,44,Female,Non-Hispanic Black,Never,35.1,125,125,128,126
115370,Both interviewed and MEC examined,34,Female,Non-Hispanic Asian,Current,17.5,NA,NA,NA,NA
115371,Both interviewed and MEC examined,74,Female,Non-Hispanic White,Never,28.9,119,116,119,118
115374,Both interviewed and MEC examined,42,Female,Non-Hispanic White,Current,20.4,99,103,100,100.66666666666667
115375,Both interviewed and MEC examined,36,Male,Non-Hispanic White,Never,22.3,106,114,112,110.66666666666667
115376,Both interviewed and MEC examined,63,Male,Non-Hispanic Black,Former,23.4,103,105,106,104.66666666666667
115377,Both interviewed and MEC examined,40,Male,Non-Hispanic Asian,Never,NA,NA,NA,NA,NA
115379,Both interviewed and MEC examined,21,Male,Non-Hispanic White,Never,40.2,131,130,126,129
115380,Both interviewed and MEC examined,48,Male,Non-Hispanic Black,Never,30.6,147,146,144,145.66666666666666
115382,Both interviewed and MEC examined,37,Male,Non-Hispanic White,Former,21.9,117,119,118,118
115383,Both interviewed and MEC examined,54,Male,Non-Hispanic Black,Never,28.9,115,110,115,113.33333333333333
115386,Both interviewed and MEC examined,40,Female,Other Race - Including Multi-Racial,Never,42.1,111,107,109,109
115387,Both interviewed and MEC examined,34,Male,Non-Hispanic White,Never,31.9,120,118,115,117.66666666666667
115388,Both interviewed and MEC examined,25,Male,Other Race - Including Multi-Racial,Never,42.4,NA,NA,NA,NA
115390,Both interviewed and MEC examined,45,Female,Non-Hispanic White,Never,23.5,103,96,99,99.33333333333333
115393,Both interviewed and MEC examined,64,Female,Non-Hispanic White,Current,20.3,145,151,149,148.33333333333334
115394,Both interviewed and MEC examined,49,Male,Non-Hispanic Black,Current,34.4,101,107,113,107
115396,Both interviewed and MEC examined,68,Male,Non-Hispanic White,Former,28.2,140,142,141,141
115398,Both interviewed and MEC examined,38,Female,Non-Hispanic Black,Never,49.6,114,112,113,113
115401,Both interviewed and MEC examined,32,Male,Non-Hispanic Black,Never,30.6,132,130,130,130.66666666666666
115402,Both interviewed and MEC examined,63,Female,Mexican American,Never,31.6,108,120,118,115.33333333333333
115406,Both interviewed and MEC examined,21,Female,Non-Hispanic Black,Never,25.9,114,114,117,115
115407,Both interviewed and MEC examined,73,Female,Other Hispanic,Never,28.5,125,123,127,125
115409,Both interviewed and MEC examined,37,Male,Non-Hispanic White,Never,36,150,151,147,149.33333333333334
115410,Both interviewed and MEC examined,21,Female,Non-Hispanic Black,Never,25.7,120,121,120,120.33333333333333
115411,Both interviewed and MEC examined,35,Male,Non-Hispanic White,Never,26.6,133,133,131,132.33333333333334
115412,Both interviewed and MEC examined,54,Female,Other Hispanic,Never,31.8,NA,NA,NA,NA
115416,Both interviewed and MEC examined,64,Female,Non-Hispanic Asian,Never,23.9,152,149,150,150.33333333333334
115417,Both interviewed and MEC examined,65,Male,Non-Hispanic White,Former,27.5,147,144,123,138
115418,Both interviewed and MEC examined,39,Female,Non-Hispanic Black,Current,30.3,165,168,151,161.33333333333334
115419,Both interviewed and MEC examined,49,Male,Other Race - Including Multi-Racial,Current,NA,198,200,199,199
115421,Both interviewed and MEC examined,63,Female,Non-Hispanic Black,Current,30.2,156,149,157,154
115423,Both interviewed and MEC examined,22,Male,Non-Hispanic Black,Never,22.9,113,113,115,113.66666666666667
115426,Both interviewed and MEC examined,75,Female,Non-Hispanic Asian,Never,23.1,158,152,156,155.33333333333334
115428,Both interviewed and MEC examined,52,Male,Non-Hispanic Black,Never,26.1,142,142,151,145
115430,Both interviewed and MEC examined,42,Female,Non-Hispanic Black,Never,29.1,NA,NA,NA,NA
115431,Both interviewed and MEC examined,28,Male,Non-Hispanic White,Current,24.5,111,112,117,113.33333333333333
115437,Both interviewed and MEC examined,79,Male,Non-Hispanic White,Former,25.2,153,152,148,151
115438,Both interviewed and MEC examined,40,Male,Non-Hispanic White,Never,26.7,112,116,116,114.66666666666667
115441,Both interviewed and MEC examined,79,Female,Other Race - Including Multi-Racial,Never,23.7,128,132,132,130.66666666666666
115443,Both interviewed and MEC examined,39,Female,Mexican American,Never,34.7,107,108,107,107.33333333333333
115444,Both interviewed and MEC examined,30,Female,Non-Hispanic Black,Never,48.9,116,118,121,118.33333333333333
115445,Both interviewed and MEC examined,61,Male,Non-Hispanic White,Former,30.9,134,125,125,128
115446,Both interviewed and MEC examined,51,Male,Non-Hispanic Asian,Current,24.2,111,114,116,113.66666666666667
115450,Both interviewed and MEC examined,26,Female,Other Race - Including Multi-Racial,Former,33.3,94,99,93,95.33333333333333
115454,Both interviewed and MEC examined,73,Female,Non-Hispanic Asian,Never,27.8,123,129,130,127.33333333333333
115455,Both interviewed and MEC examined,41,Female,Non-Hispanic Black,Never,22.9,147,143,146,145.33333333333334
115458,Both interviewed and MEC examined,63,Female,Mexican American,Never,24.5,124,129,123,125.33333333333333
115459,Both interviewed and MEC examined,76,Male,Non-Hispanic White,Former,32,150,145,143,146
115465,Both interviewed and MEC examined,31,Male,Other Hispanic,Never,27.8,131,124,126,127
115466,Both interviewed and MEC examined,61,Female,Non-Hispanic Asian,Never,29,121,124,119,121.33333333333333
115467,Both interviewed and MEC examined,34,Female,Other Hispanic,Never,28.3,95,95,97,95.66666666666667
115468,Both interviewed and MEC examined,69,Male,Non-Hispanic White,Current,35.7,102,95,95,97.33333333333333
115469,Both interviewed and MEC examined,57,Male,Non-Hispanic White,Never,42.7,117,119,119,118.33333333333333
115470,Both interviewed and MEC examined,50,Male,Mexican American,Never,30.8,147,149,147,147.66666666666666
115471,Both interviewed and MEC examined,39,Female,Non-Hispanic Black,Current,20.9,NA,NA,NA,NA
115472,Both interviewed and MEC examined,46,Female,Non-Hispanic Asian,Never,30,127,130,127,128
115474,Both interviewed and MEC examined,62,Male,Mexican American,Never,25.6,116,117,110,114.33333333333333
115478,Both interviewed and MEC examined,74,Female,Non-Hispanic White,Never,35.7,100,97,100,99
115479,Both interviewed and MEC examined,55,Female,Non-Hispanic Asian,Never,20.4,108,100,104,104
115480,Both interviewed and MEC examined,26,Male,Other Race - Including Multi-Racial,Never,40.2,136,137,139,137.33333333333334
115485,Both interviewed and MEC examined,54,Female,Non-Hispanic Black,Current,26.3,138,131,134,134.33333333333334
115487,Both interviewed and MEC examined,28,Male,Non-Hispanic White,Never,27.7,116,116,101,111
115489,Both interviewed and MEC examined,52,Male,Non-Hispanic White,Current,27.6,154,151,162,155.66666666666666
115490,Both interviewed and MEC examined,56,Male,Non-Hispanic White,Former,31.7,135,128,133,132
115494,Both interviewed and MEC examined,62,Male,Other Hispanic,Former,35.5,123,119,121,121
115495,Both interviewed and MEC examined,60,Female,Non-Hispanic Black,Never,32.3,114,110,114,112.66666666666667
115498,Both interviewed and MEC examined,68,Female,Non-Hispanic White,Never,30,125,115,117,119
115499,Both interviewed and MEC examined,28,Female,Non-Hispanic Asian,Former,26.3,83,89,81,84.33333333333333
115503,Both interviewed and MEC examined,72,Male,Non-Hispanic Black,Former,33.9,146,140,143,143
115504,Both interviewed and MEC examined,70,Male,Non-Hispanic Black,Never,35.6,107,116,107,110
115509,Both interviewed and MEC examined,43,Male,Other Hispanic,Former,26.7,113,116,111,113.33333333333333
115510,Both interviewed and MEC examined,22,Female,Mexican American,Never,23.7,110,110,108,109.33333333333333
115511,Both interviewed and MEC examined,38,Male,Non-Hispanic Black,Never,28.8,136,143,138,139
115515,Both interviewed and MEC examined,59,Female,Non-Hispanic Black,Former,44.9,127,122,122,123.66666666666667
115518,Both interviewed and MEC examined,63,Female,Non-Hispanic Black,NA,34.5,188,190,179,185.66666666666666
115520,Both interviewed and MEC examined,38,Female,Non-Hispanic White,Current,19.5,112,109,106,109
115521,Both interviewed and MEC examined,70,Female,Non-Hispanic White,Never,27.9,116,108,108,110.66666666666667
115524,Both interviewed and MEC examined,51,Male,Non-Hispanic Black,Current,30.4,135,134,132,133.66666666666666
115531,Both interviewed and MEC examined,60,Male,Non-Hispanic White,Former,41.9,122,123,116,120.33333333333333
115532,Both interviewed and MEC examined,36,Female,Mexican American,Former,41.8,113,113,115,113.66666666666667
115534,Both interviewed and MEC examined,71,Female,Non-Hispanic White,Never,28.9,127,133,128,129.33333333333334
115538,Both interviewed and MEC examined,48,Female,Mexican American,Never,34.1,108,101,117,108.66666666666667
115542,Both interviewed and MEC examined,56,Male,Non-Hispanic Black,Current,23.5,137,151,150,146
115546,Both interviewed and MEC examined,56,Female,Non-Hispanic Asian,Never,25.7,126,123,124,124.33333333333333
115547,Both interviewed and MEC examined,64,Female,Other Hispanic,Never,37.5,158,161,154,157.66666666666666
115550,Both interviewed and MEC examined,54,Female,Mexican American,Current,NA,122,124,117,121
115551,Both interviewed and MEC examined,23,Female,Non-Hispanic Black,Never,22.3,NA,NA,NA,NA
115554,Both interviewed and MEC examined,58,Female,Non-Hispanic White,Current,21.8,128,133,128,129.66666666666666
115560,Both interviewed and MEC examined,54,Female,Non-Hispanic White,Never,35.9,113,106,108,109
115563,Both interviewed and MEC examined,32,Female,Non-Hispanic White,Current,26.2,107,120,99,108.66666666666667
115569,Both interviewed and MEC examined,48,Male,Mexican American,Former,31.3,127,130,124,127
115573,Both interviewed and MEC examined,49,Male,Non-Hispanic White,Never,32.9,135,135,132,134
115574,Both interviewed and MEC examined,41,Male,Non-Hispanic Asian,Never,28.3,114,103,114,110.33333333333333
115575,Both interviewed and MEC examined,69,Female,Non-Hispanic Black,Former,34.8,94,91,89,91.33333333333333
115577,Both interviewed and MEC examined,49,Female,Non-Hispanic Asian,Never,21.8,116,106,114,112
115578,Both interviewed and MEC examined,40,Female,Non-Hispanic Black,Never,32.7,111,113,106,110
115579,Both interviewed and MEC examined,56,Female,Non-Hispanic Black,Never,42.1,116,113,115,114.66666666666667
115580,Both interviewed and MEC examined,65,Male,Non-Hispanic Black,Former,27.7,115,120,119,118
115581,Both interviewed and MEC examined,65,Male,Non-Hispanic Black,Never,24.9,128,122,128,126
115583,Both interviewed and MEC examined,63,Male,Mexican American,Never,36.6,117,115,116,116
115584,Both interviewed and MEC examined,23,Female,Non-Hispanic Black,Never,28.2,NA,NA,NA,NA
115585,Both interviewed and MEC examined,71,Male,Non-Hispanic White,Never,28.9,123,113,130,122
115587,Both interviewed and MEC examined,61,Female,Non-Hispanic White,Never,20.8,140,147,135,140.66666666666666
115588,Both interviewed and MEC examined,75,Male,Non-Hispanic White,Former,26.6,139,149,140,142.66666666666666
115590,Both interviewed and MEC examined,32,Male,Other Race - Including Multi-Racial,Never,29,118,119,115,117.33333333333333
115591,Both interviewed and MEC examined,55,Male,Non-Hispanic White,Current,23.8,124,119,124,122.33333333333333
115592,Both interviewed and MEC examined,60,Male,Non-Hispanic White,Current,25.5,139,142,145,142
115596,Both interviewed and MEC examined,57,Female,Non-Hispanic Asian,Never,24.4,124,121,119,121.33333333333333
115598,Both interviewed and MEC examined,27,Male,Non-Hispanic Asian,Never,24.3,121,128,129,126
115599,Both interviewed and MEC examined,49,Male,Non-Hispanic Black,Never,26.8,119,118,119,118.66666666666667
115600,Both interviewed and MEC examined,77,Male,Other Hispanic,Never,31.8,146,142,142,143.33333333333334
115601,Both interviewed and MEC examined,22,Female,Non-Hispanic Black,Never,28,119,122,124,121.66666666666667
115603,Both interviewed and MEC examined,60,Female,Non-Hispanic Black,Never,29.8,114,111,111,112
115604,Both interviewed and MEC examined,68,Male,Non-Hispanic White,Never,35,111,111,116,112.66666666666667
115605,Both interviewed and MEC examined,55,Female,Non-Hispanic Black,Never,30.7,122,128,123,124.33333333333333
115606,Both interviewed and MEC examined,64,Male,Non-Hispanic Asian,Never,23.7,153,162,159,158
115608,Both interviewed and MEC examined,55,Male,Non-Hispanic White,Never,23.7,110,108,113,110.33333333333333
115609,Both interviewed and MEC examined,39,Female,Non-Hispanic Asian,Never,22,105,104,107,105.33333333333333
115611,Both interviewed and MEC examined,59,Female,Non-Hispanic Black,Current,31.3,110,114,113,112.33333333333333
115613,Both interviewed and MEC examined,64,Female,Non-Hispanic Black,Current,19.7,117,114,113,114.66666666666667
115614,Both interviewed and MEC examined,40,Female,Non-Hispanic Asian,Never,22.4,122,129,124,125
115615,Both interviewed and MEC examined,47,Female,Mexican American,Never,19.7,126,122,123,123.66666666666667
115617,Both interviewed and MEC examined,59,Male,Non-Hispanic Black,Never,25.4,117,123,117,119
115621,Both interviewed and MEC examined,50,Female,Non-Hispanic White,Never,26.6,113,113,108,111.33333333333333
115624,Both interviewed and MEC examined,56,Male,Other Hispanic,Never,30.8,NA,NA,NA,NA
115629,Both interviewed and MEC examined,60,Male,Non-Hispanic White,Never,25.2,107,109,100,105.33333333333333
115632,Both interviewed and MEC examined,43,Male,Non-Hispanic White,Former,41.8,130,130,136,132
115634,Both interviewed and MEC examined,32,Male,Non-Hispanic Asian,Former,23.5,117,126,131,124.66666666666667
115636,Both interviewed and MEC examined,64,Male,Non-Hispanic White,Never,28.7,148,133,139,140
115639,Both interviewed and MEC examined,68,Female,Non-Hispanic White,Never,24.1,116,126,117,119.66666666666667
115643,Both interviewed and MEC examined,41,Male,Non-Hispanic Asian,Former,28.6,158,162,148,156
115644,Both interviewed and MEC examined,63,Female,Non-Hispanic Black,Never,37,136,129,135,133.33333333333334
115645,Both interviewed and MEC examined,21,Female,Non-Hispanic White,Never,31.4,96,107,107,103.33333333333333
115646,Both interviewed and MEC examined,27,Male,Non-Hispanic Black,Never,37.6,103,98,113,104.66666666666667
115647,Both interviewed and MEC examined,73,Female,Other Hispanic,Never,30.8,133,133,133,133
115649,Both interviewed and MEC examined,68,Male,Non-Hispanic Black,Current,24.7,139,138,139,138.66666666666666
115651,Both interviewed and MEC examined,22,Male,Non-Hispanic White,Never,26.4,129,129,127,128.33333333333334
115656,Both interviewed and MEC examined,71,Female,Mexican American,Never,34.5,123,127,129,126.33333333333333
115657,Both interviewed and MEC examined,47,Male,Mexican American,Never,29.9,NA,NA,NA,NA
115659,Both interviewed and MEC examined,72,Female,Non-Hispanic Asian,Never,30,154,152,150,152
115661,Both interviewed and MEC examined,79,Male,Non-Hispanic Black,Never,27.3,110,110,104,108
115662,Both interviewed and MEC examined,74,Male,Non-Hispanic Asian,Never,22.6,125,123,122,123.33333333333333
115663,Both interviewed and MEC examined,66,Male,Other Hispanic,Former,27.8,130,125,122,125.66666666666667
115666,Both interviewed and MEC examined,56,Male,Mexican American,Current,42.6,124,120,123,122.33333333333333
115668,Both interviewed and MEC examined,34,Female,Mexican American,Never,39.6,115,111,105,110.33333333333333
115669,Both interviewed and MEC examined,59,Female,Non-Hispanic White,Never,41.8,107,111,111,109.66666666666667
115670,Both interviewed and MEC examined,73,Female,Non-Hispanic White,Never,30.8,106,106,105,105.66666666666667
115671,Both interviewed and MEC examined,67,Female,Non-Hispanic Black,Never,34.9,159,152,152,154.33333333333334
115673,Both interviewed and MEC examined,27,Female,Non-Hispanic Black,Never,22.2,NA,NA,NA,NA
115674,Both interviewed and MEC examined,65,Male,Non-Hispanic White,Former,43.6,155,150,148,151
115675,Both interviewed and MEC examined,23,Female,Non-Hispanic White,Current,43.4,98,87,94,93
115676,Both interviewed and MEC examined,75,Female,Non-Hispanic White,Never,30.1,132,137,127,132
115678,Both interviewed and MEC examined,48,Male,Non-Hispanic Black,Current,22.7,148,148,143,146.33333333333334
115679,Both interviewed and MEC examined,56,Female,Non-Hispanic White,Current,48.1,130,132,130,130.66666666666666
115680,Both interviewed and MEC examined,28,Female,Non-Hispanic White,Never,38.9,117,122,123,120.66666666666667
115683,Both interviewed and MEC examined,51,Female,Other Hispanic,Never,28.2,112,115,125,117.33333333333333
115686,Both interviewed and MEC examined,41,Male,Non-Hispanic Black,Never,47.7,120,114,121,118.33333333333333
115687,Both interviewed and MEC examined,28,Male,Non-Hispanic Black,Never,28,124,128,129,127
115697,Both interviewed and MEC examined,48,Male,Non-Hispanic Asian,Never,28.9,126,128,128,127.33333333333333
115698,Both interviewed and MEC examined,49,Male,Other Hispanic,Never,29.4,NA,NA,NA,NA
115702,Both interviewed and MEC examined,39,Female,Mexican American,Never,29.1,NA,NA,NA,NA
115705,Both interviewed and MEC examined,65,Male,Non-Hispanic Black,Never,28,145,154,144,147.66666666666666
115710,Both interviewed and MEC examined,53,Male,Non-Hispanic White,Former,29.6,134,134,136,134.66666666666666
115711,Both interviewed and MEC examined,66,Female,Non-Hispanic White,Never,27.7,111,111,113,111.66666666666667
115714,Both interviewed and MEC examined,61,Male,Non-Hispanic Asian,Never,26.7,124,124,129,125.66666666666667
115715,Both interviewed and MEC examined,62,Male,Mexican American,Current,30.9,142,149,157,149.33333333333334
115718,Both interviewed and MEC examined,69,Male,Mexican American,Never,28,135,132,132,133
115720,Both interviewed and MEC examined,67,Male,Other Hispanic,Former,NA,130,137,136,134.33333333333334
115727,Both interviewed and MEC examined,72,Female,Non-Hispanic Asian,Never,35.2,NA,NA,NA,NA
115728,Both interviewed and MEC examined,41,Female,Non-Hispanic Asian,Former,21.9,120,113,112,115
115732,Both interviewed and MEC examined,63,Male,Non-Hispanic White,Never,33.8,128,136,134,132.66666666666666
115736,Both interviewed and MEC examined,62,Female,Other Hispanic,Current,31.4,135,132,144,137
115737,Both interviewed and MEC examined,70,Female,Non-Hispanic White,Never,38.6,109,110,113,110.66666666666667
115739,Both interviewed and MEC examined,67,Female,Non-Hispanic White,Never,31.8,133,128,133,131.33333333333334
115740,Both interviewed and MEC examined,66,Male,Non-Hispanic Black,Never,32.2,174,167,166,169
115742,Both interviewed and MEC examined,41,Female,Non-Hispanic Black,Never,57.7,116,119,112,115.66666666666667
115743,Both interviewed and MEC examined,74,Female,Non-Hispanic Black,Never,27,114,115,107,112
115744,Both interviewed and MEC examined,67,Male,Non-Hispanic Black,Current,28.9,159,158,153,156.66666666666666
115746,Both interviewed and MEC examined,70,Female,Non-Hispanic Black,Never,34.6,166,161,159,162
115747,Both interviewed and MEC examined,69,Male,Non-Hispanic White,Former,25.5,118,122,124,121.33333333333333
115749,Both interviewed and MEC examined,66,Male,Other Hispanic,Never,30.4,135,139,145,139.66666666666666
115750,Both interviewed and MEC examined,53,Female,Non-Hispanic White,Former,29.2,111,105,115,110.33333333333333
115751,Both interviewed and MEC examined,61,Female,Non-Hispanic Black,Former,27,136,144,140,140
115752,Both interviewed and MEC examined,67,Male,Other Hispanic,Never,25,138,132,132,134
115753,Both interviewed and MEC examined,71,Male,Non-Hispanic White,Never,25.8,130,119,128,125.66666666666667
115754,Both interviewed and MEC examined,43,Female,Non-Hispanic Black,Never,37,105,107,106,106
115759,Both interviewed and MEC examined,53,Female,Non-Hispanic Asian,Never,25.7,148,154,147,149.66666666666666
115762,Both interviewed and MEC examined,59,Male,Other Hispanic,Never,37.4,NA,NA,NA,NA
115764,Both interviewed and MEC examined,34,Female,Non-Hispanic Black,Never,30.8,126,127,127,126.66666666666667
115766,Both interviewed and MEC examined,29,Male,Non-Hispanic White,Former,23.8,120,120,122,120.66666666666667
115767,Both interviewed and MEC examined,47,Female,Non-Hispanic Black,Current,20.7,144,149,142,145
115770,Both interviewed and MEC examined,42,Male,Non-Hispanic White,Former,33.4,121,126,125,124
115772,Both interviewed and MEC examined,34,Female,Mexican American,Never,23.5,101,102,104,102.33333333333333
115777,Both interviewed and MEC examined,23,Female,Mexican American,Former,59.7,84,93,93,90
115778,Both interviewed and MEC examined,57,Female,Non-Hispanic White,Current,29.5,141,142,147,143.33333333333334
115780,Both interviewed and MEC examined,41,Female,Non-Hispanic Black,Never,32.8,109,100,99,102.66666666666667
115782,Both interviewed and MEC examined,68,Female,Non-Hispanic Asian,Never,24.5,122,115,119,118.66666666666667
115785,Both interviewed and MEC examined,22,Female,Non-Hispanic Black,Never,25,112,112,112,112
115788,Both interviewed and MEC examined,65,Female,Non-Hispanic Black,Former,23.6,129,127,130,128.66666666666666
115791,Both interviewed and MEC examined,63,Male,Non-Hispanic Black,Current,27.7,125,120,132,125.66666666666667
115792,Both interviewed and MEC examined,33,Female,Non-Hispanic White,Never,22.6,97,95,100,97.33333333333333
115793,Both interviewed and MEC examined,39,Male,Non-Hispanic White,Current,27.2,145,142,148,145
115796,Both interviewed and MEC examined,40,Female,Non-Hispanic Black,Never,35.9,114,114,112,113.33333333333333
115798,Both interviewed and MEC examined,47,Male,Mexican American,Never,38.3,150,139,144,144.33333333333334
115800,Both interviewed and MEC examined,45,Female,Non-Hispanic White,Current,40.5,138,129,133,133.33333333333334
115801,Both interviewed and MEC examined,45,Female,Mexican American,Never,33.2,113,112,110,111.66666666666667
115803,Both interviewed and MEC examined,40,Male,Non-Hispanic Asian,Former,30.3,124,127,124,125
115805,Both interviewed and MEC examined,32,Male,Non-Hispanic Asian,Never,27.2,116,118,116,116.66666666666667
115807,Both interviewed and MEC examined,65,Male,Mexican American,Former,30,152,153,145,150
115809,Both interviewed and MEC examined,70,Male,Non-Hispanic Black,Never,25.8,128,128,123,126.33333333333333
115813,Both interviewed and MEC examined,49,Female,Non-Hispanic Asian,Never,24,111,116,109,112
115815,Both interviewed and MEC examined,72,Male,Non-Hispanic White,Former,28.8,127,128,120,125
115816,Both interviewed and MEC examined,66,Male,Non-Hispanic White,Never,27.2,143,140,144,142.33333333333334
115817,Both interviewed and MEC examined,69,Female,Non-Hispanic White,Current,19.6,108,112,112,110.66666666666667
115818,Both interviewed and MEC examined,68,Male,Non-Hispanic Asian,Former,20.4,137,143,126,135.33333333333334
115820,Both interviewed and MEC examined,48,Male,Non-Hispanic Black,Never,25,NA,NA,NA,NA
115822,Both interviewed and MEC examined,67,Female,Non-Hispanic Black,Never,25.5,176,173,172,173.66666666666666
115825,Both interviewed and MEC examined,22,Female,Other Hispanic,Never,31.2,104,105,107,105.33333333333333
115827,Both interviewed and MEC examined,41,Male,Mexican American,Current,32.5,122,118,133,124.33333333333333
115829,Both interviewed and MEC examined,23,Male,Non-Hispanic White,Current,24.3,135,137,132,134.66666666666666
115831,Both interviewed and MEC examined,28,Female,Other Race - Including Multi-Racial,Current,29,105,104,108,105.66666666666667
115833,Both interviewed and MEC examined,37,Male,Other Hispanic,Current,18.4,98,94,103,98.33333333333333
115834,Both interviewed and MEC examined,72,Female,Non-Hispanic Black,Never,37.5,135,137,138,136.66666666666666
115841,Both interviewed and MEC examined,52,Female,Non-Hispanic Black,Former,38.3,NA,NA,NA,NA
115842,Both interviewed and MEC examined,41,Female,Non-Hispanic Black,Never,48.7,106,106,108,106.66666666666667
115843,Both interviewed and MEC examined,76,Female,Non-Hispanic White,Former,24.7,172,172,153,165.66666666666666
115846,Both interviewed and MEC examined,57,Female,Other Hispanic,Never,32.1,123,124,125,124
115848,Both interviewed and MEC examined,57,Male,Non-Hispanic White,Never,31.9,107,114,105,108.66666666666667
115849,Both interviewed and MEC examined,49,Male,Non-Hispanic White,Current,30.9,126,138,136,133.33333333333334
115850,Both interviewed and MEC examined,56,Female,Other Hispanic,Former,39.6,125,120,123,122.66666666666667
115851,Both interviewed and MEC examined,55,Female,Non-Hispanic White,Former,29.5,101,101,100,100.66666666666667
115853,Both interviewed and MEC examined,32,Male,Non-Hispanic White,Never,23.1,116,121,116,117.66666666666667
115854,Both interviewed and MEC examined,27,Male,Non-Hispanic Black,Current,23.1,107,112,108,109
115855,Both interviewed and MEC examined,41,Male,Non-Hispanic Asian,Never,24.8,NA,NA,NA,NA
115856,Both interviewed and MEC examined,61,Female,Non-Hispanic Black,Never,34.1,128,122,120,123.33333333333333
115858,Both interviewed and MEC examined,68,Male,Non-Hispanic Black,Current,39,112,114,120,115.33333333333333
115859,Both interviewed and MEC examined,27,Male,Mexican American,Never,29.4,108,108,108,108
115860,Both interviewed and MEC examined,57,Male,Non-Hispanic White,Former,23.2,129,122,130,127
115861,Both interviewed and MEC examined,70,Male,Non-Hispanic White,Current,26.7,122,123,125,123.33333333333333
115862,Both interviewed and MEC examined,24,Male,Mexican American,Current,NA,NA,NA,NA,NA
115864,Both interviewed and MEC examined,56,Male,Non-Hispanic Black,Former,22.2,142,150,156,149.33333333333334
115865,Both interviewed and MEC examined,32,Female,Non-Hispanic Asian,Never,27.3,98,99,98,98.33333333333333
115867,Both interviewed and MEC examined,26,Male,Non-Hispanic Black,Current,41.1,114,111,110,111.66666666666667
115868,Both interviewed and MEC examined,53,Male,Non-Hispanic Black,Never,29.6,133,129,130,130.66666666666666
115874,Both interviewed and MEC examined,54,Female,Non-Hispanic Black,Current,37.5,154,147,151,150.66666666666666
115875,Both interviewed and MEC examined,67,Female,Non-Hispanic White,Former,46.9,123,130,132,128.33333333333334
115876,Both interviewed and MEC examined,68,Female,Other Race - Including Multi-Racial,Current,42.7,137,153,150,146.66666666666666
115878,Both interviewed and MEC examined,26,Female,Mexican American,Never,29.4,NA,NA,NA,NA
115879,Both interviewed and MEC examined,41,Male,Non-Hispanic Asian,Never,21.7,128,128,126,127.33333333333333
115880,Both interviewed and MEC examined,22,Male,Mexican American,Current,24.2,116,116,114,115.33333333333333
115882,Both interviewed and MEC examined,66,Female,Non-Hispanic White,Never,26.2,135,139,138,137.33333333333334
115883,Both interviewed and MEC examined,36,Male,Non-Hispanic White,Current,24.3,123,120,119,120.66666666666667
115886,Both interviewed and MEC examined,73,Female,Non-Hispanic White,Never,27.3,141,131,135,135.66666666666666
115887,Both interviewed and MEC examined,68,Female,Non-Hispanic White,Former,25.3,113,101,120,111.33333333333333
115888,Both interviewed and MEC examined,75,Female,Non-Hispanic White,Never,32.9,103,116,110,109.66666666666667
115889,Both interviewed and MEC examined,62,Female,Mexican American,Never,34.6,150,132,134,138.66666666666666
115891,Both interviewed and MEC examined,60,Female,Non-Hispanic White,Former,27.6,100,101,99,100
115895,Both interviewed and MEC examined,70,Male,Other Race - Including Multi-Racial,Never,29.8,140,142,148,143.33333333333334
115898,Both interviewed and MEC examined,59,Male,Non-Hispanic White,Former,34.1,NA,NA,NA,NA
115902,Both interviewed and MEC examined,31,Female,Mexican American,Never,38.7,119,116,119,118
115904,Both interviewed and MEC examined,67,Male,Non-Hispanic White,Current,23.1,117,117,138,124
115907,Both interviewed and MEC examined,63,Male,Non-Hispanic Asian,Never,27,118,140,150,136
115908,Both interviewed and MEC examined,65,Male,Non-Hispanic Black,Current,20.6,112,111,117,113.33333333333333
115909,Both interviewed and MEC examined,55,Female,Non-Hispanic Black,Former,50.5,147,139,136,140.66666666666666
115910,Both interviewed and MEC examined,74,Male,Non-Hispanic Black,Never,29.1,116,129,NA,122.5
115912,Both interviewed and MEC examined,35,Male,Non-Hispanic Black,Current,25.7,125,114,130,123
115913,Both interviewed and MEC examined,25,Male,Other Hispanic,Current,27.9,102,103,105,103.33333333333333
115915,Both interviewed and MEC examined,37,Male,Non-Hispanic White,Current,23.6,NA,NA,NA,NA
115917,Both interviewed and MEC examined,21,Female,Non-Hispanic White,Never,38.1,111,104,112,109
115923,Both interviewed and MEC examined,31,Female,Non-Hispanic Asian,Never,29.5,107,109,107,107.66666666666667
115929,Both interviewed and MEC examined,44,Female,Non-Hispanic White,Never,28.1,103,106,107,105.33333333333333
115934,Both interviewed and MEC examined,75,Female,Non-Hispanic White,Never,23.1,173,177,164,171.33333333333334
115935,Both interviewed and MEC examined,57,Male,Other Hispanic,Never,37.3,156,154,151,153.66666666666666
115936,Both interviewed and MEC examined,70,Female,Non-Hispanic White,Never,29.8,133,137,135,135
115939,Both interviewed and MEC examined,55,Male,Other Hispanic,Former,36.6,113,107,113,111
115942,Both interviewed and MEC examined,73,Male,Non-Hispanic White,Former,26.3,NA,NA,NA,NA
115943,Both interviewed and MEC examined,74,Female,Non-Hispanic White,Never,29.4,NA,NA,NA,NA
115944,Both interviewed and MEC examined,43,Female,Non-Hispanic Black,Never,32.9,176,169,184,176.33333333333334
115947,Both interviewed and MEC examined,72,Female,Non-Hispanic Black,Former,37.9,137,141,146,141.33333333333334
115950,Both interviewed and MEC examined,44,Female,Non-Hispanic White,Former,38.8,113,114,113,113.33333333333333
115951,Both interviewed and MEC examined,48,Female,Non-Hispanic White,Former,28.5,89,94,86,89.66666666666667
115953,Both interviewed and MEC examined,34,Female,Non-Hispanic White,Never,52.2,133,121,130,128
115955,Both interviewed and MEC examined,53,Female,Mexican American,Never,40.6,124,126,125,125
115956,Both interviewed and MEC examined,41,Female,Non-Hispanic Asian,Never,20.6,NA,NA,NA,NA
115958,Both interviewed and MEC examined,38,Female,Non-Hispanic White,Never,40.6,129,131,132,130.66666666666666
115961,Both interviewed and MEC examined,52,Male,Non-Hispanic White,Never,36.4,116,121,118,118.33333333333333
115963,Both interviewed and MEC examined,79,Male,Non-Hispanic Asian,Never,23.7,125,127,119,123.66666666666667
115965,Both interviewed and MEC examined,68,Female,Other Hispanic,Never,32.6,NA,NA,NA,NA
115968,Both interviewed and MEC examined,74,Female,Non-Hispanic White,Former,25.2,134,121,129,128
115969,Both interviewed and MEC examined,56,Female,Non-Hispanic Black,Never,33.9,139,145,139,141
115972,Both interviewed and MEC examined,74,Male,Non-Hispanic White,Former,31.9,146,137,132,138.33333333333334
115975,Both interviewed and MEC examined,38,Female,Non-Hispanic Asian,Never,32.7,NA,NA,NA,NA
115976,Both interviewed and MEC examined,37,Female,Non-Hispanic Asian,Never,24.5,93,90,93,92
115978,Both interviewed and MEC examined,40,Male,Non-Hispanic White,Former,33.9,120,123,117,120
115979,Both interviewed and MEC examined,24,Female,Other Hispanic,Current,42.3,88,100,96,94.66666666666667
115982,Both interviewed and MEC examined,30,Female,Non-Hispanic Asian,Never,26.1,115,113,116,114.66666666666667
115983,Both interviewed and MEC examined,72,Female,Non-Hispanic White,Former,29.5,137,134,130,133.66666666666666
115985,Both interviewed and MEC examined,66,Male,Non-Hispanic Black,Former,32,121,120,117,119.33333333333333
115986,Both interviewed and MEC examined,55,Female,Non-Hispanic White,Never,39.4,118,119,115,117.33333333333333
115988,Both interviewed and MEC examined,57,Female,Non-Hispanic White,Never,28.7,123,137,124,128
115989,Both interviewed and MEC examined,64,Male,Non-Hispanic Asian,Never,27.7,138,142,141,140.33333333333334
115990,Both interviewed and MEC examined,29,Male,Non-Hispanic Asian,Never,23.8,167,157,159,161
115992,Both interviewed and MEC examined,68,Male,Non-Hispanic Asian,Former,27.1,95,104,88,95.66666666666667
115993,Both interviewed and MEC examined,67,Male,Non-Hispanic White,Former,28.6,112,116,117,115
115994,Both interviewed and MEC examined,64,Male,Non-Hispanic White,Former,30.4,129,127,132,129.33333333333334
115995,Both interviewed and MEC examined,49,Male,Non-Hispanic Black,Former,39.4,147,145,151,147.66666666666666
115996,Both interviewed and MEC examined,74,Male,Non-Hispanic Black,Never,37.9,170,173,NA,171.5
115998,Both interviewed and MEC examined,44,Female,Other Hispanic,Never,19.6,NA,NA,NA,NA
115999,Both interviewed and MEC examined,42,Male,Non-Hispanic Black,Never,27.7,124,125,125,124.66666666666667
116001,Both interviewed and MEC examined,45,Female,Non-Hispanic Asian,Never,34.2,125,122,125,124
116003,Both interviewed and MEC examined,25,Female,Other Hispanic,Current,26.1,NA,NA,NA,NA
116004,Both interviewed and MEC examined,55,Female,Non-Hispanic White,Never,25.6,111,110,106,109
116005,Both interviewed and MEC examined,38,Male,Non-Hispanic White,Current,39.9,128,130,129,129
116008,Both interviewed and MEC examined,77,Female,Other Hispanic,Never,33.5,136,138,142,138.66666666666666
116009,Both interviewed and MEC examined,46,Female,Non-Hispanic Black,Never,33.9,NA,NA,NA,NA
116010,Both interviewed and MEC examined,73,Female,Non-Hispanic Black,Never,30.7,130,138,132,133.33333333333334
116012,Both interviewed and MEC examined,60,Female,Other Hispanic,Never,24.3,176,159,164,166.33333333333334
116013,Both interviewed and MEC examined,58,Female,Non-Hispanic Black,Former,39.1,101,106,102,103
116014,Both interviewed and MEC examined,34,Male,Non-Hispanic Black,Never,23.3,137,130,132,133
116016,Both interviewed and MEC examined,56,Male,Non-Hispanic White,Current,44.1,115,124,125,121.33333333333333
116018,Both interviewed and MEC examined,73,Male,Non-Hispanic White,Never,26.1,140,139,136,138.33333333333334
116019,Both interviewed and MEC examined,63,Female,Non-Hispanic Asian,Never,23,114,112,115,113.66666666666667
116021,Both interviewed and MEC examined,59,Male,Non-Hispanic Black,Current,19.5,114,110,110,111.33333333333333
116022,Both interviewed and MEC examined,34,Male,Non-Hispanic White,Never,32.1,128,127,131,128.66666666666666
116027,Both interviewed and MEC examined,59,Male,Non-Hispanic White,Current,27.8,132,114,132,126
116028,Both interviewed and MEC examined,43,Female,Non-Hispanic White,Former,36.2,109,108,110,109
116029,Both interviewed and MEC examined,26,Male,Mexican American,Former,35.5,121,121,123,121.66666666666667
116030,Both interviewed and MEC examined,70,Male,Non-Hispanic Black,Never,24.1,151,149,150,150
116031,Both interviewed and MEC examined,29,Male,Other Hispanic,Never,28.4,118,114,111,114.33333333333333
116036,Both interviewed and MEC examined,59,Female,Non-Hispanic White,Never,31.4,161,145,153,153
116038,Both interviewed and MEC examined,68,Male,Other Hispanic,Never,27,NA,NA,NA,NA
116041,Both interviewed and MEC examined,69,Male,Non-Hispanic White,Never,27.8,82,77,77,78.66666666666667
116044,Both interviewed and MEC examined,75,Female,Non-Hispanic White,Never,20.8,131,135,131,132.33333333333334
116045,Both interviewed and MEC examined,30,Male,Non-Hispanic White,Current,26.4,109,108,111,109.33333333333333
116050,Both interviewed and MEC examined,45,Male,Non-Hispanic White,Never,24.5,149,146,143,146
116051,Both interviewed and MEC examined,62,Female,Mexican American,Never,35.9,126,134,133,131
116052,Both interviewed and MEC examined,33,Male,Other Race - Including Multi-Racial,Former,40.3,118,120,123,120.33333333333333
116056,Both interviewed and MEC examined,70,Female,Non-Hispanic White,Never,28.7,132,136,139,135.66666666666666
116057,Both interviewed and MEC examined,79,Male,Non-Hispanic White,Former,26.1,136,132,129,132.33333333333334
116061,Both interviewed and MEC examined,74,Male,Non-Hispanic Black,Never,26.4,132,153,151,145.33333333333334
116062,Both interviewed and MEC examined,40,Male,Other Hispanic,Never,25.8,125,125,125,125
116065,Both interviewed and MEC examined,56,Male,Other Race - Including Multi-Racial,Never,37.1,130,126,120,125.33333333333333
116066,Both interviewed and MEC examined,74,Male,Non-Hispanic Black,Former,30.9,135,136,135,135.33333333333334
116067,Both interviewed and MEC examined,44,Female,Other Race - Including Multi-Racial,Never,35,112,118,115,115
116070,Both interviewed and MEC examined,70,Female,Non-Hispanic Black,Never,34.5,160,147,153,153.33333333333334
116071,Both interviewed and MEC examined,29,Female,Non-Hispanic White,Never,19.2,111,110,113,111.33333333333333
116072,Both interviewed and MEC examined,30,Male,Non-Hispanic White,Never,22,126,129,130,128.33333333333334
116073,Both interviewed and MEC examined,53,Male,Other Race - Including Multi-Racial,Current,33.2,123,127,120,123.33333333333333
116074,Both interviewed and MEC examined,27,Female,Non-Hispanic White,Never,27.2,113,109,110,110.66666666666667
116075,Both interviewed and MEC examined,38,Female,Non-Hispanic Black,Never,31.7,115,121,121,119
116076,Both interviewed and MEC examined,32,Female,Other Hispanic,Former,34.4,101,95,98,98
116077,Both interviewed and MEC examined,57,Male,Mexican American,Never,27.3,157,149,152,152.66666666666666
116078,Both interviewed and MEC examined,27,Male,Mexican American,Never,32.3,122,121,119,120.66666666666667
116079,Both interviewed and MEC examined,38,Male,Mexican American,Former,32.8,131,138,123,130.66666666666666
116084,Both interviewed and MEC examined,54,Female,Non-Hispanic Asian,Never,18.5,NA,NA,NA,NA
116085,Both interviewed and MEC examined,44,Male,Non-Hispanic Asian,Never,24.5,112,110,107,109.66666666666667
116088,Both interviewed and MEC examined,33,Male,Non-Hispanic Black,Never,23.9,114,106,112,110.66666666666667
116090,Both interviewed and MEC examined,32,Female,Non-Hispanic Asian,Never,28.1,NA,NA,NA,NA
116092,Both interviewed and MEC examined,22,Male,Mexican American,Never,21.7,132,131,118,127
116094,Both interviewed and MEC examined,42,Male,Other Hispanic,Former,32.5,131,141,132,134.66666666666666
116095,Both interviewed and MEC examined,66,Female,Non-Hispanic Black,Current,NA,NA,NA,NA,NA
116097,Both interviewed and MEC examined,35,Male,Non-Hispanic Asian,Current,33.2,126,127,127,126.66666666666667
116099,Both interviewed and MEC examined,41,Female,Mexican American,Never,36.5,118,120,123,120.33333333333333
116100,Both interviewed and MEC examined,29,Male,Non-Hispanic Asian,Never,26.9,119,114,117,116.66666666666667
116102,Both interviewed and MEC examined,66,Female,Non-Hispanic Black,Never,28.8,NA,NA,NA,NA
116103,Both interviewed and MEC examined,42,Female,Non-Hispanic Black,Never,39,145,146,139,143.33333333333334
116104,Both interviewed and MEC examined,53,Female,Non-Hispanic Asian,Never,23.9,111,110,121,114
116107,Both interviewed and MEC examined,74,Female,Non-Hispanic White,Former,21.3,159,168,162,163
116109,Both interviewed and MEC examined,54,Female,Non-Hispanic White,Former,43.8,146,147,146,146.33333333333334
116110,Both interviewed and MEC examined,39,Female,Non-Hispanic White,Never,25.4,108,113,108,109.66666666666667
116112,Both interviewed and MEC examined,63,Female,Non-Hispanic White,Never,38.2,130,134,133,132.33333333333334
116113,Both interviewed and MEC examined,46,Male,Non-Hispanic Asian,Never,22.3,106,110,116,110.66666666666667
116114,Both interviewed and MEC examined,44,Female,Mexican American,Never,23.6,113,113,117,114.33333333333333
116115,Both interviewed and MEC examined,42,Female,Non-Hispanic Black,Never,30.3,124,119,127,123.33333333333333
116116,Both interviewed and MEC examined,23,Male,Non-Hispanic White,Never,38.4,110,107,106,107.66666666666667
116118,Both interviewed and MEC examined,56,Female,Non-Hispanic White,Never,23.6,101,100,101,100.66666666666667
116119,Both interviewed and MEC examined,37,Female,Mexican American,Never,39.6,99,95,101,98.33333333333333
116120,Both interviewed and MEC examined,71,Female,Other Hispanic,Never,27,138,141,130,136.33333333333334
116121,Both interviewed and MEC examined,34,Female,Non-Hispanic Black,Former,30.3,131,125,129,128.33333333333334
116123,Both interviewed and MEC examined,48,Male,Other Hispanic,Never,44.6,95,97,92,94.66666666666667
116125,Both interviewed and MEC examined,69,Male,Non-Hispanic White,Former,25.1,126,123,113,120.66666666666667
116127,Both interviewed and MEC examined,73,Male,Non-Hispanic Black,Never,32.7,97,109,113,106.33333333333333
116129,Both interviewed and MEC examined,62,Male,Non-Hispanic Black,Former,29.8,130,128,127,128.33333333333334
116131,Both interviewed and MEC examined,38,Male,Non-Hispanic Black,Current,32.9,125,134,123,127.33333333333333
116133,Both interviewed and MEC examined,44,Female,Non-Hispanic White,Former,28.5,130,122,120,124
116135,Both interviewed and MEC examined,75,Male,Non-Hispanic White,Former,31.2,119,127,125,123.66666666666667
116138,Both interviewed and MEC examined,71,Female,Non-Hispanic Asian,Never,25.3,128,112,122,120.66666666666667
116140,Both interviewed and MEC examined,38,Male,Other Hispanic,Former,41.1,107,106,107,106.66666666666667
116141,Both interviewed and MEC examined,59,Male,Non-Hispanic White,Never,27.9,119,112,111,114
116142,Both interviewed and MEC examined,46,Male,Mexican American,Current,25,125,122,130,125.66666666666667
116143,Both interviewed and MEC examined,72,Male,Non-Hispanic Black,Current,30.6,188,184,180,184
116144,Both interviewed and MEC examined,67,Male,Non-Hispanic Black,Never,41.1,131,131,129,130.33333333333334
116145,Both interviewed and MEC examined,31,Female,Non-Hispanic White,Never,24.1,105,105,109,106.33333333333333
116147,Both interviewed and MEC examined,38,Male,Mexican American,Never,32.3,120,129,132,127
116148,Both interviewed and MEC examined,40,Female,Mexican American,Former,42.4,114,111,117,114
116149,Both interviewed and MEC examined,46,Female,Mexican American,Never,28.3,112,107,112,110.33333333333333
116150,Both interviewed and MEC examined,49,Male,Non-Hispanic White,Never,44.5,140,138,139,139
116151,Both interviewed and MEC examined,48,Male,Non-Hispanic Black,Never,31.2,122,121,120,121
116152,Both interviewed and MEC examined,31,Male,Non-Hispanic Asian,Never,22.3,117,117,118,117.33333333333333
116153,Both interviewed and MEC examined,57,Female,Non-Hispanic White,Current,16.8,132,129,125,128.66666666666666
116157,Both interviewed and MEC examined,52,Female,Non-Hispanic Black,Never,25.6,123,120,125,122.66666666666667
116159,Both interviewed and MEC examined,41,Female,Non-Hispanic White,Current,56.9,89,101,105,98.33333333333333
116160,Both interviewed and MEC examined,38,Female,Mexican American,Never,36.1,118,118,119,118.33333333333333
116163,Both interviewed and MEC examined,37,Female,Non-Hispanic White,Current,48.9,87,90,91,89.33333333333333
116164,Both interviewed and MEC examined,33,Female,Other Race - Including Multi-Racial,Never,32.5,114,100,108,107.33333333333333
116165,Both interviewed and MEC examined,60,Female,Non-Hispanic White,Never,35.9,144,149,147,146.66666666666666
116166,Both interviewed and MEC examined,57,Male,Other Race - Including Multi-Racial,Never,26.6,106,108,112,108.66666666666667
116167,Both interviewed and MEC examined,52,Female,Mexican American,Never,24.5,116,121,119,118.66666666666667
116169,Both interviewed and MEC examined,57,Female,Other Hispanic,Never,32.6,103,103,103,103
116171,Both interviewed and MEC examined,33,Male,Non-Hispanic Asian,Never,21.8,119,120,117,118.66666666666667
116174,Both interviewed and MEC examined,50,Female,Non-Hispanic Black,Never,28.5,160,152,151,154.33333333333334
116177,Both interviewed and MEC examined,34,Male,Non-Hispanic White,Current,22.4,127,130,119,125.33333333333333
116180,Both interviewed and MEC examined,33,Male,Other Hispanic,Current,23.8,119,121,125,121.66666666666667
116181,Both interviewed and MEC examined,45,Male,Non-Hispanic White,Never,27.3,101,103,103,102.33333333333333
116183,Both interviewed and MEC examined,38,Female,Non-Hispanic White,Never,31.7,123,128,126,125.66666666666667
116184,Both interviewed and MEC examined,33,Male,Non-Hispanic Asian,Never,25.7,122,123,127,124
116185,Both interviewed and MEC examined,29,Male,Mexican American,Current,31.2,121,120,118,119.66666666666667
116186,Both interviewed and MEC examined,32,Male,Mexican American,Current,30.2,115,109,115,113
116187,Both interviewed and MEC examined,65,Female,Non-Hispanic White,Former,32.5,120,125,121,122
116190,Both interviewed and MEC examined,23,Male,Non-Hispanic White,Former,26.5,106,120,115,113.66666666666667
116196,Both interviewed and MEC examined,57,Female,Non-Hispanic White,Former,41,130,126,127,127.66666666666667
116200,Both interviewed and MEC examined,62,Male,Non-Hispanic Black,Current,23.1,163,167,162,164
116202,Both interviewed and MEC examined,31,Male,Non-Hispanic Black,Current,39.6,109,102,105,105.33333333333333
116203,Both interviewed and MEC examined,61,Female,Non-Hispanic White,Former,42.4,137,133,132,134
116205,Both interviewed and MEC examined,36,Male,Non-Hispanic Black,Former,25.2,111,112,116,113
116206,Both interviewed and MEC examined,64,Male,Non-Hispanic White,Never,22.4,130,134,130,131.33333333333334
116207,Both interviewed and MEC examined,34,Female,Non-Hispanic White,Former,43.6,110,111,110,110.33333333333333
116208,Both interviewed and MEC examined,67,Male,Non-Hispanic Black,Never,24.1,110,109,106,108.33333333333333
116210,Both interviewed and MEC examined,52,Female,Non-Hispanic White,Former,39.4,121,121,122,121.33333333333333
116211,Both interviewed and MEC examined,60,Female,Mexican American,Never,34.5,113,128,118,119.66666666666667
116213,Both interviewed and MEC examined,62,Male,Non-Hispanic Asian,Never,29,125,122,128,125
116219,Both interviewed and MEC examined,22,Male,Non-Hispanic Asian,Never,26.9,109,117,123,116.33333333333333
116225,Both interviewed and MEC examined,43,Male,Non-Hispanic White,Former,51,117,124,119,120
116226,Both interviewed and MEC examined,25,Male,Non-Hispanic White,Former,24.5,114,117,113,114.66666666666667
116227,Both interviewed and MEC examined,33,Female,Non-Hispanic Asian,Never,34.1,NA,NA,NA,NA
116228,Both interviewed and MEC examined,30,Female,Non-Hispanic Black,Never,22.7,119,116,116,117
116232,Both interviewed and MEC examined,60,Female,Non-Hispanic White,Never,32.3,111,123,130,121.33333333333333
116236,Both interviewed and MEC examined,27,Male,Other Hispanic,Current,37.2,132,129,125,128.66666666666666
116238,Both interviewed and MEC examined,47,Female,Non-Hispanic Black,Current,26.1,103,100,104,102.33333333333333
116240,Both interviewed and MEC examined,74,Male,Non-Hispanic Black,Never,31.7,131,131,127,129.66666666666666
116241,Both interviewed and MEC examined,28,Female,Non-Hispanic White,Current,42.4,105,107,110,107.33333333333333
116242,Both interviewed and MEC examined,42,Female,Other Hispanic,Never,33,145,141,141,142.33333333333334
116243,Both interviewed and MEC examined,60,Female,Non-Hispanic White,Current,32.7,125,122,126,124.33333333333333
116247,Both interviewed and MEC examined,27,Female,Other Race - Including Multi-Racial,Former,40.6,111,110,107,109.33333333333333
116251,Both interviewed and MEC examined,60,Female,Non-Hispanic White,Current,18.8,93,95,94,94
116252,Both interviewed and MEC examined,41,Male,Non-Hispanic White,Current,39.7,118,124,128,123.33333333333333
116254,Both interviewed and MEC examined,62,Male,Mexican American,Former,23.5,120,116,115,117
116260,Both interviewed and MEC examined,36,Male,Mexican American,Never,24.8,NA,NA,NA,NA
116264,Both interviewed and MEC examined,39,Female,Non-Hispanic White,Never,43.4,109,111,113,111
116265,Both interviewed and MEC examined,52,Male,Non-Hispanic White,Current,31.6,130,132,139,133.66666666666666
116267,Both interviewed and MEC examined,56,Male,Other Race - Including Multi-Racial,Never,28.8,107,110,100,105.66666666666667
116268,Both interviewed and MEC examined,56,Female,Non-Hispanic White,Former,42.5,152,144,140,145.33333333333334
116269,Both interviewed and MEC examined,34,Female,Non-Hispanic White,Former,38.1,118,123,120,120.33333333333333
116270,Both interviewed and MEC examined,55,Male,Other Hispanic,Never,31.1,116,112,115,114.33333333333333
116271,Both interviewed and MEC examined,52,Female,Non-Hispanic Asian,Former,23.6,115,159,116,130
116274,Both interviewed and MEC examined,45,Male,Other Hispanic,Never,35.1,136,134,143,137.66666666666666
116276,Both interviewed and MEC examined,49,Female,Non-Hispanic Black,Current,39.3,125,129,129,127.66666666666667
116277,Both interviewed and MEC examined,60,Female,Non-Hispanic Asian,Never,38.6,161,152,158,157
116278,Both interviewed and MEC examined,44,Male,Non-Hispanic White,Former,29.5,120,118,120,119.33333333333333
116280,Both interviewed and MEC examined,69,Female,Non-Hispanic Black,Never,30,138,138,144,140
116283,Both interviewed and MEC examined,52,Male,Other Race - Including Multi-Racial,Former,25.2,113,114,106,111
116284,Both interviewed and MEC examined,32,Male,Non-Hispanic White,Current,33.1,119,124,123,122
116286,Both interviewed and MEC examined,58,Male,Non-Hispanic Black,Current,27.5,119,126,118,121
116287,Both interviewed and MEC examined,47,Female,Non-Hispanic White,Former,24.8,107,104,109,106.66666666666667
116290,Both interviewed and MEC examined,31,Female,Non-Hispanic Black,Never,22.8,127,132,115,124.66666666666667
116291,Both interviewed and MEC examined,48,Female,Non-Hispanic Asian,Never,21.9,114,114,117,115
116292,Both interviewed and MEC examined,50,Male,Other Race - Including Multi-Racial,Current,24.2,128,137,127,130.66666666666666
116293,Both interviewed and MEC examined,43,Female,Other Race - Including Multi-Racial,Never,17.6,99,103,107,103
116294,Both interviewed and MEC examined,29,Female,Non-Hispanic Asian,Never,23.8,119,123,113,118.33333333333333
116295,Both interviewed and MEC examined,78,Female,Non-Hispanic Black,Never,21.1,184,186,180,183.33333333333334
116299,Both interviewed and MEC examined,58,Female,Non-Hispanic Asian,Never,26,130,122,129,127
116300,Both interviewed and MEC examined,34,Male,Non-Hispanic White,Former,23.4,121,118,118,119
116302,Both interviewed and MEC examined,29,Male,Non-Hispanic White,Never,23.9,116,112,111,113
116303,Both interviewed and MEC examined,64,Female,Non-Hispanic White,Never,33.3,105,108,98,103.66666666666667
116304,Both interviewed and MEC examined,30,Female,Non-Hispanic Black,Never,NA,114,112,110,112
116305,Both interviewed and MEC examined,26,Male,Mexican American,Current,19.9,NA,NA,NA,NA
116306,Both interviewed and MEC examined,25,Female,Other Race - Including Multi-Racial,Never,52.5,112,112,107,110.33333333333333
116310,Both interviewed and MEC examined,42,Male,Other Hispanic,Never,29.8,118,109,103,110
116312,Both interviewed and MEC examined,55,Female,Non-Hispanic Asian,Never,31.8,118,117,109,114.66666666666667
116313,Both interviewed and MEC examined,72,Female,Non-Hispanic White,Former,23,93,89,83,88.33333333333333
116314,Both interviewed and MEC examined,35,Female,Non-Hispanic Asian,Never,17,112,112,102,108.66666666666667
116315,Both interviewed and MEC examined,68,Male,Non-Hispanic White,Never,22,NA,NA,NA,NA
116319,Both interviewed and MEC examined,45,Male,Non-Hispanic Black,Current,39,138,129,135,134
116320,Both interviewed and MEC examined,47,Male,Non-Hispanic Black,Never,24.2,145,142,142,143
116322,Both interviewed and MEC examined,59,Female,Other Race - Including Multi-Racial,Never,27.6,160,153,153,155.33333333333334
116325,Both interviewed and MEC examined,62,Male,Non-Hispanic Black,Former,43.3,132,136,136,134.66666666666666
116327,Both interviewed and MEC examined,51,Male,Non-Hispanic Black,Never,26.5,151,149,141,147
116328,Both interviewed and MEC examined,39,Male,Non-Hispanic White,Current,56.1,109,126,127,120.66666666666667
116330,Both interviewed and MEC examined,41,Male,Non-Hispanic White,Former,25.8,118,113,110,113.66666666666667
116333,Both interviewed and MEC examined,36,Female,Non-Hispanic White,Current,44.7,114,111,110,111.66666666666667
116335,Both interviewed and MEC examined,61,Male,Non-Hispanic White,Former,36.9,109,98,91,99.33333333333333
116336,Both interviewed and MEC examined,40,Female,Non-Hispanic White,Current,32,107,104,109,106.66666666666667
116339,Both interviewed and MEC examined,69,Male,Non-Hispanic White,Current,35.4,110,109,113,110.66666666666667
116342,Both interviewed and MEC examined,23,Male,Non-Hispanic Black,Never,17.9,101,107,109,105.66666666666667
116345,Both interviewed and MEC examined,50,Female,Non-Hispanic Asian,Never,25.8,132,130,131,131
116346,Both interviewed and MEC examined,72,Male,Non-Hispanic White,Current,35.2,131,136,129,132
116347,Both interviewed and MEC examined,79,Male,Non-Hispanic White,Former,33.8,136,138,136,136.66666666666666
116348,Both interviewed and MEC examined,47,Female,Non-Hispanic White,Never,27.8,113,117,113,114.33333333333333
116349,Both interviewed and MEC examined,59,Male,Non-Hispanic Black,Never,NA,NA,NA,NA,NA
116351,Both interviewed and MEC examined,63,Female,Non-Hispanic White,Never,38.3,132,142,145,139.66666666666666
116352,Both interviewed and MEC examined,26,Male,Mexican American,Never,22.4,111,112,115,112.66666666666667
116354,Both interviewed and MEC examined,56,Female,Non-Hispanic Black,Never,49.2,149,149,147,148.33333333333334
116355,Both interviewed and MEC examined,42,Female,Mexican American,Never,21.2,105,104,108,105.66666666666667
116357,Both interviewed and MEC examined,55,Female,Mexican American,Never,26.6,NA,NA,NA,NA
116360,Both interviewed and MEC examined,48,Male,Non-Hispanic White,Never,26.4,126,122,120,122.66666666666667
116362,Both interviewed and MEC examined,23,Male,Mexican American,Never,38.2,123,129,118,123.33333333333333
116369,Both interviewed and MEC examined,46,Male,Non-Hispanic Black,Never,50.6,NA,NA,NA,NA
116373,Both interviewed and MEC examined,71,Male,Non-Hispanic Black,Former,21.7,NA,NA,NA,NA
116374,Both interviewed and MEC examined,52,Male,Non-Hispanic Asian,Former,20.8,NA,NA,NA,NA
116375,Both interviewed and MEC examined,54,Male,Non-Hispanic White,Never,31.5,134,138,140,137.33333333333334
116378,Both interviewed and MEC examined,55,Male,Other Hispanic,Former,29.4,119,120,118,119
116380,Both interviewed and MEC examined,57,Male,Non-Hispanic Asian,Never,26.4,108,123,122,117.66666666666667
116381,Both interviewed and MEC examined,59,Male,Non-Hispanic White,Never,26.2,131,127,131,129.66666666666666
116382,Both interviewed and MEC examined,36,Male,Non-Hispanic Asian,Never,28.7,118,114,116,116
116383,Both interviewed and MEC examined,67,Female,Other Hispanic,Former,31.9,163,162,159,161.33333333333334
116384,Both interviewed and MEC examined,61,Female,Other Hispanic,Never,29.9,NA,NA,NA,NA
116385,Both interviewed and MEC examined,60,Female,Non-Hispanic Black,Never,50.1,118,115,119,117.33333333333333
116387,Both interviewed and MEC examined,56,Female,Non-Hispanic Black,Current,37,149,146,159,151.33333333333334
116389,Both interviewed and MEC examined,75,Female,Non-Hispanic White,Never,48.7,147,154,146,149
116397,Both interviewed and MEC examined,74,Female,Non-Hispanic White,Never,17.5,126,129,134,129.66666666666666
116398,Both interviewed and MEC examined,28,Female,Other Hispanic,Former,22.6,100,99,103,100.66666666666667
116404,Both interviewed and MEC examined,70,Female,Other Hispanic,Never,24.7,124,127,128,126.33333333333333
116405,Both interviewed and MEC examined,66,Female,Other Race - Including Multi-Racial,Never,31,103,104,104,103.66666666666667
116406,Both interviewed and MEC examined,60,Male,Non-Hispanic Black,Never,29.2,156,155,155,155.33333333333334
116407,Both interviewed and MEC examined,49,Female,Non-Hispanic Black,Never,39,106,107,105,106
116415,Both interviewed and MEC examined,50,Female,Non-Hispanic Asian,Never,29.7,114,116,113,114.33333333333333
116416,Both interviewed and MEC examined,32,Female,Non-Hispanic White,Never,27.7,NA,NA,NA,NA
116417,Both interviewed and MEC examined,27,Female,Mexican American,Never,32.8,101,97,99,99
116420,Both interviewed and MEC examined,25,Male,Non-Hispanic White,Former,38.7,124,126,124,124.66666666666667
116421,Both interviewed and MEC examined,69,Male,Non-Hispanic Black,Current,26.8,142,136,133,137
116423,Both interviewed and MEC examined,65,Female,Non-Hispanic Black,Former,27.7,139,143,142,141.33333333333334
116424,Both interviewed and MEC examined,37,Male,Other Hispanic,Current,23.1,127,127,125,126.33333333333333
116426,Both interviewed and MEC examined,43,Female,Non-Hispanic Black,Current,38.5,128,126,120,124.66666666666667
116428,Both interviewed and MEC examined,47,Male,Non-Hispanic White,Never,28.6,121,115,118,118
116430,Both interviewed and MEC examined,53,Male,Non-Hispanic White,Former,24.6,143,138,141,140.66666666666666
116433,Both interviewed and MEC examined,28,Female,Mexican American,Former,19,110,107,112,109.66666666666667
116434,Both interviewed and MEC examined,30,Female,Other Race - Including Multi-Racial,Former,23.8,122,116,124,120.66666666666667
116435,Both interviewed and MEC examined,51,Female,Non-Hispanic Asian,Never,28.9,121,121,121,121
116437,Both interviewed and MEC examined,71,Male,Other Hispanic,Former,42.4,129,133,124,128.66666666666666
116441,Both interviewed and MEC examined,68,Male,Non-Hispanic Asian,Never,25.2,141,136,136,137.66666666666666
116442,Both interviewed and MEC examined,74,Male,Non-Hispanic White,Former,34.9,NA,NA,NA,NA
116444,Both interviewed and MEC examined,62,Female,Mexican American,Never,27.1,120,121,120,120.33333333333333
116447,Both interviewed and MEC examined,75,Male,Non-Hispanic White,Never,30.4,135,130,129,131.33333333333334
116448,Both interviewed and MEC examined,21,Female,Non-Hispanic Black,Never,21.9,102,109,107,106
116449,Both interviewed and MEC examined,65,Female,Other Hispanic,Never,29.7,187,186,197,190
116450,Both interviewed and MEC examined,24,Female,Non-Hispanic White,Current,26.2,NA,NA,NA,NA
116451,Both interviewed and MEC examined,36,Female,Mexican American,Former,25.8,109,107,108,108
116453,Both interviewed and MEC examined,31,Female,Other Race - Including Multi-Racial,Current,41.7,111,108,110,109.66666666666667
116454,Both interviewed and MEC examined,31,Female,Non-Hispanic Black,Former,29.5,110,112,115,112.33333333333333
116455,Both interviewed and MEC examined,56,Female,Non-Hispanic Asian,Never,21,99,123,120,114
116456,Both interviewed and MEC examined,73,Male,Non-Hispanic White,Never,25.9,130,124,128,127.33333333333333
116457,Both interviewed and MEC examined,75,Female,Non-Hispanic Black,Never,27.9,157,160,156,157.66666666666666
116459,Both interviewed and MEC examined,69,Male,Other Race - Including Multi-Racial,Former,27.2,122,118,120,120
116460,Both interviewed and MEC examined,33,Male,Non-Hispanic Asian,Never,26.5,NA,NA,NA,NA
116463,Both interviewed and MEC examined,59,Male,Non-Hispanic Black,Current,24.9,115,117,120,117.33333333333333
116464,Both interviewed and MEC examined,48,Male,Non-Hispanic Asian,Never,24.7,136,132,141,136.33333333333334
116467,Both interviewed and MEC examined,55,Male,Mexican American,Never,26.1,NA,NA,NA,NA
116468,Both interviewed and MEC examined,74,Male,Non-Hispanic White,Former,30.7,NA,NA,NA,NA
116472,Both interviewed and MEC examined,64,Female,Other Hispanic,Never,37.8,135,124,125,128
116474,Both interviewed and MEC examined,72,Male,Non-Hispanic Asian,Former,21.9,135,135,131,133.66666666666666
116475,Both interviewed and MEC examined,33,Male,Non-Hispanic Asian,Never,22.3,131,130,131,130.66666666666666
116480,Both interviewed and MEC examined,43,Male,Non-Hispanic White,Former,NA,135,135,132,134
116483,Both interviewed and MEC examined,69,Female,Non-Hispanic White,Former,21.9,NA,NA,NA,NA
116484,Both interviewed and MEC examined,71,Male,Non-Hispanic White,Former,24.9,145,141,151,145.66666666666666
116485,Both interviewed and MEC examined,50,Male,Other Hispanic,Never,26.2,132,132,132,132
116486,Both interviewed and MEC examined,66,Male,Non-Hispanic Black,Current,20.2,141,151,156,149.33333333333334
116487,Both interviewed and MEC examined,48,Male,Other Race - Including Multi-Racial,Current,32.6,113,113,111,112.33333333333333
116488,Both interviewed and MEC examined,72,Male,Non-Hispanic White,Former,34.7,126,134,115,125
116489,Both interviewed and MEC examined,49,Female,Non-Hispanic White,Current,23.9,NA,NA,NA,NA
116490,Both interviewed and MEC examined,36,Female,Non-Hispanic White,Never,63.4,103,102,102,102.33333333333333
116493,Both interviewed and MEC examined,67,Male,Non-Hispanic Black,Never,28.1,133,130,130,131
116495,Both interviewed and MEC examined,55,Female,Non-Hispanic White,Never,35.1,110,102,97,103
116499,Both interviewed and MEC examined,53,Female,Other Hispanic,Never,38.5,145,152,147,148
116500,Both interviewed and MEC examined,50,Male,Other Hispanic,Former,38.9,103,106,97,102
116502,Both interviewed and MEC examined,70,Female,Non-Hispanic White,Current,25.6,149,147,159,151.66666666666666
116503,Both interviewed and MEC examined,69,Male,Non-Hispanic Asian,Former,25.2,151,153,148,150.66666666666666
116506,Both interviewed and MEC examined,43,Male,Mexican American,Current,66.5,117,110,109,112
116507,Both interviewed and MEC examined,53,Female,Other Hispanic,Never,20.4,150,148,142,146.66666666666666
116508,Both interviewed and MEC examined,37,Female,Non-Hispanic Asian,Never,19.6,120,120,128,122.66666666666667
116509,Both interviewed and MEC examined,49,Male,Non-Hispanic Black,Never,26.1,NA,NA,NA,NA
116510,Both interviewed and MEC examined,55,Female,Non-Hispanic White,Never,40.2,112,99,106,105.66666666666667
116511,Both interviewed and MEC examined,58,Female,Non-Hispanic White,Current,22.2,135,130,132,132.33333333333334
116518,Both interviewed and MEC examined,21,Male,Non-Hispanic Black,Never,35.1,107,111,112,110
116520,Both interviewed and MEC examined,45,Female,Non-Hispanic Black,Never,41.6,128,135,127,130
116522,Both interviewed and MEC examined,59,Male,Other Hispanic,Never,31.2,132,129,115,125.33333333333333
116526,Both interviewed and MEC examined,56,Male,Non-Hispanic Asian,Never,41.7,151,150,145,148.66666666666666
116528,Both interviewed and MEC examined,42,Female,Other Hispanic,Never,21,90,93,90,91
116531,Both interviewed and MEC examined,63,Male,Non-Hispanic Black,Former,25.3,123,119,NA,121
116532,Both interviewed and MEC examined,29,Female,Non-Hispanic White,Current,23.9,96,101,100,99
116533,Both interviewed and MEC examined,50,Female,Non-Hispanic White,Never,27.7,116,118,109,114.33333333333333
116535,Both interviewed and MEC examined,32,Female,Non-Hispanic White,Never,18.3,98,98,102,99.33333333333333
116537,Both interviewed and MEC examined,23,Male,Non-Hispanic White,Never,28.7,126,113,136,125
116542,Both interviewed and MEC examined,64,Male,Mexican American,Never,27.9,129,133,129,130.33333333333334
116546,Both interviewed and MEC examined,21,Male,Non-Hispanic Black,Former,18.8,114,113,118,115
116547,Both interviewed and MEC examined,59,Female,Non-Hispanic White,Never,23.4,107,110,112,109.66666666666667
116551,Both interviewed and MEC examined,38,Female,Non-Hispanic White,Former,34.4,120,115,116,117
116555,Both interviewed and MEC examined,62,Male,Mexican American,Current,28.6,126,139,131,132
116556,Both interviewed and MEC examined,63,Female,Non-Hispanic Black,Never,26.1,124,122,126,124
116557,Both interviewed and MEC examined,35,Male,Other Hispanic,Never,32.8,119,110,126,118.33333333333333
116560,Both interviewed and MEC examined,39,Male,Non-Hispanic Asian,Never,22.7,164,170,174,169.33333333333334
116561,Both interviewed and MEC examined,33,Male,Non-Hispanic Asian,Never,25.1,122,123,122,122.33333333333333
116562,Both interviewed and MEC examined,69,Male,Mexican American,Former,28.8,125,126,130,127
116563,Both interviewed and MEC examined,29,Male,Non-Hispanic White,Current,20.9,104,105,104,104.33333333333333
116564,Both interviewed and MEC examined,58,Male,Non-Hispanic White,Current,28.9,136,132,135,134.33333333333334
116565,Both interviewed and MEC examined,75,Female,Non-Hispanic White,Never,30.2,112,116,118,115.33333333333333
116569,Both interviewed and MEC examined,63,Male,Non-Hispanic White,Former,28.5,120,123,135,126
116572,Both interviewed and MEC examined,63,Male,Non-Hispanic Asian,Former,18.6,134,137,135,135.33333333333334
116574,Both interviewed and MEC examined,73,Female,Non-Hispanic White,Current,33.2,122,120,116,119.33333333333333
116582,Both interviewed and MEC examined,63,Male,Non-Hispanic Black,Current,22.1,135,131,136,134
116583,Both interviewed and MEC examined,24,Male,Non-Hispanic Black,Never,20.8,116,115,117,116
116584,Both interviewed and MEC examined,70,Male,Non-Hispanic White,Never,30.2,144,141,145,143.33333333333334
116587,Both interviewed and MEC examined,57,Male,Non-Hispanic Black,Former,35.6,168,170,162,166.66666666666666
116588,Both interviewed and MEC examined,56,Male,Mexican American,Former,29.7,NA,NA,NA,NA
116589,Both interviewed and MEC examined,70,Male,Non-Hispanic White,Former,29.4,133,134,141,136
116595,Both interviewed and MEC examined,26,Female,Mexican American,Never,18.7,110,113,113,112
116596,Both interviewed and MEC examined,52,Male,Non-Hispanic White,Never,30.6,148,136,146,143.33333333333334
116598,Both interviewed and MEC examined,49,Male,Mexican American,Never,39.3,130,127,137,131.33333333333334
116600,Both interviewed and MEC examined,62,Male,Non-Hispanic Black,Current,23.8,151,148,152,150.33333333333334
116601,Both interviewed and MEC examined,63,Male,Non-Hispanic Asian,Current,23.4,NA,NA,NA,NA
116602,Both interviewed and MEC examined,21,Male,Non-Hispanic Asian,Never,29.1,NA,NA,NA,NA
116605,Both interviewed and MEC examined,59,Female,Non-Hispanic Black,Former,40.4,140,137,142,139.66666666666666
116607,Both interviewed and MEC examined,69,Female,Non-Hispanic White,Never,28.5,126,130,126,127.33333333333333
116608,Both interviewed and MEC examined,74,Female,Non-Hispanic White,Never,31.7,129,125,129,127.66666666666667
116609,Both interviewed and MEC examined,43,Male,Mexican American,Never,26.7,113,113,112,112.66666666666667
116610,Both interviewed and MEC examined,55,Female,Non-Hispanic Asian,Never,27.3,119,122,124,121.66666666666667
116613,Both interviewed and MEC examined,26,Male,Non-Hispanic Asian,Current,28.8,100,98,98,98.66666666666667
116614,Both interviewed and MEC examined,22,Male,Non-Hispanic Asian,Never,19.3,108,109,110,109
116615,Both interviewed and MEC examined,34,Female,Non-Hispanic Black,Current,29.6,NA,NA,NA,NA
116616,Both interviewed and MEC examined,52,Male,Non-Hispanic Black,Never,27.8,130,119,124,124.33333333333333
116617,Both interviewed and MEC examined,64,Male,Other Hispanic,Former,24.3,126,126,123,125
116622,Both interviewed and MEC examined,70,Male,Non-Hispanic White,Former,21,166,165,175,168.66666666666666
116623,Both interviewed and MEC examined,65,Female,Other Hispanic,Never,35.5,156,145,140,147
116627,Both interviewed and MEC examined,31,Male,Mexican American,Current,37.2,123,113,117,117.66666666666667
116628,Both interviewed and MEC examined,74,Male,Other Hispanic,Never,26.8,94,93,91,92.66666666666667
116629,Both interviewed and MEC examined,30,Female,Non-Hispanic White,Former,23.5,108,111,110,109.66666666666667
116631,Both interviewed and MEC examined,35,Male,Non-Hispanic White,Never,26.3,120,118,119,119
116633,Both interviewed and MEC examined,42,Female,Non-Hispanic White,Never,23.7,128,126,112,122
116635,Both interviewed and MEC examined,47,Female,Other Hispanic,Never,26.8,144,143,145,144
116637,Both interviewed and MEC examined,30,Female,Other Hispanic,Never,21,110,112,113,111.66666666666667
116642,Both interviewed and MEC examined,73,Female,Non-Hispanic White,Never,25.7,158,159,161,159.33333333333334
116643,Both interviewed and MEC examined,41,Male,Non-Hispanic Black,Former,31.9,123,118,121,120.66666666666667
116646,Both interviewed and MEC examined,60,Female,Other Hispanic,Never,26.2,115,122,118,118.33333333333333
116649,Both interviewed and MEC examined,56,Female,Non-Hispanic Asian,Never,24.3,142,144,127,137.66666666666666
116650,Both interviewed and MEC examined,58,Female,Non-Hispanic Asian,Never,23.1,112,122,119,117.66666666666667
116652,Both interviewed and MEC examined,53,Female,Other Hispanic,Former,35,88,97,90,91.66666666666667
116653,Both interviewed and MEC examined,33,Female,Non-Hispanic Asian,Former,26.1,103,105,103,103.66666666666667
116654,Both interviewed and MEC examined,50,Female,Non-Hispanic White,Former,36.9,116,115,118,116.33333333333333
116655,Both interviewed and MEC examined,41,Male,Non-Hispanic Black,Never,28.2,134,134,129,132.33333333333334
116656,Both interviewed and MEC examined,40,Male,Non-Hispanic White,Never,29.4,117,122,118,119
116657,Both interviewed and MEC examined,49,Female,Non-Hispanic White,Never,24.5,132,135,138,135
116660,Both interviewed and MEC examined,63,Female,Non-Hispanic White,Former,22.6,111,110,118,113
116662,Both interviewed and MEC examined,69,Female,Non-Hispanic Black,Never,36.2,127,121,117,121.66666666666667
116666,Both interviewed and MEC examined,60,Male,Non-Hispanic Black,Never,50.3,134,130,133,132.33333333333334
116667,Both interviewed and MEC examined,62,Male,Mexican American,Never,19.5,131,134,142,135.66666666666666
116668,Both interviewed and MEC examined,22,Male,Other Hispanic,Current,33,127,116,120,121
116672,Both interviewed and MEC examined,30,Female,Mexican American,Never,35.5,NA,NA,NA,NA
116673,Both interviewed and MEC examined,49,Female,Non-Hispanic White,Current,35.7,100,101,109,103.33333333333333
116675,Both interviewed and MEC examined,42,Female,Non-Hispanic Black,Never,61.2,122,119,125,122
116676,Both interviewed and MEC examined,50,Female,Non-Hispanic Black,Never,78.6,110,72,103,95
116677,Both interviewed and MEC examined,50,Male,Mexican American,Former,26,105,108,110,107.66666666666667
116680,Both interviewed and MEC examined,46,Female,Mexican American,Never,30.2,127,125,128,126.66666666666667
116684,Both interviewed and MEC examined,21,Male,Non-Hispanic White,Never,32,109,105,103,105.66666666666667
116687,Both interviewed and MEC examined,29,Female,Non-Hispanic Black,Never,36.2,127,134,130,130.33333333333334
116691,Both interviewed and MEC examined,53,Female,Other Hispanic,Never,28.8,NA,NA,NA,NA
116693,Both interviewed and MEC examined,72,Male,Non-Hispanic Black,Never,28.2,141,141,137,139.66666666666666
116694,Both interviewed and MEC examined,57,Female,Non-Hispanic White,Former,27.7,154,164,145,154.33333333333334
116696,Both interviewed and MEC examined,48,Female,Non-Hispanic White,Never,42,138,134,138,136.66666666666666
116698,Both interviewed and MEC examined,49,Female,Non-Hispanic Asian,Never,34,108,113,113,111.33333333333333
116699,Both interviewed and MEC examined,51,Male,Other Hispanic,Current,25.6,138,134,124,132
116700,Both interviewed and MEC examined,24,Female,Non-Hispanic White,Never,35.8,102,100,102,101.33333333333333
116703,Both interviewed and MEC examined,42,Female,Non-Hispanic Black,Never,33,126,122,132,126.66666666666667
116704,Both interviewed and MEC examined,29,Female,Non-Hispanic White,Never,27,131,129,129,129.66666666666666
116705,Both interviewed and MEC examined,21,Male,Non-Hispanic White,Never,23.6,116,113,124,117.66666666666667
116706,Both interviewed and MEC examined,42,Female,Mexican American,Never,37.2,108,106,108,107.33333333333333
116707,Both interviewed and MEC examined,65,Female,Non-Hispanic Black,Current,32.2,NA,NA,NA,NA
116709,Both interviewed and MEC examined,74,Female,Non-Hispanic White,Never,31,104,114,118,112
116710,Both interviewed and MEC examined,67,Male,Non-Hispanic White,Former,35.3,180,184,146,170
116713,Both interviewed and MEC examined,47,Female,Non-Hispanic Asian,Never,27.5,100,104,106,103.33333333333333
116716,Both interviewed and MEC examined,38,Male,Mexican American,Current,28.3,124,120,117,120.33333333333333
116720,Both interviewed and MEC examined,33,Female,Non-Hispanic White,Current,17,102,100,100,100.66666666666667
116721,Both interviewed and MEC examined,35,Female,Mexican American,Former,26.9,107,98,103,102.66666666666667
116724,Both interviewed and MEC examined,43,Female,Mexican American,Never,42.8,129,123,121,124.33333333333333
116725,Both interviewed and MEC examined,24,Male,Non-Hispanic Black,Former,34.2,116,119,119,118
116727,Both interviewed and MEC examined,31,Female,Non-Hispanic Black,Current,26.6,159,142,NA,150.5
116728,Both interviewed and MEC examined,59,Female,Non-Hispanic Asian,Never,25.5,NA,NA,NA,NA
116730,Both interviewed and MEC examined,64,Male,Non-Hispanic White,Former,28.5,158,148,139,148.33333333333334
116732,Both interviewed and MEC examined,60,Male,Non-Hispanic White,Current,NA,NA,NA,NA,NA
116733,Both interviewed and MEC examined,46,Male,Non-Hispanic Black,Never,25.2,113,112,110,111.66666666666667
116734,Both interviewed and MEC examined,56,Female,Other Hispanic,Never,33.3,112,107,113,110.66666666666667
116739,Both interviewed and MEC examined,69,Female,Non-Hispanic Asian,Never,20.9,134,127,125,128.66666666666666
116741,Both interviewed and MEC examined,22,Male,Non-Hispanic Black,Current,41,123,120,117,120
116744,Both interviewed and MEC examined,24,Female,Non-Hispanic Black,Never,18,105,104,95,101.33333333333333
116745,Both interviewed and MEC examined,46,Male,Non-Hispanic White,Current,30.6,107,108,112,109
116746,Both interviewed and MEC examined,67,Male,Mexican American,Never,29.5,140,133,131,134.66666666666666
116747,Both interviewed and MEC examined,59,Female,Non-Hispanic White,Former,23.1,115,118,116,116.33333333333333
116750,Both interviewed and MEC examined,39,Female,Non-Hispanic White,Never,24.2,127,138,123,129.33333333333334
116752,Both interviewed and MEC examined,55,Female,Non-Hispanic Black,Never,34.7,122,114,113,116.33333333333333
116756,Both interviewed and MEC examined,34,Male,Non-Hispanic Black,Never,45.4,110,111,121,114
116757,Both interviewed and MEC examined,50,Male,Mexican American,Never,38.2,139,122,129,130
116760,Both interviewed and MEC examined,55,Female,Non-Hispanic Asian,Never,24.2,128,126,123,125.66666666666667
116761,Both interviewed and MEC examined,30,Female,Non-Hispanic Black,Never,28.1,109,112,114,111.66666666666667
116762,Both interviewed and MEC examined,61,Female,Non-Hispanic Black,Never,43.4,143,133,147,141
116764,Both interviewed and MEC examined,69,Female,Non-Hispanic Black,Former,34.9,128,128,125,127
116766,Both interviewed and MEC examined,51,Female,Non-Hispanic Black,Current,31.4,117,108,110,111.66666666666667
116767,Both interviewed and MEC examined,26,Male,Non-Hispanic White,Former,23.8,114,114,116,114.66666666666667
116768,Both interviewed and MEC examined,22,Female,Mexican American,Never,19.8,99,100,102,100.33333333333333
116769,Both interviewed and MEC examined,40,Female,Mexican American,Never,26.7,92,86,90,89.33333333333333
116770,Both interviewed and MEC examined,69,Female,Mexican American,Never,35.2,109,126,115,116.66666666666667
116773,Both interviewed and MEC examined,52,Male,Non-Hispanic White,Current,29.9,NA,NA,NA,NA
116776,Both interviewed and MEC examined,52,Male,Non-Hispanic White,Never,30.3,139,132,135,135.33333333333334
116780,Both interviewed and MEC examined,52,Male,Other Hispanic,Current,27.9,121,120,127,122.66666666666667
116782,Both interviewed and MEC examined,28,Female,Non-Hispanic Asian,Never,28.2,105,98,96,99.66666666666667
116783,Both interviewed and MEC examined,65,Male,Other Hispanic,Current,21.8,154,154,161,156.33333333333334
116784,Both interviewed and MEC examined,54,Male,Other Hispanic,Never,29.5,145,136,143,141.33333333333334
116785,Both interviewed and MEC examined,49,Male,Non-Hispanic Black,Current,23.8,128,125,129,127.33333333333333
116786,Both interviewed and MEC examined,55,Male,Other Race - Including Multi-Racial,Never,27.9,127,126,129,127.33333333333333
116791,Both interviewed and MEC examined,62,Female,Non-Hispanic Black,Never,34.5,127,120,118,121.66666666666667
116793,Both interviewed and MEC examined,76,Female,Non-Hispanic Black,Former,33.4,92,98,NA,95
116794,Both interviewed and MEC examined,65,Male,Mexican American,Never,34.1,149,147,143,146.33333333333334
116796,Both interviewed and MEC examined,31,Female,Non-Hispanic White,Former,20.2,NA,NA,NA,NA
116799,Both interviewed and MEC examined,57,Female,Non-Hispanic White,Never,44.3,138,141,142,140.33333333333334
116802,Both interviewed and MEC examined,59,Female,Non-Hispanic White,Current,25.4,122,122,122,122
116805,Both interviewed and MEC examined,70,Female,Non-Hispanic White,Never,56.3,96,108,112,105.33333333333333
116806,Both interviewed and MEC examined,49,Female,Non-Hispanic Black,Never,34.8,110,107,104,107
116807,Both interviewed and MEC examined,78,Male,Non-Hispanic White,Former,23.8,195,180,192,189
116808,Both interviewed and MEC examined,33,Female,Non-Hispanic Black,Never,29,128,125,124,125.66666666666667
116810,Both interviewed and MEC examined,24,Male,Non-Hispanic Asian,Never,23.2,125,119,118,120.66666666666667
116812,Both interviewed and MEC examined,27,Female,Non-Hispanic White,Never,25.2,110,108,112,110
116813,Both interviewed and MEC examined,21,Male,Mexican American,Never,26.5,116,129,112,119
116814,Both interviewed and MEC examined,48,Female,Non-Hispanic White,Never,36,176,183,170,176.33333333333334
116816,Both interviewed and MEC examined,76,Male,Non-Hispanic Black,Never,24.8,119,118,116,117.66666666666667
116819,Both interviewed and MEC examined,51,Male,Non-Hispanic White,Never,32.2,131,125,127,127.66666666666667
116820,Both interviewed and MEC examined,40,Female,Non-Hispanic Asian,Never,28.5,112,114,115,113.66666666666667
116823,Both interviewed and MEC examined,79,Female,Non-Hispanic Asian,Never,23.8,127,121,126,124.66666666666667
116826,Both interviewed and MEC examined,46,Male,Non-Hispanic Black,Former,23.9,132,126,125,127.66666666666667
116828,Both interviewed and MEC examined,24,Male,Other Race - Including Multi-Racial,Never,35.2,126,127,133,128.66666666666666
116829,Both interviewed and MEC examined,25,Male,Non-Hispanic Black,Former,27.1,122,128,126,125.33333333333333
116831,Both interviewed and MEC examined,67,Female,Non-Hispanic Asian,Never,26.4,163,162,163,162.66666666666666
116833,Both interviewed and MEC examined,30,Female,Mexican American,Former,26.1,113,111,113,112.33333333333333
116834,Both interviewed and MEC examined,30,Male,Non-Hispanic Black,Never,34.2,119,119,119,119
116836,Both interviewed and MEC examined,48,Female,Non-Hispanic Black,Never,45.1,106,106,110,107.33333333333333
116841,Both interviewed and MEC examined,26,Female,Mexican American,Never,18.7,NA,NA,NA,NA
116843,Both interviewed and MEC examined,35,Female,Other Hispanic,Never,24.4,108,109,112,109.66666666666667
116844,Both interviewed and MEC examined,27,Female,Non-Hispanic Asian,Never,21.6,92,95,97,94.66666666666667
116846,Both interviewed and MEC examined,52,Male,Non-Hispanic Black,Never,29.2,124,122,119,121.66666666666667
116847,Both interviewed and MEC examined,27,Male,Mexican American,Current,33.1,132,128,128,129.33333333333334
116850,Both interviewed and MEC examined,48,Male,Mexican American,Former,30.9,NA,NA,NA,NA
116855,Both interviewed and MEC examined,67,Female,Non-Hispanic Asian,Never,34,150,152,150,150.66666666666666
116856,Both interviewed and MEC examined,45,Male,Non-Hispanic Black,Never,33,136,151,164,150.33333333333334
116857,Both interviewed and MEC examined,70,Female,Non-Hispanic Asian,Never,22,147,148,135,143.33333333333334
116858,Both interviewed and MEC examined,53,Male,Non-Hispanic Black,Current,18,139,131,132,134
116859,Both interviewed and MEC examined,63,Male,Non-Hispanic Black,Current,33.8,141,148,145,144.66666666666666
116861,Both interviewed and MEC examined,44,Female,Other Race - Including Multi-Racial,Current,33.8,144,146,137,142.33333333333334
116862,Both interviewed and MEC examined,49,Female,Non-Hispanic Black,Current,41.1,135,154,145,144.66666666666666
116864,Both interviewed and MEC examined,64,Male,Non-Hispanic Black,Never,36,151,150,150,150.33333333333334
116865,Both interviewed and MEC examined,24,Male,Other Hispanic,Never,28.2,NA,NA,NA,NA
116867,Both interviewed and MEC examined,52,Female,Mexican American,Never,30.9,133,135,135,134.33333333333334
116869,Both interviewed and MEC examined,70,Female,Non-Hispanic White,Former,29.1,133,134,138,135
116871,Both interviewed and MEC examined,56,Female,Non-Hispanic Black,Current,18.6,150,151,150,150.33333333333334
116873,Both interviewed and MEC examined,33,Female,Non-Hispanic Black,Current,25.6,123,124,126,124.33333333333333
116881,Both interviewed and MEC examined,56,Male,Non-Hispanic Asian,Never,21.3,112,112,109,111
116884,Both interviewed and MEC examined,68,Male,Non-Hispanic White,Never,25.6,139,132,137,136
116885,Both interviewed and MEC examined,48,Male,Non-Hispanic White,Never,31.8,125,120,117,120.66666666666667
116886,Both interviewed and MEC examined,44,Female,Non-Hispanic White,Former,23.4,97,100,98,98.33333333333333
116888,Both interviewed and MEC examined,51,Female,Mexican American,Former,21.5,113,112,97,107.33333333333333
116889,Both interviewed and MEC examined,46,Female,Non-Hispanic Black,Never,53.2,119,121,122,120.66666666666667
116890,Both interviewed and MEC examined,41,Female,Non-Hispanic Black,Never,34.7,152,150,146,149.33333333333334
116892,Both interviewed and MEC examined,37,Female,Non-Hispanic White,Current,41.6,107,115,117,113
116893,Both interviewed and MEC examined,22,Male,Other Hispanic,Never,28.9,117,118,117,117.33333333333333
116894,Both interviewed and MEC examined,66,Male,Non-Hispanic Black,Former,36,156,153,174,161
116895,Both interviewed and MEC examined,35,Male,Non-Hispanic White,Never,34.1,111,112,109,110.66666666666667
116896,Both interviewed and MEC examined,51,Female,Mexican American,Never,23.7,109,108,109,108.66666666666667
116898,Both interviewed and MEC examined,61,Female,Non-Hispanic White,Former,31.8,137,131,138,135.33333333333334
116899,Both interviewed and MEC examined,40,Male,Non-Hispanic White,Never,38.4,135,124,135,131.33333333333334
116900,Both interviewed and MEC examined,55,Male,Non-Hispanic Black,Never,35.4,130,126,139,131.66666666666666
116901,Both interviewed and MEC examined,78,Female,Non-Hispanic White,Never,29.6,136,130,124,130
116904,Both interviewed and MEC examined,60,Female,Non-Hispanic Black,Former,36,165,158,157,160
116906,Both interviewed and MEC examined,66,Female,Non-Hispanic Black,Former,31.7,164,165,172,167
116907,Both interviewed and MEC examined,76,Male,Non-Hispanic White,Never,26.6,144,150,152,148.66666666666666
116909,Both interviewed and MEC examined,33,Female,Other Hispanic,Never,32,114,118,105,112.33333333333333
116911,Both interviewed and MEC examined,63,Male,Non-Hispanic Black,Former,31.9,133,125,118,125.33333333333333
116912,Both interviewed and MEC examined,28,Female,Non-Hispanic Asian,Never,22.1,112,106,109,109
116913,Both interviewed and MEC examined,63,Female,Other Hispanic,Never,26.3,133,130,130,131
116914,Both interviewed and MEC examined,44,Female,Non-Hispanic Asian,Never,28.2,150,146,135,143.66666666666666
116915,Both interviewed and MEC examined,72,Female,Non-Hispanic White,Never,31.5,133,136,126,131.66666666666666
116916,Both interviewed and MEC examined,22,Female,Non-Hispanic White,Never,39.6,100,106,113,106.33333333333333
116917,Both interviewed and MEC examined,79,Female,Non-Hispanic White,Former,34.4,102,102,106,103.33333333333333
116920,Both interviewed and MEC examined,70,Female,Non-Hispanic White,Never,42.6,134,142,145,140.33333333333334
116923,Both interviewed and MEC examined,55,Female,Other Race - Including Multi-Racial,Never,30.9,103,107,106,105.33333333333333
116928,Both interviewed and MEC examined,54,Male,Non-Hispanic Black,Never,30.5,139,137,NA,138
116929,Both interviewed and MEC examined,51,Female,Non-Hispanic White,Current,22.6,121,116,110,115.66666666666667
116931,Both interviewed and MEC examined,22,Male,Non-Hispanic Asian,Never,21.6,NA,NA,NA,NA
116940,Both interviewed and MEC examined,22,Male,Non-Hispanic Black,Current,20.2,120,119,121,120
116941,Both interviewed and MEC examined,27,Female,Non-Hispanic Black,Never,27.7,107,116,109,110.66666666666667
116943,Both interviewed and MEC examined,54,Female,Mexican American,Never,NA,NA,NA,NA,NA
116947,Both interviewed and MEC examined,27,Female,Non-Hispanic Black,Never,34.2,107,108,104,106.33333333333333
116952,Both interviewed and MEC examined,60,Female,Non-Hispanic White,Current,24.5,NA,NA,NA,NA
116956,Both interviewed and MEC examined,50,Female,Mexican American,Never,32.4,134,126,130,130
116959,Both interviewed and MEC examined,68,Male,Non-Hispanic Black,Current,34.3,126,130,129,128.33333333333334
116960,Both interviewed and MEC examined,30,Female,Non-Hispanic Black,Never,24,123,122,123,122.66666666666667
116961,Both interviewed and MEC examined,60,Male,Mexican American,Never,29.3,105,110,109,108
116962,Both interviewed and MEC examined,27,Male,Mexican American,Former,35.9,125,125,126,125.33333333333333
116963,Both interviewed and MEC examined,47,Female,Non-Hispanic Black,Former,36.4,144,150,146,146.66666666666666
116966,Both interviewed and MEC examined,51,Male,Non-Hispanic Asian,Former,30.7,124,131,155,136.66666666666666
116967,Both interviewed and MEC examined,21,Male,Mexican American,Current,33,120,119,117,118.66666666666667
116970,Both interviewed and MEC examined,21,Male,Non-Hispanic White,Never,25.5,113,120,118,117
116972,Both interviewed and MEC examined,48,Female,Mexican American,Never,37.4,143,142,136,140.33333333333334
116975,Both interviewed and MEC examined,45,Male,Non-Hispanic White,Never,19.8,108,107,113,109.33333333333333
116976,Both interviewed and MEC examined,65,Male,Non-Hispanic Black,Never,41.4,132,131,130,131
116978,Both interviewed and MEC examined,67,Male,Non-Hispanic White,Former,33.5,138,148,145,143.66666666666666
116979,Both interviewed and MEC examined,28,Male,Non-Hispanic Asian,Current,20.4,111,107,108,108.66666666666667
116980,Both interviewed and MEC examined,61,Female,Non-Hispanic White,Never,20.1,138,148,146,144
116981,Both interviewed and MEC examined,37,Male,Non-Hispanic Black,Current,33.3,103,115,112,110
116984,Both interviewed and MEC examined,56,Female,Non-Hispanic White,Former,41.7,129,126,122,125.66666666666667
116986,Both interviewed and MEC examined,31,Female,Non-Hispanic Asian,Never,29.2,NA,NA,NA,NA
116988,Both interviewed and MEC examined,31,Male,Mexican American,Former,24.3,87,98,103,96
116989,Both interviewed and MEC examined,52,Male,Non-Hispanic White,Never,25,128,137,153,139.33333333333334
116990,Both interviewed and MEC examined,25,Male,Non-Hispanic Black,Current,28.8,135,130,128,131
116991,Both interviewed and MEC examined,55,Male,Other Hispanic,Never,27.2,116,117,115,116
116992,Both interviewed and MEC examined,26,Male,Non-Hispanic Black,Never,22,115,118,115,116
116993,Both interviewed and MEC examined,23,Male,Other Hispanic,Former,36,NA,NA,NA,NA
116994,Both interviewed and MEC examined,77,Male,Non-Hispanic White,Former,25.7,126,128,121,125
116999,Both interviewed and MEC examined,63,Female,Non-Hispanic White,Never,43,142,142,144,142.66666666666666
117000,Both interviewed and MEC examined,64,Male,Non-Hispanic Asian,Current,22.2,118,122,128,122.66666666666667
117002,Both interviewed and MEC examined,34,Male,Non-Hispanic Asian,Never,23.3,110,112,115,112.33333333333333
117004,Both interviewed and MEC examined,49,Male,Non-Hispanic Black,Former,30.5,114,114,110,112.66666666666667
117006,Both interviewed and MEC examined,64,Female,Non-Hispanic Black,Never,39.4,NA,NA,NA,NA
117009,Both interviewed and MEC examined,55,Female,Non-Hispanic Black,Current,50.8,120,118,117,118.33333333333333
117010,Both interviewed and MEC examined,74,Female,Non-Hispanic White,Never,40.6,148,154,160,154
117011,Both interviewed and MEC examined,67,Female,Non-Hispanic Asian,Never,24.3,136,138,145,139.66666666666666
117014,Both interviewed and MEC examined,47,Female,Non-Hispanic White,Current,29.1,119,128,131,126
117015,Both interviewed and MEC examined,57,Male,Other Race - Including Multi-Racial,Current,23.8,162,158,154,158
117016,Both interviewed and MEC examined,21,Male,Mexican American,Never,36.9,NA,NA,NA,NA
117017,Both interviewed and MEC examined,49,Female,Non-Hispanic White,Current,27,119,122,112,117.66666666666667
117019,Both interviewed and MEC examined,71,Male,Other Race - Including Multi-Racial,Former,37.6,175,168,175,172.66666666666666
117020,Both interviewed and MEC examined,50,Female,Other Race - Including Multi-Racial,Never,24.4,111,112,116,113
117021,Both interviewed and MEC examined,28,Male,Mexican American,Former,26.6,NA,NA,NA,NA
117022,Both interviewed and MEC examined,75,Female,Other Hispanic,Never,29.6,158,156,156,156.66666666666666
117023,Both interviewed and MEC examined,71,Female,Non-Hispanic Asian,Never,25.6,NA,NA,NA,NA
117026,Both interviewed and MEC examined,32,Female,Other Hispanic,Current,37.1,109,112,111,110.66666666666667
117028,Both interviewed and MEC examined,59,Female,Non-Hispanic Black,Former,24.1,132,134,130,132
117031,Both interviewed and MEC examined,62,Male,Non-Hispanic Black,Current,24.2,135,137,131,134.33333333333334
117032,Both interviewed and MEC examined,36,Male,Non-Hispanic White,Never,32.8,126,124,127,125.66666666666667
117033,Both interviewed and MEC examined,28,Male,Mexican American,Never,31,124,113,121,119.33333333333333
117036,Both interviewed and MEC examined,70,Male,Non-Hispanic Black,Current,26.5,129,134,130,131
117037,Both interviewed and MEC examined,61,Male,Other Hispanic,Former,25.3,147,141,143,143.66666666666666
117038,Both interviewed and MEC examined,30,Female,Non-Hispanic Black,Never,33.7,109,106,110,108.33333333333333
117039,Both interviewed and MEC examined,25,Male,Mexican American,Never,41.2,123,126,124,124.33333333333333
117040,Both interviewed and MEC examined,35,Female,Non-Hispanic White,Never,37.1,106,108,111,108.33333333333333
117044,Both interviewed and MEC examined,70,Male,Other Hispanic,Never,25.3,127,134,134,131.66666666666666
117045,Both interviewed and MEC examined,57,Female,Non-Hispanic White,Never,32.1,145,154,163,154
117046,Both interviewed and MEC examined,58,Female,Non-Hispanic Asian,Never,25.5,135,128,123,128.66666666666666
117048,Both interviewed and MEC examined,74,Female,Non-Hispanic Black,Current,60.6,NA,NA,NA,NA
117049,Both interviewed and MEC examined,21,Female,Non-Hispanic Black,Never,31.5,96,104,103,101
117053,Both interviewed and MEC examined,22,Male,Non-Hispanic Black,Current,21.1,121,128,127,125.33333333333333
117054,Both interviewed and MEC examined,38,Female,Mexican American,Never,25.7,126,129,124,126.33333333333333
117055,Both interviewed and MEC examined,68,Male,Non-Hispanic Black,Never,29,NA,NA,NA,NA
117058,Both interviewed and MEC examined,60,Female,Other Race - Including Multi-Racial,Never,28.2,106,102,100,102.66666666666667
117059,Both interviewed and MEC examined,39,Male,Non-Hispanic White,Former,25,116,116,127,119.66666666666667
117060,Both interviewed and MEC examined,40,Male,Non-Hispanic Asian,Never,23.4,109,111,114,111.33333333333333
117061,Both interviewed and MEC examined,21,Female,Non-Hispanic White,Never,28.4,103,109,105,105.66666666666667
117062,Both interviewed and MEC examined,43,Female,Non-Hispanic Asian,Never,20.9,122,122,122,122
117063,Both interviewed and MEC examined,28,Male,Other Hispanic,Never,25,114,115,99,109.33333333333333
117064,Both interviewed and MEC examined,61,Female,Non-Hispanic Black,Never,45.8,116,117,117,116.66666666666667
117067,Both interviewed and MEC examined,58,Female,Non-Hispanic Black,Never,29.8,125,138,131,131.33333333333334
117068,Both interviewed and MEC examined,24,Male,Mexican American,Never,29.7,123,121,119,121
117071,Both interviewed and MEC examined,48,Female,Non-Hispanic Asian,Never,22.7,112,114,114,113.33333333333333
117073,Both interviewed and MEC examined,40,Male,Non-Hispanic White,Never,34.5,147,147,138,144
117076,Both interviewed and MEC examined,61,Female,Mexican American,Never,38.1,154,142,153,149.66666666666666
117077,Both interviewed and MEC examined,65,Male,Other Hispanic,Never,36.4,119,124,121,121.33333333333333
117081,Both interviewed and MEC examined,39,Female,Non-Hispanic White,Never,27.4,138,143,170,150.33333333333334
117082,Both interviewed and MEC examined,47,Female,Non-Hispanic Asian,Never,18.2,96,100,94,96.66666666666667
117084,Both interviewed and MEC examined,22,Male,Non-Hispanic Black,Never,NA,NA,NA,NA,NA
117086,Both interviewed and MEC examined,28,Female,Non-Hispanic White,Current,22.5,110,112,110,110.66666666666667
117089,Both interviewed and MEC examined,41,Male,Non-Hispanic Asian,Never,NA,142,142,144,142.66666666666666
117090,Both interviewed and MEC examined,68,Female,Non-Hispanic White,Never,26.9,117,120,128,121.66666666666667
117091,Both interviewed and MEC examined,51,Male,Non-Hispanic Black,Former,26,NA,NA,NA,NA
117092,Both interviewed and MEC examined,69,Female,Non-Hispanic White,Never,36.1,157,158,161,158.66666666666666
117095,Both interviewed and MEC examined,32,Female,Other Hispanic,Current,21,94,92,90,92
117101,Both interviewed and MEC examined,35,Female,Mexican American,Never,36,NA,NA,NA,NA
117102,Both interviewed and MEC examined,31,Female,Non-Hispanic Black,Never,21.6,111,103,106,106.66666666666667
117107,Both interviewed and MEC examined,77,Male,Non-Hispanic White,Former,25,151,156,161,156
117108,Both interviewed and MEC examined,69,Male,Non-Hispanic Asian,Former,24.6,167,169,159,165
117114,Both interviewed and MEC examined,35,Female,Other Hispanic,Current,25.9,103,100,99,100.66666666666667
117116,Both interviewed and MEC examined,21,Female,Mexican American,Current,49.4,102,96,102,100
117117,Both interviewed and MEC examined,68,Female,Non-Hispanic Black,Never,41.9,142,141,143,142
117118,Both interviewed and MEC examined,35,Female,Mexican American,Former,22,111,105,112,109.33333333333333
117120,Both interviewed and MEC examined,59,Male,Non-Hispanic White,Never,29.6,134,132,125,130.33333333333334
117124,Both interviewed and MEC examined,23,Female,Mexican American,Never,30.7,122,116,118,118.66666666666667
117125,Both interviewed and MEC examined,29,Male,Non-Hispanic Asian,Never,17.7,115,107,104,108.66666666666667
117129,Both interviewed and MEC examined,23,Female,Non-Hispanic White,Current,14.8,91,96,89,92
117130,Both interviewed and MEC examined,51,Female,Non-Hispanic Asian,Never,23.8,141,134,135,136.66666666666666
117131,Both interviewed and MEC examined,56,Female,Non-Hispanic Black,Current,29.6,104,105,115,108
117132,Both interviewed and MEC examined,66,Female,Mexican American,Never,30.7,137,136,140,137.66666666666666
117133,Both interviewed and MEC examined,71,Female,Non-Hispanic Asian,Never,25.7,NA,NA,NA,NA
117134,Both interviewed and MEC examined,72,Male,Non-Hispanic White,Current,22.1,123,119,113,118.33333333333333
117136,Both interviewed and MEC examined,55,Female,Non-Hispanic Asian,Never,28.6,99,103,102,101.33333333333333
117138,Both interviewed and MEC examined,57,Female,Non-Hispanic White,Never,47.3,131,129,128,129.33333333333334
117139,Both interviewed and MEC examined,38,Male,Non-Hispanic Black,Never,26.1,116,115,122,117.66666666666667
117145,Both interviewed and MEC examined,67,Female,Other Hispanic,Current,NA,225,208,NA,216.5
117146,Both interviewed and MEC examined,34,Female,Non-Hispanic Black,Never,54.6,106,108,106,106.66666666666667
117147,Both interviewed and MEC examined,49,Female,Non-Hispanic Asian,Never,21.7,129,134,130,131
117150,Both interviewed and MEC examined,64,Male,Non-Hispanic White,Never,31.8,111,110,111,110.66666666666667
117153,Both interviewed and MEC examined,56,Male,Other Race - Including Multi-Racial,Current,21.2,NA,NA,NA,NA
117156,Both interviewed and MEC examined,22,Female,Non-Hispanic Black,Never,32.5,118,118,118,118
117158,Both interviewed and MEC examined,75,Female,Non-Hispanic Black,Current,38.9,120,124,113,119
117159,Both interviewed and MEC examined,31,Female,Non-Hispanic Black,Never,22.8,118,124,126,122.66666666666667
117161,Both interviewed and MEC examined,67,Female,Non-Hispanic White,Never,24.3,102,106,101,103
117164,Both interviewed and MEC examined,58,Female,Mexican American,Never,32.7,NA,NA,NA,NA
117165,Both interviewed and MEC examined,75,Male,Other Race - Including Multi-Racial,Former,40.2,NA,NA,NA,NA
117166,Both interviewed and MEC examined,55,Male,Non-Hispanic White,Current,22.5,129,137,137,134.33333333333334
117168,Both interviewed and MEC examined,44,Female,Other Race - Including Multi-Racial,Never,30.9,135,138,142,138.33333333333334
117169,Both interviewed and MEC examined,77,Female,Non-Hispanic Black,Former,23.7,198,202,219,206.33333333333334
117170,Both interviewed and MEC examined,36,Male,Non-Hispanic White,Never,26.9,121,107,112,113.33333333333333
117171,Both interviewed and MEC examined,68,Male,Other Hispanic,Former,42.4,119,120,110,116.33333333333333
117172,Both interviewed and MEC examined,21,Male,Non-Hispanic White,Never,34.4,110,113,108,110.33333333333333
117173,Both interviewed and MEC examined,67,Male,Non-Hispanic White,Never,38.7,113,115,112,113.33333333333333
117174,Both interviewed and MEC examined,34,Female,Non-Hispanic White,Former,30,116,113,106,111.66666666666667
117178,Both interviewed and MEC examined,25,Female,Mexican American,Never,43.7,93,94,97,94.66666666666667
117180,Both interviewed and MEC examined,29,Male,Non-Hispanic Black,Never,21.3,129,135,127,130.33333333333334
117181,Both interviewed and MEC examined,47,Female,Other Hispanic,Never,23.2,108,108,106,107.33333333333333
117182,Both interviewed and MEC examined,29,Male,Non-Hispanic White,Current,33.8,112,109,113,111.33333333333333
117184,Both interviewed and MEC examined,42,Female,Mexican American,Never,28.7,106,110,105,107
117186,Both interviewed and MEC examined,26,Male,Non-Hispanic Black,Current,22.5,144,138,140,140.66666666666666
117187,Both interviewed and MEC examined,72,Female,Non-Hispanic White,Never,24.7,139,132,139,136.66666666666666
117188,Both interviewed and MEC examined,60,Male,Non-Hispanic White,Never,23,133,128,127,129.33333333333334
117190,Both interviewed and MEC examined,32,Female,Non-Hispanic Asian,Never,19.3,92,94,94,93.33333333333333
117191,Both interviewed and MEC examined,36,Female,Mexican American,Never,31.8,97,101,100,99.33333333333333
117192,Both interviewed and MEC examined,60,Male,Non-Hispanic Black,Never,31.9,131,132,135,132.66666666666666
117193,Both interviewed and MEC examined,69,Female,Non-Hispanic Black,Never,35.5,178,174,168,173.33333333333334
117194,Both interviewed and MEC examined,38,Male,Non-Hispanic Asian,Never,26.8,NA,NA,NA,NA
117195,Both interviewed and MEC examined,26,Female,Mexican American,Never,25.5,100,98,99,99
117198,Both interviewed and MEC examined,36,Male,Non-Hispanic White,Never,27.8,109,110,109,109.33333333333333
117200,Both interviewed and MEC examined,33,Male,Non-Hispanic White,Former,36,121,119,125,121.66666666666667
117203,Both interviewed and MEC examined,65,Male,Non-Hispanic Black,Current,36.7,NA,NA,NA,NA
117204,Both interviewed and MEC examined,72,Female,Non-Hispanic White,Never,28.7,125,124,118,122.33333333333333
117208,Both interviewed and MEC examined,62,Female,Other Hispanic,Former,45,NA,NA,NA,NA
117209,Both interviewed and MEC examined,35,Female,Mexican American,Never,31.2,116,118,118,117.33333333333333
117210,Both interviewed and MEC examined,63,Female,Non-Hispanic Asian,Never,32.7,128,126,121,125
117211,Both interviewed and MEC examined,70,Male,Non-Hispanic Asian,Former,23.9,170,161,160,163.66666666666666
117212,Both interviewed and MEC examined,30,Female,Non-Hispanic White,Current,33.9,110,106,114,110
117215,Both interviewed and MEC examined,32,Male,Mexican American,Never,30.1,129,112,115,118.66666666666667
117216,Both interviewed and MEC examined,23,Female,Non-Hispanic Black,Never,35.6,95,98,95,96
117217,Both interviewed and MEC examined,73,Male,Non-Hispanic White,Former,27.8,168,158,164,163.33333333333334
117219,Both interviewed and MEC examined,61,Female,Mexican American,Never,31.8,143,140,133,138.66666666666666
117221,Both interviewed and MEC examined,65,Female,Non-Hispanic White,Never,35.8,119,116,120,118.33333333333333
117222,Both interviewed and MEC examined,67,Male,Other Race - Including Multi-Racial,Never,21.4,115,114,115,114.66666666666667
117224,Both interviewed and MEC examined,59,Male,Non-Hispanic Black,Former,26.1,118,123,123,121.33333333333333
117226,Both interviewed and MEC examined,64,Female,Mexican American,Former,25.1,120,122,129,123.66666666666667
117230,Both interviewed and MEC examined,65,Female,Other Race - Including Multi-Racial,Current,31.9,NA,NA,NA,NA
117232,Both interviewed and MEC examined,48,Male,Non-Hispanic Asian,Never,26.5,149,147,148,148
117234,Both interviewed and MEC examined,62,Male,Mexican American,Former,24.9,NA,NA,NA,NA
117235,Both interviewed and MEC examined,53,Female,Non-Hispanic Asian,Never,28.3,135,142,138,138.33333333333334
117236,Both interviewed and MEC examined,62,Male,Non-Hispanic White,Current,15.1,180,172,172,174.66666666666666
117238,Both interviewed and MEC examined,53,Male,Non-Hispanic Black,Current,34.1,151,149,150,150
117241,Both interviewed and MEC examined,51,Male,Non-Hispanic Black,Current,33.7,128,121,122,123.66666666666667
117242,Both interviewed and MEC examined,58,Male,Non-Hispanic Black,Current,28.3,122,118,120,120
117243,Both interviewed and MEC examined,59,Female,Non-Hispanic White,Former,21.9,132,128,133,131
117244,Both interviewed and MEC examined,44,Female,Non-Hispanic Asian,Never,28.3,NA,NA,NA,NA
117249,Both interviewed and MEC examined,65,Female,Non-Hispanic White,Former,39.4,100,101,103,101.33333333333333
117250,Both interviewed and MEC examined,62,Female,Non-Hispanic White,Never,36.1,106,105,102,104.33333333333333
117251,Both interviewed and MEC examined,67,Male,Non-Hispanic White,Never,26.3,150,137,140,142.33333333333334
117253,Both interviewed and MEC examined,63,Female,Non-Hispanic Black,Never,37.5,141,145,147,144.33333333333334
117260,Both interviewed and MEC examined,62,Male,Non-Hispanic White,Former,30.4,99,98,100,99
117263,Both interviewed and MEC examined,56,Male,Non-Hispanic Black,Former,32.7,139,132,131,134
117265,Both interviewed and MEC examined,75,Male,Non-Hispanic Black,Never,23.4,137,137,131,135
117266,Both interviewed and MEC examined,79,Female,Non-Hispanic White,Former,20.7,NA,NA,NA,NA
117270,Both interviewed and MEC examined,49,Female,Other Race - Including Multi-Racial,Never,20.1,NA,NA,NA,NA
117273,Both interviewed and MEC examined,65,Female,Non-Hispanic White,Former,20.7,117,122,124,121
117274,Both interviewed and MEC examined,41,Male,Other Hispanic,Current,25.2,140,132,133,135
117275,Both interviewed and MEC examined,63,Male,Non-Hispanic Asian,Never,24.9,130,131,135,132
117276,Both interviewed and MEC examined,61,Female,Other Race - Including Multi-Racial,Never,26.9,NA,NA,NA,NA
117278,Both interviewed and MEC examined,33,Female,Non-Hispanic White,Current,25.7,121,117,117,118.33333333333333
117280,Both interviewed and MEC examined,60,Female,Non-Hispanic Asian,Former,28.3,NA,NA,NA,NA
117282,Both interviewed and MEC examined,41,Female,Mexican American,Current,46.5,103,98,97,99.33333333333333
117283,Both interviewed and MEC examined,57,Male,Other Race - Including Multi-Racial,Current,28.5,118,121,120,119.66666666666667
117285,Both interviewed and MEC examined,28,Male,Non-Hispanic White,Never,23.9,125,125,112,120.66666666666667
117286,Both interviewed and MEC examined,46,Female,Non-Hispanic White,Former,24.9,111,107,108,108.66666666666667
117287,Both interviewed and MEC examined,44,Female,Non-Hispanic Black,Current,31.2,NA,NA,NA,NA
117289,Both interviewed and MEC examined,57,Female,Non-Hispanic Black,Never,26.5,143,153,144,146.66666666666666
117290,Both interviewed and MEC examined,45,Female,Non-Hispanic White,Never,40.6,125,121,125,123.66666666666667
117291,Both interviewed and MEC examined,21,Female,Other Race - Including Multi-Racial,Never,25.4,123,122,123,122.66666666666667
117293,Both interviewed and MEC examined,55,Male,Non-Hispanic White,Never,31.9,109,108,113,110
117294,Both interviewed and MEC examined,55,Male,Non-Hispanic White,Current,26.2,137,135,137,136.33333333333334
117295,Both interviewed and MEC examined,52,Female,Non-Hispanic Black,Former,36.3,108,109,108,108.33333333333333
117297,Both interviewed and MEC examined,52,Female,Mexican American,Former,44.8,135,131,134,133.33333333333334
117298,Both interviewed and MEC examined,58,Female,Non-Hispanic Asian,Never,23.6,NA,NA,NA,NA
117301,Both interviewed and MEC examined,73,Female,Other Hispanic,Never,22.4,141,139,133,137.66666666666666
117302,Both interviewed and MEC examined,63,Male,Non-Hispanic White,Never,23.7,158,164,153,158.33333333333334
117303,Both interviewed and MEC examined,37,Female,Other Hispanic,Never,25.5,NA,NA,NA,NA
117305,Both interviewed and MEC examined,68,Female,Other Race - Including Multi-Racial,Former,36.9,117,123,118,119.33333333333333
117306,Both interviewed and MEC examined,42,Female,Non-Hispanic White,Never,21.3,106,104,111,107
117307,Both interviewed and MEC examined,62,Female,Non-Hispanic White,Never,24.7,109,109,111,109.66666666666667
117308,Both interviewed and MEC examined,36,Female,Non-Hispanic Black,Former,31.6,116,115,127,119.33333333333333
117310,Both interviewed and MEC examined,71,Male,Non-Hispanic White,Former,35.2,145,144,141,143.33333333333334
117312,Both interviewed and MEC examined,78,Female,Other Hispanic,Never,30.1,152,157,147,152
117313,Both interviewed and MEC examined,32,Female,Non-Hispanic White,Former,22.9,108,109,113,110
117314,Both interviewed and MEC examined,61,Male,Other Hispanic,Never,28.9,172,179,180,177
117315,Both interviewed and MEC examined,64,Female,Other Hispanic,Former,29.9,121,124,115,120
117316,Both interviewed and MEC examined,55,Female,Non-Hispanic Black,Never,40.8,110,115,114,113
117319,Both interviewed and MEC examined,56,Female,Non-Hispanic Asian,Never,33.2,NA,NA,NA,NA
117320,Both interviewed and MEC examined,34,Female,Other Hispanic,Never,33.5,119,114,113,115.33333333333333
117321,Both interviewed and MEC examined,70,Female,Non-Hispanic White,Never,35.3,126,126,120,124
117323,Both interviewed and MEC examined,33,Female,Mexican American,Never,NA,NA,NA,NA,NA
117328,Both interviewed and MEC examined,32,Male,Non-Hispanic Black,Never,45.7,130,125,124,126.33333333333333
117331,Both interviewed and MEC examined,57,Male,Non-Hispanic White,Never,44.2,123,121,118,120.66666666666667
117334,Both interviewed and MEC examined,23,Male,Non-Hispanic Black,Never,NA,NA,NA,NA,NA
117335,Both interviewed and MEC examined,66,Male,Non-Hispanic White,Never,32.1,115,115,118,116
117336,Both interviewed and MEC examined,43,Male,Non-Hispanic Black,Never,30.9,122,116,109,115.66666666666667
117351,Both interviewed and MEC examined,32,Female,Non-Hispanic White,Current,29.6,113,119,117,116.33333333333333
117353,Both interviewed and MEC examined,64,Male,Non-Hispanic Black,Never,24.4,134,140,137,137
117357,Both interviewed and MEC examined,22,Female,Non-Hispanic Asian,Never,20.8,92,95,93,93.33333333333333
117358,Both interviewed and MEC examined,36,Male,Non-Hispanic Asian,Never,28.6,130,136,131,132.33333333333334
117359,Both interviewed and MEC examined,59,Male,Non-Hispanic Black,Former,38.2,NA,NA,NA,NA
117363,Both interviewed and MEC examined,70,Female,Non-Hispanic White,Former,50.3,129,130,122,127
117364,Both interviewed and MEC examined,37,Female,Mexican American,Never,24.6,101,102,100,101
117365,Both interviewed and MEC examined,57,Female,Non-Hispanic Black,Never,45.7,112,106,103,107
117368,Both interviewed and MEC examined,35,Male,Non-Hispanic White,Current,27.2,131,132,135,132.66666666666666
117370,Both interviewed and MEC examined,52,Male,Other Race - Including Multi-Racial,Former,23.4,125,126,125,125.33333333333333
117371,Both interviewed and MEC examined,44,Female,Other Hispanic,Current,19.6,131,143,151,141.66666666666666
117374,Both interviewed and MEC examined,57,Female,Non-Hispanic Black,Never,21.2,147,145,148,146.66666666666666
117375,Both interviewed and MEC examined,49,Male,Non-Hispanic White,Former,32.7,NA,NA,NA,NA
117377,Both interviewed and MEC examined,24,Female,Non-Hispanic White,Never,28.6,109,114,107,110
117379,Both interviewed and MEC examined,41,Female,Non-Hispanic Black,Current,31.9,97,93,96,95.33333333333333
117383,Both interviewed and MEC examined,42,Male,Non-Hispanic White,Never,30.4,118,113,117,116
117384,Both interviewed and MEC examined,62,Female,Non-Hispanic Asian,Never,24.4,140,142,128,136.66666666666666
117387,Both interviewed and MEC examined,31,Female,Non-Hispanic White,Never,46,129,127,127,127.66666666666667
117388,Both interviewed and MEC examined,36,Male,Non-Hispanic White,Never,31.1,128,126,123,125.66666666666667
117389,Both interviewed and MEC examined,34,Male,Non-Hispanic White,Current,42.1,130,128,131,129.66666666666666
117394,Both interviewed and MEC examined,24,Female,Non-Hispanic Asian,Never,24.7,101,105,102,102.66666666666667
117395,Both interviewed and MEC examined,73,Female,Other Hispanic,Never,27.3,159,155,157,157
117397,Both interviewed and MEC examined,70,Male,Non-Hispanic Asian,Never,23.7,119,119,112,116.66666666666667
117398,Both interviewed and MEC examined,61,Female,Non-Hispanic White,Former,58.8,140,142,149,143.66666666666666
117400,Both interviewed and MEC examined,60,Male,Other Hispanic,Former,22.5,134,129,122,128.33333333333334
117402,Both interviewed and MEC examined,58,Female,Non-Hispanic Black,Never,34.9,157,160,162,159.66666666666666
117405,Both interviewed and MEC examined,26,Male,Other Race - Including Multi-Racial,Never,30.6,109,106,110,108.33333333333333
117409,Both interviewed and MEC examined,34,Female,Mexican American,Never,29.6,113,108,114,111.66666666666667
117411,Both interviewed and MEC examined,72,Male,Other Hispanic,Former,26.7,142,137,137,138.66666666666666
117412,Both interviewed and MEC examined,35,Male,Non-Hispanic White,Current,24.6,121,124,127,124
117414,Both interviewed and MEC examined,63,Female,Non-Hispanic White,Current,31.6,129,135,133,132.33333333333334
117417,Both interviewed and MEC examined,27,Female,Non-Hispanic Asian,Never,28.2,98,93,93,94.66666666666667
117418,Both interviewed and MEC examined,45,Male,Other Race - Including Multi-Racial,Former,31.3,116,122,127,121.66666666666667
117419,Both interviewed and MEC examined,40,Male,Non-Hispanic Asian,Never,29.5,117,115,116,116
117420,Both interviewed and MEC examined,65,Female,Non-Hispanic Black,Never,28.9,103,103,101,102.33333333333333
117428,Both interviewed and MEC examined,75,Female,Other Hispanic,Former,22.9,146,159,151,152
117429,Both interviewed and MEC examined,41,Female,Non-Hispanic Black,Never,37.5,NA,NA,NA,NA
117431,Both interviewed and MEC examined,53,Female,Non-Hispanic Black,Never,52.4,95,90,95,93.33333333333333
117432,Both interviewed and MEC examined,66,Female,Non-Hispanic Black,Never,25.8,153,150,161,154.66666666666666
117435,Both interviewed and MEC examined,51,Female,Non-Hispanic Black,Never,31.8,129,129,124,127.33333333333333
117436,Both interviewed and MEC examined,76,Male,Mexican American,Former,25.9,124,128,125,125.66666666666667
117437,Both interviewed and MEC examined,55,Male,Other Hispanic,Never,25.3,136,142,142,140
117438,Both interviewed and MEC examined,39,Male,Non-Hispanic White,Former,27.4,119,124,122,121.66666666666667
117439,Both interviewed and MEC examined,79,Female,Other Hispanic,Never,38.8,116,126,120,120.66666666666667
117440,Both interviewed and MEC examined,61,Male,Non-Hispanic Black,Former,22.6,149,148,153,150
117442,Both interviewed and MEC examined,68,Male,Non-Hispanic Asian,Current,29.2,144,147,149,146.66666666666666
117445,Both interviewed and MEC examined,56,Male,Non-Hispanic White,Current,22.8,137,132,129,132.66666666666666
117447,Both interviewed and MEC examined,42,Female,Other Hispanic,Never,28,113,116,112,113.66666666666667
117450,Both interviewed and MEC examined,56,Male,Non-Hispanic White,Former,24.6,152,146,152,150
117453,Both interviewed and MEC examined,46,Female,Mexican American,Current,28,107,107,107,107
117454,Both interviewed and MEC examined,56,Male,Mexican American,Never,26,124,127,121,124
117458,Both interviewed and MEC examined,73,Female,Non-Hispanic White,Never,32.6,129,138,122,129.66666666666666
117460,Both interviewed and MEC examined,60,Male,Non-Hispanic Black,Never,41.3,124,132,134,130
117463,Both interviewed and MEC examined,26,Male,Non-Hispanic Black,Never,37.9,121,128,131,126.66666666666667
117464,Both interviewed and MEC examined,56,Female,Non-Hispanic White,Current,17.9,109,105,113,109
117465,Both interviewed and MEC examined,54,Female,Non-Hispanic Black,Never,22.8,127,132,128,129
117466,Both interviewed and MEC examined,23,Female,Non-Hispanic White,Never,29.9,120,111,111,114
117467,Both interviewed and MEC examined,58,Male,Non-Hispanic White,Current,26,134,127,135,132
117468,Both interviewed and MEC examined,21,Female,Non-Hispanic White,Current,24,104,105,104,104.33333333333333
117470,Both interviewed and MEC examined,23,Male,Other Hispanic,Never,19.5,100,101,102,101
117475,Both interviewed and MEC examined,69,Male,Other Hispanic,Never,38.8,112,103,105,106.66666666666667
117481,Both interviewed and MEC examined,47,Male,Non-Hispanic White,Never,27.7,141,134,145,140
117494,Both interviewed and MEC examined,71,Female,Non-Hispanic Asian,Never,29.9,126,129,129,128
117497,Both interviewed and MEC examined,55,Male,Non-Hispanic White,Never,30.7,117,120,117,118
117498,Both interviewed and MEC examined,68,Female,Non-Hispanic Asian,Former,29.9,137,135,132,134.66666666666666
117499,Both interviewed and MEC examined,38,Female,Other Hispanic,Never,27.1,NA,NA,NA,NA
117500,Both interviewed and MEC examined,22,Male,Non-Hispanic White,Never,31.2,118,121,124,121
117502,Both interviewed and MEC examined,73,Female,Mexican American,Never,31.1,176,NA,NA,176
117504,Both interviewed and MEC examined,49,Female,Non-Hispanic White,Never,32.6,106,106,106,106
117505,Both interviewed and MEC examined,36,Female,Other Race - Including Multi-Racial,Former,37.3,170,172,171,171
117507,Both interviewed and MEC examined,65,Male,Non-Hispanic Black,Current,28.1,118,129,128,125
117509,Both interviewed and MEC examined,26,Female,Mexican American,Never,32.2,101,102,118,107
117510,Both interviewed and MEC examined,51,Female,Non-Hispanic Asian,Former,19.3,140,136,142,139.33333333333334
117511,Both interviewed and MEC examined,53,Female,Non-Hispanic White,Never,22.1,108,108,110,108.66666666666667
117513,Both interviewed and MEC examined,48,Female,Other Hispanic,Never,31,111,111,111,111
117514,Both interviewed and MEC examined,56,Female,Non-Hispanic White,Current,24.8,122,124,124,123.33333333333333
117516,Both interviewed and MEC examined,68,Male,Mexican American,Former,37.7,112,117,118,115.66666666666667
117517,Both interviewed and MEC examined,23,Male,Non-Hispanic Asian,Never,28,108,108,110,108.66666666666667
117518,Both interviewed and MEC examined,50,Male,Non-Hispanic Asian,Never,26.3,NA,NA,NA,NA
117523,Both interviewed and MEC examined,41,Female,Non-Hispanic White,Never,29.1,102,108,108,106
117529,Both interviewed and MEC examined,36,Male,Non-Hispanic Asian,Never,23.5,133,126,128,129
117530,Both interviewed and MEC examined,25,Male,Non-Hispanic Black,Never,21.8,116,121,121,119.33333333333333
117531,Both interviewed and MEC examined,32,Female,Non-Hispanic White,Current,29.1,100,101,100,100.33333333333333
117537,Both interviewed and MEC examined,61,Male,Non-Hispanic Black,Former,31.8,122,129,121,124
117540,Both interviewed and MEC examined,69,Male,Non-Hispanic White,Former,28.2,124,114,113,117
117543,Both interviewed and MEC examined,31,Female,Non-Hispanic White,Never,19.9,108,99,94,100.33333333333333
117546,Both interviewed and MEC examined,75,Male,Other Race - Including Multi-Racial,Never,26.9,149,150,151,150
117549,Both interviewed and MEC examined,29,Male,Non-Hispanic White,Never,29.2,107,103,104,104.66666666666667
117551,Both interviewed and MEC examined,64,Male,Other Hispanic,Never,28.2,118,116,105,113
117554,Both interviewed and MEC examined,75,Female,Non-Hispanic White,Former,27.8,100,106,110,105.33333333333333
117556,Both interviewed and MEC examined,39,Female,Non-Hispanic White,Current,30.8,111,109,113,111
117558,Both interviewed and MEC examined,63,Female,Other Hispanic,Never,34.7,125,122,130,125.66666666666667
117559,Both interviewed and MEC examined,48,Female,Mexican American,Never,29.8,108,106,111,108.33333333333333
117566,Both interviewed and MEC examined,37,Male,Other Hispanic,Never,33.2,136,127,130,131
117570,Both interviewed and MEC examined,47,Male,Non-Hispanic White,Never,26.6,111,112,103,108.66666666666667
117571,Both interviewed and MEC examined,41,Female,Non-Hispanic Black,Never,44.3,110,108,107,108.33333333333333
117573,Both interviewed and MEC examined,45,Male,Non-Hispanic White,Never,31.4,124,120,124,122.66666666666667
117574,Both interviewed and MEC examined,46,Male,Non-Hispanic White,Never,24.3,110,104,108,107.33333333333333
117575,Both interviewed and MEC examined,61,Female,Non-Hispanic White,Current,31.8,122,132,135,129.66666666666666
117577,Both interviewed and MEC examined,43,Male,Non-Hispanic White,Current,19,144,136,146,142
117580,Both interviewed and MEC examined,65,Male,Non-Hispanic Black,Never,30.3,125,121,127,124.33333333333333
117581,Both interviewed and MEC examined,22,Female,Non-Hispanic Asian,Never,20,111,114,113,112.66666666666667
117587,Both interviewed and MEC examined,28,Female,Non-Hispanic Black,Never,25.1,NA,NA,NA,NA
117589,Both interviewed and MEC examined,59,Female,Non-Hispanic White,Current,24.9,146,131,143,140
117592,Both interviewed and MEC examined,31,Male,Non-Hispanic White,Current,26.9,108,112,112,110.66666666666667
117595,Both interviewed and MEC examined,35,Female,Non-Hispanic White,Never,25.8,100,102,102,101.33333333333333
117598,Both interviewed and MEC examined,70,Male,Other Race - Including Multi-Racial,Former,36.9,112,115,111,112.66666666666667
117599,Both interviewed and MEC examined,62,Female,Other Race - Including Multi-Racial,Current,27.4,108,110,114,110.66666666666667
117600,Both interviewed and MEC examined,27,Female,Non-Hispanic Black,Never,31.6,109,110,108,109
117603,Both interviewed and MEC examined,24,Male,Non-Hispanic White,Never,18.9,115,114,117,115.33333333333333
117604,Both interviewed and MEC examined,75,Male,Non-Hispanic White,Never,34.6,141,133,135,136.33333333333334
117605,Both interviewed and MEC examined,32,Female,Non-Hispanic Black,Never,34.5,108,107,108,107.66666666666667
117606,Both interviewed and MEC examined,33,Female,Non-Hispanic Black,Current,33.9,96,99,95,96.66666666666667
117610,Both interviewed and MEC examined,23,Male,Non-Hispanic White,Former,19.6,124,120,122,122
117613,Both interviewed and MEC examined,48,Male,Non-Hispanic Asian,Never,31.2,121,121,112,118
117616,Both interviewed and MEC examined,63,Female,Non-Hispanic White,Current,29.8,106,111,109,108.66666666666667
117617,Both interviewed and MEC examined,46,Male,Other Hispanic,Former,28.7,118,119,118,118.33333333333333
117621,Both interviewed and MEC examined,27,Male,Non-Hispanic Asian,Never,25.4,117,115,111,114.33333333333333
117622,Both interviewed and MEC examined,56,Female,Non-Hispanic Asian,Never,18.1,123,128,124,125
117623,Both interviewed and MEC examined,60,Male,Mexican American,Former,26.7,127,120,128,125
117624,Both interviewed and MEC examined,46,Male,Other Race - Including Multi-Racial,Current,40.5,125,124,126,125
117625,Both interviewed and MEC examined,31,Female,Non-Hispanic White,Current,21.8,94,93,95,94
117627,Both interviewed and MEC examined,23,Male,Mexican American,Never,20,103,105,113,107
117628,Both interviewed and MEC examined,39,Female,Non-Hispanic White,Current,31.1,105,113,101,106.33333333333333
117629,Both interviewed and MEC examined,43,Female,Mexican American,Current,30.7,113,113,112,112.66666666666667
117630,Both interviewed and MEC examined,48,Male,Non-Hispanic Black,Never,28,122,118,119,119.66666666666667
117631,Both interviewed and MEC examined,72,Female,Non-Hispanic White,Never,26.1,152,148,147,149
117632,Both interviewed and MEC examined,36,Male,Mexican American,Current,30.9,140,143,135,139.33333333333334
117633,Both interviewed and MEC examined,53,Female,Mexican American,Never,49.1,141,141,135,139
117635,Both interviewed and MEC examined,65,Female,Non-Hispanic Black,Former,18.2,110,112,113,111.66666666666667
117637,Both interviewed and MEC examined,36,Female,Non-Hispanic White,Never,39.8,104,100,99,101
117638,Both interviewed and MEC examined,76,Female,Non-Hispanic White,Former,35.7,137,126,135,132.66666666666666
117639,Both interviewed and MEC examined,62,Female,Non-Hispanic Black,Current,32,148,152,149,149.66666666666666
117641,Both interviewed and MEC examined,23,Female,Other Hispanic,Never,19.8,113,111,106,110
117643,Both interviewed and MEC examined,61,Female,Mexican American,Never,29.3,125,123,116,121.33333333333333
117644,Both interviewed and MEC examined,30,Female,Non-Hispanic Black,Current,22.1,114,116,115,115
117645,Both interviewed and MEC examined,60,Female,Non-Hispanic Black,Never,44.6,134,137,136,135.66666666666666
117646,Both interviewed and MEC examined,27,Female,Mexican American,Never,27.8,118,119,121,119.33333333333333
117647,Both interviewed and MEC examined,32,Female,Other Hispanic,Never,29,NA,NA,NA,NA
117648,Both interviewed and MEC examined,43,Female,Non-Hispanic Black,Former,64.2,116,118,131,121.66666666666667
117650,Both interviewed and MEC examined,74,Female,Non-Hispanic Asian,Never,23.2,144,150,151,148.33333333333334
117651,Both interviewed and MEC examined,44,Male,Non-Hispanic Black,Never,29,119,120,124,121
117652,Both interviewed and MEC examined,62,Male,Other Hispanic,Former,24.5,130,128,121,126.33333333333333
117653,Both interviewed and MEC examined,52,Male,Non-Hispanic Asian,Never,28.3,143,135,138,138.66666666666666
117654,Both interviewed and MEC examined,68,Male,Non-Hispanic Black,Current,35.4,134,146,144,141.33333333333334
117656,Both interviewed and MEC examined,33,Male,Non-Hispanic White,Never,28.7,126,127,127,126.66666666666667
117657,Both interviewed and MEC examined,55,Female,Non-Hispanic White,Former,22.1,98,98,101,99
117659,Both interviewed and MEC examined,46,Male,Other Race - Including Multi-Racial,Never,22.4,116,116,116,116
117660,Both interviewed and MEC examined,71,Female,Non-Hispanic White,Never,25.8,128,135,131,131.33333333333334
117662,Both interviewed and MEC examined,38,Female,Non-Hispanic Black,Never,31.5,107,109,110,108.66666666666667
117665,Both interviewed and MEC examined,66,Female,Mexican American,Former,30.8,104,106,116,108.66666666666667
117666,Both interviewed and MEC examined,67,Female,Non-Hispanic White,Former,35.5,133,126,121,126.66666666666667
117671,Both interviewed and MEC examined,48,Female,Non-Hispanic Black,Current,54.7,107,102,98,102.33333333333333
117672,Both interviewed and MEC examined,55,Female,Non-Hispanic Black,Never,38.9,125,129,133,129
117676,Both interviewed and MEC examined,45,Female,Non-Hispanic White,Current,41.9,135,139,132,135.33333333333334
117677,Both interviewed and MEC examined,38,Female,Non-Hispanic Black,Never,36.1,112,117,112,113.66666666666667
117678,Both interviewed and MEC examined,76,Male,Non-Hispanic White,Former,28.1,145,140,138,141
117681,Both interviewed and MEC examined,74,Female,Non-Hispanic White,Former,20,129,132,137,132.66666666666666
117682,Both interviewed and MEC examined,78,Female,Non-Hispanic White,Never,28.7,133,131,135,133
117685,Both interviewed and MEC examined,40,Female,Non-Hispanic Black,Never,34.8,NA,NA,NA,NA
117687,Both interviewed and MEC examined,45,Female,Non-Hispanic Asian,Never,33.7,137,142,136,138.33333333333334
117690,Both interviewed and MEC examined,39,Female,Non-Hispanic White,Former,21.4,118,115,115,116
117692,Both interviewed and MEC examined,69,Male,Non-Hispanic Black,Former,29.7,135,136,136,135.66666666666666
117695,Both interviewed and MEC examined,66,Female,Non-Hispanic Black,Never,29,123,116,119,119.33333333333333
117699,Both interviewed and MEC examined,47,Female,Other Hispanic,Never,29.7,116,117,116,116.33333333333333
117700,Both interviewed and MEC examined,68,Male,Non-Hispanic White,Never,36.8,155,174,177,168.66666666666666
117701,Both interviewed and MEC examined,48,Male,Non-Hispanic White,Never,30.3,127,126,122,125
117703,Both interviewed and MEC examined,73,Male,Non-Hispanic White,Never,31.3,120,119,125,121.33333333333333
117704,Both interviewed and MEC examined,57,Female,Non-Hispanic Black,Never,35.5,129,130,128,129
117707,Both interviewed and MEC examined,38,Female,Other Hispanic,Never,25,106,107,106,106.33333333333333
117708,Both interviewed and MEC examined,71,Male,Non-Hispanic White,Never,26.1,150,152,151,151
117710,Both interviewed and MEC examined,47,Male,Non-Hispanic White,Former,36.8,119,114,114,115.66666666666667
117711,Both interviewed and MEC examined,60,Female,Non-Hispanic Asian,Never,29.3,126,124,121,123.66666666666667
117712,Both interviewed and MEC examined,24,Male,Non-Hispanic Black,Current,25.2,100,100,92,97.33333333333333
117714,Both interviewed and MEC examined,51,Female,Mexican American,Never,24.7,NA,NA,NA,NA
117720,Both interviewed and MEC examined,31,Male,Non-Hispanic Black,Current,30.2,118,120,120,119.33333333333333
117725,Both interviewed and MEC examined,28,Female,Non-Hispanic Black,Never,25.2,110,113,111,111.33333333333333
117727,Both interviewed and MEC examined,74,Female,Non-Hispanic White,Former,26.5,126,130,132,129.33333333333334
117728,Both interviewed and MEC examined,72,Male,Non-Hispanic White,Never,40.9,128,123,123,124.66666666666667
117729,Both interviewed and MEC examined,67,Female,Other Hispanic,Never,28.9,126,137,135,132.66666666666666
117730,Both interviewed and MEC examined,45,Female,Mexican American,Never,27.9,124,120,119,121
117732,Both interviewed and MEC examined,53,Female,Non-Hispanic Black,Never,37.4,178,191,187,185.33333333333334
117733,Both interviewed and MEC examined,46,Male,Other Race - Including Multi-Racial,Current,35,121,122,123,122
117734,Both interviewed and MEC examined,67,Male,Non-Hispanic White,Never,34,129,126,126,127
117735,Both interviewed and MEC examined,31,Female,Other Hispanic,Never,23.7,99,101,102,100.66666666666667
117737,Both interviewed and MEC examined,37,Male,Non-Hispanic Asian,Never,25,129,118,127,124.66666666666667
117738,Both interviewed and MEC examined,25,Female,Non-Hispanic White,Former,24.8,106,103,99,102.66666666666667
117745,Both interviewed and MEC examined,35,Male,Mexican American,Current,39.2,112,112,112,112
117746,Both interviewed and MEC examined,66,Male,Non-Hispanic White,Former,22.4,115,119,116,116.66666666666667
117748,Both interviewed and MEC examined,54,Male,Non-Hispanic Black,Current,30,111,114,110,111.66666666666667
117752,Both interviewed and MEC examined,33,Female,Non-Hispanic White,Never,23.9,109,102,107,106
117753,Both interviewed and MEC examined,53,Female,Non-Hispanic Asian,Never,21.5,93,89,90,90.66666666666667
117754,Both interviewed and MEC examined,48,Female,Non-Hispanic Black,Never,25.1,123,124,118,121.66666666666667
117755,Both interviewed and MEC examined,53,Male,Non-Hispanic Black,Never,29.9,143,129,139,137
117767,Both interviewed and MEC examined,66,Male,Non-Hispanic White,Former,26.1,109,111,110,110
117768,Both interviewed and MEC examined,38,Male,Non-Hispanic White,Current,21.7,137,131,130,132.66666666666666
117769,Both interviewed and MEC examined,63,Male,Non-Hispanic Black,Current,32.9,220,212,208,213.33333333333334
117771,Both interviewed and MEC examined,70,Male,Non-Hispanic White,Former,22.8,150,150,148,149.33333333333334
117774,Both interviewed and MEC examined,28,Male,Non-Hispanic White,Never,22.6,113,111,106,110
117775,Both interviewed and MEC examined,49,Male,Non-Hispanic Asian,Former,24.8,121,119,121,120.33333333333333
117777,Both interviewed and MEC examined,41,Female,Other Hispanic,Never,19.6,90,84,85,86.33333333333333
117778,Both interviewed and MEC examined,44,Female,Non-Hispanic White,Former,30,109,101,109,106.33333333333333
117780,Both interviewed and MEC examined,55,Male,Non-Hispanic White,Never,23,129,133,119,127
117785,Both interviewed and MEC examined,39,Female,Other Hispanic,Former,21.9,92,97,92,93.66666666666667
117789,Both interviewed and MEC examined,69,Female,Other Hispanic,Never,NA,167,165,163,165
117792,Both interviewed and MEC examined,60,Female,Non-Hispanic Asian,Never,23.1,142,141,138,140.33333333333334
117795,Both interviewed and MEC examined,31,Female,Other Race - Including Multi-Racial,Current,33.1,105,106,105,105.33333333333333
117798,Both interviewed and MEC examined,33,Male,Non-Hispanic Black,Never,21.4,NA,NA,NA,NA
117800,Both interviewed and MEC examined,65,Female,Non-Hispanic Black,Former,28.8,153,139,142,144.66666666666666
117806,Both interviewed and MEC examined,62,Male,Mexican American,Former,34.7,134,138,133,135
117807,Both interviewed and MEC examined,67,Female,Non-Hispanic White,Former,36.6,142,145,133,140
117810,Both interviewed and MEC examined,27,Male,Non-Hispanic Asian,Never,23.8,118,118,122,119.33333333333333
117811,Both interviewed and MEC examined,35,Female,Other Hispanic,Never,26.5,95,101,97,97.66666666666667
117814,Both interviewed and MEC examined,22,Male,Non-Hispanic White,Never,23,120,115,121,118.66666666666667
117816,Both interviewed and MEC examined,67,Male,Non-Hispanic Black,Current,25.9,141,154,148,147.66666666666666
117817,Both interviewed and MEC examined,54,Female,Other Hispanic,Never,39.3,127,131,128,128.66666666666666
117818,Both interviewed and MEC examined,59,Male,Non-Hispanic White,Former,27.4,100,102,97,99.66666666666667
117822,Both interviewed and MEC examined,53,Male,Mexican American,Never,33.6,140,141,144,141.66666666666666
117824,Both interviewed and MEC examined,38,Female,Other Hispanic,Never,20.4,115,123,117,118.33333333333333
117826,Both interviewed and MEC examined,61,Female,Non-Hispanic Black,Never,32.3,126,126,126,126
117827,Both interviewed and MEC examined,59,Female,Non-Hispanic Asian,Never,23.6,126,130,132,129.33333333333334
117829,Both interviewed and MEC examined,59,Female,Non-Hispanic White,Never,56.1,120,121,117,119.33333333333333
117831,Both interviewed and MEC examined,25,Female,Non-Hispanic Black,Never,25,125,119,123,122.33333333333333
117832,Both interviewed and MEC examined,41,Female,Non-Hispanic White,Never,33,NA,NA,NA,NA
117834,Both interviewed and MEC examined,48,Female,Non-Hispanic Black,Current,22.3,98,100,103,100.33333333333333
117835,Both interviewed and MEC examined,55,Male,Non-Hispanic Black,Current,20.4,139,136,134,136.33333333333334
117838,Both interviewed and MEC examined,34,Male,Non-Hispanic White,Current,26.6,NA,NA,NA,NA
117839,Both interviewed and MEC examined,33,Male,Non-Hispanic White,Current,50,121,130,130,127
117840,Both interviewed and MEC examined,35,Female,Mexican American,Never,25.8,110,110,113,111
117845,Both interviewed and MEC examined,61,Male,Other Hispanic,Former,28.3,108,113,114,111.66666666666667
117847,Both interviewed and MEC examined,46,Male,Other Race - Including Multi-Racial,Never,31.6,137,135,134,135.33333333333334
117849,Both interviewed and MEC examined,51,Female,Non-Hispanic Asian,Never,26.8,101,97,108,102
117850,Both interviewed and MEC examined,40,Female,Other Hispanic,Former,NA,NA,NA,NA,NA
117853,Both interviewed and MEC examined,43,Female,Non-Hispanic Black,Never,25.4,NA,NA,NA,NA
117856,Both interviewed and MEC examined,50,Female,Other Hispanic,Never,15.8,146,142,136,141.33333333333334
117857,Both interviewed and MEC examined,44,Female,Other Hispanic,Never,27.6,110,109,114,111
117858,Both interviewed and MEC examined,60,Female,Non-Hispanic Black,Current,31.5,186,192,184,187.33333333333334
117860,Both interviewed and MEC examined,30,Male,Non-Hispanic Black,Never,NA,NA,NA,NA,NA
117864,Both interviewed and MEC examined,63,Female,Non-Hispanic Black,Current,25.9,NA,NA,NA,NA
117866,Both interviewed and MEC examined,51,Male,Non-Hispanic Asian,Never,30.1,133,128,123,128
117867,Both interviewed and MEC examined,48,Male,Non-Hispanic White,Former,32.8,129,130,132,130.33333333333334
117869,Both interviewed and MEC examined,56,Male,Non-Hispanic Black,Never,33.1,132,128,132,130.66666666666666
117870,Both interviewed and MEC examined,29,Male,Non-Hispanic White,Current,23.7,140,139,140,139.66666666666666
117873,Both interviewed and MEC examined,57,Male,Mexican American,Former,29.1,165,161,160,162
117877,Both interviewed and MEC examined,41,Female,Non-Hispanic Black,Never,27.8,105,113,108,108.66666666666667
117878,Both interviewed and MEC examined,31,Male,Non-Hispanic Asian,Never,NA,NA,NA,NA,NA
117879,Both interviewed and MEC examined,50,Male,Non-Hispanic White,Current,27.9,NA,NA,NA,NA
117881,Both interviewed and MEC examined,46,Male,Non-Hispanic Black,Never,28.9,114,122,123,119.66666666666667
117882,Both interviewed and MEC examined,62,Male,Non-Hispanic White,Never,28.2,124,130,118,124
117884,Both interviewed and MEC examined,66,Female,Other Hispanic,Never,30,151,142,138,143.66666666666666
117885,Both interviewed and MEC examined,41,Female,Mexican American,Never,17.7,113,105,106,108
117886,Both interviewed and MEC examined,71,Female,Non-Hispanic Black,Never,28.9,136,137,137,136.66666666666666
117887,Both interviewed and MEC examined,34,Male,Mexican American,Never,28.7,124,119,122,121.66666666666667
117888,Both interviewed and MEC examined,24,Male,Non-Hispanic Asian,Never,25.2,103,104,101,102.66666666666667
117890,Both interviewed and MEC examined,71,Male,Mexican American,Former,35.9,148,138,135,140.33333333333334
117893,Both interviewed and MEC examined,55,Female,Mexican American,Current,27.6,110,114,112,112
117894,Both interviewed and MEC examined,58,Male,Non-Hispanic Asian,Never,34.2,136,140,134,136.66666666666666
117897,Both interviewed and MEC examined,22,Female,Other Hispanic,Never,21.1,98,97,98,97.66666666666667
117900,Both interviewed and MEC examined,55,Male,Other Hispanic,Never,27.8,108,111,110,109.66666666666667
117901,Both interviewed and MEC examined,27,Male,Mexican American,Never,36.8,NA,NA,NA,NA
117903,Both interviewed and MEC examined,46,Female,Non-Hispanic Asian,Never,35,NA,NA,NA,NA
117907,Both interviewed and MEC examined,21,Female,Other Hispanic,Never,29,103,98,99,100
117912,Both interviewed and MEC examined,64,Female,Other Hispanic,Never,30.6,NA,NA,NA,NA
117913,Both interviewed and MEC examined,57,Female,Non-Hispanic Black,Former,35.8,139,125,136,133.33333333333334
117915,Both interviewed and MEC examined,48,Female,Non-Hispanic Asian,Former,24.4,117,122,117,118.66666666666667
117916,Both interviewed and MEC examined,75,Male,Mexican American,Former,29,124,129,130,127.66666666666667
117917,Both interviewed and MEC examined,68,Female,Other Hispanic,Never,30,NA,NA,NA,NA
117918,Both interviewed and MEC examined,62,Female,Other Race - Including Multi-Racial,Never,36.5,138,135,134,135.66666666666666
117919,Both interviewed and MEC examined,32,Male,Other Hispanic,Current,26.4,114,112,115,113.66666666666667
117922,Both interviewed and MEC examined,31,Male,Other Hispanic,Never,27.7,124,124,118,122
117923,Both interviewed and MEC examined,41,Female,Non-Hispanic White,Former,31.6,153,149,165,155.66666666666666
117925,Both interviewed and MEC examined,35,Male,Other Hispanic,Former,36.4,112,119,127,119.33333333333333
117929,Both interviewed and MEC examined,58,Male,Other Hispanic,Former,25.5,102,100,105,102.33333333333333
117930,Both interviewed and MEC examined,23,Female,Non-Hispanic Black,Never,22.3,104,104,104,104
117931,Both interviewed and MEC examined,44,Female,Non-Hispanic Asian,Never,37.3,134,127,120,127
117933,Both interviewed and MEC examined,34,Male,Non-Hispanic Black,Never,38.9,143,138,153,144.66666666666666
117937,Both interviewed and MEC examined,29,Female,Non-Hispanic White,Never,35.7,124,126,122,124
117938,Both interviewed and MEC examined,47,Male,Non-Hispanic Black,Never,NA,152,152,152,152
117939,Both interviewed and MEC examined,46,Female,Non-Hispanic Asian,Former,21.9,100,111,107,106
117941,Both interviewed and MEC examined,33,Female,Non-Hispanic Asian,Never,21.5,112,107,115,111.33333333333333
117942,Both interviewed and MEC examined,36,Female,Mexican American,Never,40.9,100,105,101,102
117946,Both interviewed and MEC examined,38,Female,Mexican American,Never,32.4,NA,NA,NA,NA
117948,Both interviewed and MEC examined,40,Male,Non-Hispanic White,Never,23.5,NA,NA,NA,NA
117950,Both interviewed and MEC examined,59,Female,Non-Hispanic Asian,Never,20.6,134,128,149,137
117953,Both interviewed and MEC examined,41,Female,Non-Hispanic White,Never,44.4,118,116,114,116
117957,Both interviewed and MEC examined,76,Female,Non-Hispanic Black,Never,41.9,157,164,170,163.66666666666666
117958,Both interviewed and MEC examined,39,Male,Non-Hispanic White,Current,28.1,NA,NA,NA,NA
117960,Both interviewed and MEC examined,63,Male,Non-Hispanic Asian,Current,24.2,164,168,171,167.66666666666666
117964,Both interviewed and MEC examined,60,Male,Non-Hispanic Black,Former,25,144,139,144,142.33333333333334
117965,Both interviewed and MEC examined,51,Male,Non-Hispanic White,Current,30.7,143,132,123,132.66666666666666
117966,Both interviewed and MEC examined,26,Female,Non-Hispanic Asian,Never,27.3,107,102,101,103.33333333333333
117968,Both interviewed and MEC examined,39,Male,Non-Hispanic White,Never,36.1,159,153,159,157
117971,Both interviewed and MEC examined,21,Female,Non-Hispanic White,Current,20.6,105,102,101,102.66666666666667
117974,Both interviewed and MEC examined,39,Female,Non-Hispanic Asian,Never,23.9,104,104,106,104.66666666666667
117975,Both interviewed and MEC examined,22,Female,Non-Hispanic White,Never,36.8,110,111,109,110
117979,Both interviewed and MEC examined,29,Male,Mexican American,Never,45,NA,NA,NA,NA
117981,Both interviewed and MEC examined,24,Male,Non-Hispanic White,Never,24.1,103,107,105,105
117984,Both interviewed and MEC examined,65,Female,Non-Hispanic Black,Former,35.1,158,153,155,155.33333333333334
117986,Both interviewed and MEC examined,26,Male,Non-Hispanic Black,Never,23.9,103,102,107,104
117987,Both interviewed and MEC examined,72,Male,Other Hispanic,Former,25.4,146,147,147,146.66666666666666
117989,Both interviewed and MEC examined,64,Male,Non-Hispanic White,Never,28.1,120,129,133,127.33333333333333
117990,Both interviewed and MEC examined,34,Female,Non-Hispanic Asian,Never,25.5,109,103,102,104.66666666666667
117991,Both interviewed and MEC examined,47,Male,Other Hispanic,Current,27.5,143,150,139,144
117993,Both interviewed and MEC examined,32,Female,Non-Hispanic White,Current,30.4,90,92,93,91.66666666666667
117994,Both interviewed and MEC examined,69,Female,Non-Hispanic White,Former,31.5,NA,NA,NA,NA
117996,Both interviewed and MEC examined,47,Male,Mexican American,Never,31.6,116,125,123,121.33333333333333
117997,Both interviewed and MEC examined,74,Female,Non-Hispanic White,Never,28.6,136,142,138,138.66666666666666
117998,Both interviewed and MEC examined,43,Male,Non-Hispanic Black,Never,28.5,120,113,113,115.33333333333333
117999,Both interviewed and MEC examined,52,Female,Mexican American,Never,27.7,136,131,137,134.66666666666666
118000,Both interviewed and MEC examined,43,Female,Other Race - Including Multi-Racial,Current,19.5,98,100,94,97.33333333333333
118001,Both interviewed and MEC examined,75,Female,Non-Hispanic White,Never,25.5,134,131,129,131.33333333333334
118004,Both interviewed and MEC examined,55,Male,Non-Hispanic White,Current,29,125,123,117,121.66666666666667
118008,Both interviewed and MEC examined,44,Female,Non-Hispanic Asian,Never,22.8,158,149,154,153.66666666666666
118010,Both interviewed and MEC examined,64,Female,Other Race - Including Multi-Racial,Former,NA,154,155,154,154.33333333333334
118013,Both interviewed and MEC examined,56,Male,Non-Hispanic White,Never,32,119,118,118,118.33333333333333
118014,Both interviewed and MEC examined,71,Male,Non-Hispanic White,Former,26.6,123,130,122,125
118017,Both interviewed and MEC examined,79,Female,Non-Hispanic White,Former,32.4,114,106,104,108
118018,Both interviewed and MEC examined,31,Female,Non-Hispanic White,Never,25.7,103,105,105,104.33333333333333
118019,Both interviewed and MEC examined,74,Male,Non-Hispanic Black,Never,42.3,95,93,86,91.33333333333333
118022,Both interviewed and MEC examined,60,Female,Non-Hispanic White,Never,23.4,116,129,128,124.33333333333333
118024,Both interviewed and MEC examined,35,Female,Non-Hispanic Black,Never,44.1,149,150,147,148.66666666666666
118025,Both interviewed and MEC examined,50,Female,Non-Hispanic Black,Never,25.8,142,136,131,136.33333333333334
118029,Both interviewed and MEC examined,52,Female,Mexican American,Never,21.4,112,116,123,117
118030,Both interviewed and MEC examined,53,Female,Other Hispanic,Never,28.6,130,129,127,128.66666666666666
118031,Both interviewed and MEC examined,59,Female,Non-Hispanic White,Former,17.5,139,145,145,143
118033,Both interviewed and MEC examined,61,Female,Non-Hispanic Asian,Never,29,NA,NA,NA,NA
118035,Both interviewed and MEC examined,49,Female,Non-Hispanic Asian,Never,28.6,107,105,112,108
118037,Both interviewed and MEC examined,24,Male,Other Hispanic,Never,24.2,124,118,118,120
118038,Both interviewed and MEC examined,65,Female,Other Hispanic,Current,25.4,148,141,147,145.33333333333334
118039,Both interviewed and MEC examined,66,Female,Non-Hispanic White,Former,23.8,109,115,117,113.66666666666667
118040,Both interviewed and MEC examined,36,Female,Non-Hispanic Black,Former,29.5,121,120,117,119.33333333333333
118042,Both interviewed and MEC examined,53,Female,Non-Hispanic Black,Current,25.5,135,136,133,134.66666666666666
118044,Both interviewed and MEC examined,48,Male,Non-Hispanic White,Former,26.2,91,90,123,101.33333333333333
118045,Both interviewed and MEC examined,51,Male,Non-Hispanic Asian,Former,22.8,91,94,89,91.33333333333333
118046,Both interviewed and MEC examined,65,Female,Non-Hispanic White,Never,33,154,154,155,154.33333333333334
118050,Both interviewed and MEC examined,69,Male,Mexican American,Former,38.6,140,117,138,131.66666666666666
118051,Both interviewed and MEC examined,75,Female,Non-Hispanic White,Former,30.9,127,126,129,127.33333333333333
118055,Both interviewed and MEC examined,53,Female,Non-Hispanic Black,Never,49.8,118,118,124,120
118056,Both interviewed and MEC examined,36,Male,Non-Hispanic Black,Never,26.5,133,129,128,130
118057,Both interviewed and MEC examined,65,Male,Other Race - Including Multi-Racial,Former,20.1,104,99,103,102
118058,Both interviewed and MEC examined,50,Male,Other Race - Including Multi-Racial,Former,31.8,119,117,117,117.66666666666667
118061,Both interviewed and MEC examined,69,Female,Mexican American,Never,49.8,139,144,136,139.66666666666666
118063,Both interviewed and MEC examined,25,Male,Non-Hispanic White,Never,22.5,105,116,117,112.66666666666667
118069,Both interviewed and MEC examined,28,Female,Non-Hispanic White,Former,40.6,122,121,125,122.66666666666667
118071,Both interviewed and MEC examined,47,Male,Non-Hispanic Asian,Current,31,114,116,109,113
118072,Both interviewed and MEC examined,56,Female,Mexican American,Never,32.5,156,156,160,157.33333333333334
118073,Both interviewed and MEC examined,72,Male,Non-Hispanic White,Former,27.7,156,157,162,158.33333333333334
118074,Both interviewed and MEC examined,63,Male,Non-Hispanic White,Never,42.8,NA,NA,NA,NA
118075,Both interviewed and MEC examined,26,Female,Non-Hispanic Black,Never,22.9,104,102,104,103.33333333333333
118079,Both interviewed and MEC examined,61,Male,Non-Hispanic Black,Current,27.4,170,164,165,166.33333333333334
118082,Both interviewed and MEC examined,57,Male,Non-Hispanic White,Former,25.2,134,127,126,129
118083,Both interviewed and MEC examined,64,Male,Other Hispanic,Current,28.7,158,148,146,150.66666666666666
118085,Both interviewed and MEC examined,28,Male,Non-Hispanic White,Former,23.2,105,104,110,106.33333333333333
118086,Both interviewed and MEC examined,39,Male,Non-Hispanic White,Never,37.2,120,123,118,120.33333333333333
118087,Both interviewed and MEC examined,51,Male,Other Hispanic,Former,29.2,134,128,126,129.33333333333334
118088,Both interviewed and MEC examined,35,Female,Other Hispanic,Never,17.7,NA,NA,NA,NA
118091,Both interviewed and MEC examined,72,Male,Non-Hispanic White,Former,32.9,141,135,127,134.33333333333334
118093,Both interviewed and MEC examined,47,Male,Mexican American,Never,35.9,120,132,128,126.66666666666667
118101,Both interviewed and MEC examined,28,Female,Non-Hispanic White,Never,54.2,132,125,129,128.66666666666666
118103,Both interviewed and MEC examined,54,Male,Other Race - Including Multi-Racial,Never,31.5,138,138,136,137.33333333333334
118104,Both interviewed and MEC examined,65,Female,Non-Hispanic Black,Former,32.1,115,116,113,114.66666666666667
118105,Both interviewed and MEC examined,59,Female,Non-Hispanic Black,Current,20.5,169,165,165,166.33333333333334
118107,Both interviewed and MEC examined,39,Male,Mexican American,Never,28.3,142,144,137,141
118108,Both interviewed and MEC examined,63,Male,Non-Hispanic Black,Current,19.3,124,120,123,122.33333333333333
118111,Both interviewed and MEC examined,54,Female,Non-Hispanic Asian,Never,31.3,119,119,115,117.66666666666667
118113,Both interviewed and MEC examined,59,Female,Non-Hispanic White,Never,41.7,155,155,145,151.66666666666666
118114,Both interviewed and MEC examined,73,Female,Non-Hispanic White,Never,36.8,150,147,148,148.33333333333334
118115,Both interviewed and MEC examined,62,Male,Other Hispanic,Former,27.3,112,111,114,112.33333333333333
118117,Both interviewed and MEC examined,33,Male,Non-Hispanic White,Never,42.6,NA,NA,NA,NA
118118,Both interviewed and MEC examined,46,Female,Non-Hispanic White,Never,32.1,110,111,110,110.33333333333333
118121,Both interviewed and MEC examined,58,Female,Other Hispanic,Never,37.1,117,113,110,113.33333333333333
118122,Both interviewed and MEC examined,54,Female,Non-Hispanic Black,Current,18,175,176,187,179.33333333333334
118123,Both interviewed and MEC examined,65,Female,Non-Hispanic White,Current,32.4,88,90,81,86.33333333333333
118124,Both interviewed and MEC examined,61,Female,Mexican American,Never,33.6,131,128,131,130
118125,Both interviewed and MEC examined,57,Female,Non-Hispanic Black,Former,46.3,96,108,109,104.33333333333333
118126,Both interviewed and MEC examined,38,Male,Non-Hispanic White,Former,32.2,125,128,127,126.66666666666667
118128,Both interviewed and MEC examined,56,Female,Non-Hispanic Black,Never,43.2,177,182,185,181.33333333333334
118131,Both interviewed and MEC examined,43,Male,Non-Hispanic Black,Never,27.4,126,120,125,123.66666666666667
118135,Both interviewed and MEC examined,49,Female,Non-Hispanic Black,Current,36.1,129,129,124,127.33333333333333
118136,Both interviewed and MEC examined,41,Male,Non-Hispanic White,Current,37.6,130,121,128,126.33333333333333
118138,Both interviewed and MEC examined,53,Female,Non-Hispanic Black,Never,29.4,NA,NA,NA,NA
118140,Both interviewed and MEC examined,54,Female,Other Hispanic,Current,29.2,132,132,130,131.33333333333334
118142,Both interviewed and MEC examined,73,Male,Non-Hispanic White,Former,40.2,123,125,127,125
118145,Both interviewed and MEC examined,60,Male,Non-Hispanic Black,Current,21.9,NA,NA,NA,NA
118147,Both interviewed and MEC examined,30,Female,Non-Hispanic Asian,Never,27,100,102,104,102
118150,Both interviewed and MEC examined,60,Female,Non-Hispanic White,Never,23.4,116,111,110,112.33333333333333
118154,Both interviewed and MEC examined,70,Female,Non-Hispanic White,Never,35,132,127,127,128.66666666666666
118156,Both interviewed and MEC examined,48,Female,Non-Hispanic White,Former,34.6,106,104,112,107.33333333333333
118161,Both interviewed and MEC examined,60,Female,Non-Hispanic Black,Never,35.5,146,145,144,145
118162,Both interviewed and MEC examined,59,Male,Non-Hispanic White,Current,24.7,125,128,128,127
118163,Both interviewed and MEC examined,51,Male,Non-Hispanic Black,Never,31.6,153,156,154,154.33333333333334
118164,Both interviewed and MEC examined,49,Male,Non-Hispanic White,Never,38.1,118,117,122,119
118165,Both interviewed and MEC examined,22,Male,Non-Hispanic Black,Never,23.1,109,104,111,108
118166,Both interviewed and MEC examined,36,Male,Other Hispanic,Never,22.9,130,129,129,129.33333333333334
118171,Both interviewed and MEC examined,30,Female,Non-Hispanic White,Current,22.7,124,126,121,123.66666666666667
118172,Both interviewed and MEC examined,43,Female,Non-Hispanic Black,Current,22.9,111,115,116,114
118178,Both interviewed and MEC examined,62,Male,Non-Hispanic Black,Never,21.7,178,170,174,174
118179,Both interviewed and MEC examined,48,Female,Non-Hispanic White,Current,18.3,113,115,109,112.33333333333333
118183,Both interviewed and MEC examined,51,Male,Non-Hispanic Black,Former,30.1,145,138,137,140
118184,Both interviewed and MEC examined,38,Male,Non-Hispanic Black,Never,21.1,171,167,165,167.66666666666666
118185,Both interviewed and MEC examined,32,Female,Non-Hispanic Black,Never,36.2,142,145,145,144
118189,Both interviewed and MEC examined,40,Female,Non-Hispanic White,Never,27.1,NA,NA,NA,NA
118190,Both interviewed and MEC examined,45,Male,Non-Hispanic Asian,Never,28.8,119,114,110,114.33333333333333
118191,Both interviewed and MEC examined,34,Female,Non-Hispanic Black,Never,29.5,142,138,132,137.33333333333334
118193,Both interviewed and MEC examined,51,Male,Non-Hispanic White,Former,23.1,141,138,140,139.66666666666666
118194,Both interviewed and MEC examined,74,Male,Other Race - Including Multi-Racial,Never,NA,126,127,122,125
118196,Both interviewed and MEC examined,27,Female,Non-Hispanic Black,Never,40.8,117,120,116,117.66666666666667
118197,Both interviewed and MEC examined,62,Female,Non-Hispanic White,Never,21.4,114,114,110,112.66666666666667
118199,Both interviewed and MEC examined,22,Female,Mexican American,Never,28.9,98,93,91,94
118201,Both interviewed and MEC examined,25,Male,Non-Hispanic Asian,Never,22.2,133,135,132,133.33333333333334
118204,Both interviewed and MEC examined,65,Male,Non-Hispanic White,Former,24.8,106,105,105,105.33333333333333
118205,Both interviewed and MEC examined,44,Female,Other Hispanic,Never,NA,106,109,109,108
118209,Both interviewed and MEC examined,75,Female,Non-Hispanic White,Never,20.2,134,133,141,136
118210,Both interviewed and MEC examined,53,Male,Non-Hispanic Asian,Former,28.6,120,114,117,117
118211,Both interviewed and MEC examined,50,Female,Non-Hispanic Asian,Former,32.5,107,120,113,113.33333333333333
118216,Both interviewed and MEC examined,55,Female,Non-Hispanic White,Never,22.2,125,121,122,122.66666666666667
118217,Both interviewed and MEC examined,48,Male,Non-Hispanic White,Former,25.5,123,125,118,122
118219,Both interviewed and MEC examined,61,Male,Non-Hispanic Asian,Never,25.6,131,125,122,126
118220,Both interviewed and MEC examined,39,Female,Non-Hispanic Black,Never,26.9,96,102,100,99.33333333333333
118221,Both interviewed and MEC examined,52,Male,Non-Hispanic Asian,Former,22.1,108,105,99,104
118226,Both interviewed and MEC examined,59,Female,Non-Hispanic White,Never,30.1,117,120,119,118.66666666666667
118227,Both interviewed and MEC examined,29,Female,Non-Hispanic Black,Current,25.5,132,130,129,130.33333333333334
118228,Both interviewed and MEC examined,65,Female,Other Hispanic,Never,32,NA,NA,NA,NA
118229,Both interviewed and MEC examined,69,Male,Non-Hispanic White,Never,28.3,NA,NA,NA,NA
118231,Both interviewed and MEC examined,34,Male,Non-Hispanic White,Current,35.8,NA,NA,NA,NA
118232,Both interviewed and MEC examined,25,Female,Other Hispanic,Never,25.6,115,72,110,99
118234,Both interviewed and MEC examined,52,Male,Mexican American,Never,31,NA,NA,NA,NA
118235,Both interviewed and MEC examined,23,Male,Other Hispanic,Never,46.6,116,120,114,116.66666666666667
118237,Both interviewed and MEC examined,48,Male,Mexican American,Current,32.1,122,118,119,119.66666666666667
118238,Both interviewed and MEC examined,24,Male,Non-Hispanic Asian,Current,29.5,104,108,106,106
118239,Both interviewed and MEC examined,58,Male,Other Hispanic,Former,26.9,NA,NA,NA,NA
118240,Both interviewed and MEC examined,60,Female,Non-Hispanic Black,Never,45.4,154,159,155,156
118242,Both interviewed and MEC examined,76,Male,Non-Hispanic White,Former,30.4,103,107,105,105
118244,Both interviewed and MEC examined,60,Female,Non-Hispanic White,Never,25.1,153,156,149,152.66666666666666
118245,Both interviewed and MEC examined,21,Female,Mexican American,Never,38.2,106,101,101,102.66666666666667
118247,Both interviewed and MEC examined,74,Female,Non-Hispanic White,Former,36.8,NA,NA,NA,NA
118248,Both interviewed and MEC examined,61,Male,Non-Hispanic White,Current,27.5,136,131,128,131.66666666666666
118250,Both interviewed and MEC examined,71,Male,Non-Hispanic White,Never,27.3,121,119,123,121
118253,Both interviewed and MEC examined,47,Female,Non-Hispanic Asian,Never,29.6,107,108,114,109.66666666666667
118254,Both interviewed and MEC examined,63,Female,Mexican American,Never,32,138,140,138,138.66666666666666
118256,Both interviewed and MEC examined,47,Male,Non-Hispanic Asian,Never,20.9,100,104,110,104.66666666666667
118257,Both interviewed and MEC examined,32,Female,Mexican American,Former,31.2,109,105,110,108
118258,Both interviewed and MEC examined,29,Female,Non-Hispanic White,Current,34.4,134,137,131,134
118262,Both interviewed and MEC examined,28,Male,Mexican American,Former,28,106,109,110,108.33333333333333
118263,Both interviewed and MEC examined,38,Female,Non-Hispanic White,Former,20.7,99,96,101,98.66666666666667
118264,Both interviewed and MEC examined,42,Male,Non-Hispanic White,Current,23.3,115,111,114,113.33333333333333
118265,Both interviewed and MEC examined,36,Male,Other Hispanic,Former,26.5,109,110,105,108
118266,Both interviewed and MEC examined,68,Male,Other Hispanic,Former,25.9,95,97,100,97.33333333333333
118267,Both interviewed and MEC examined,47,Female,Other Hispanic,Never,31.7,145,144,140,143
118269,Both interviewed and MEC examined,40,Female,Mexican American,Never,28.3,84,89,86,86.33333333333333
118271,Both interviewed and MEC examined,61,Female,Non-Hispanic Black,Never,30.5,177,167,174,172.66666666666666
118274,Both interviewed and MEC examined,43,Male,Other Hispanic,Former,29.1,NA,NA,NA,NA
118276,Both interviewed and MEC examined,31,Female,Non-Hispanic Asian,Never,31.8,94,92,91,92.33333333333333
118279,Both interviewed and MEC examined,65,Female,Non-Hispanic White,Current,26.4,95,101,97,97.66666666666667
118280,Both interviewed and MEC examined,38,Female,Non-Hispanic Asian,Never,24.8,NA,NA,NA,NA
118282,Both interviewed and MEC examined,34,Male,Non-Hispanic White,Never,31.6,110,109,110,109.66666666666667
118283,Both interviewed and MEC examined,37,Female,Non-Hispanic White,Never,44.9,115,115,106,112
118284,Both interviewed and MEC examined,43,Female,Other Hispanic,Former,29.3,101,101,104,102
118285,Both interviewed and MEC examined,70,Male,Non-Hispanic White,Former,26.7,149,140,143,144
118286,Both interviewed and MEC examined,45,Female,Other Hispanic,Never,33.3,145,143,143,143.66666666666666
118292,Both interviewed and MEC examined,41,Female,Mexican American,Never,35.9,111,116,115,114
118293,Both interviewed and MEC examined,61,Female,Non-Hispanic Black,Never,33.4,130,130,132,130.66666666666666
118295,Both interviewed and MEC examined,59,Male,Non-Hispanic Asian,Never,22.6,146,144,144,144.66666666666666
118297,Both interviewed and MEC examined,64,Male,Mexican American,Never,24.4,125,121,120,122
118298,Both interviewed and MEC examined,67,Male,Non-Hispanic White,Former,30.9,125,124,122,123.66666666666667
118299,Both interviewed and MEC examined,54,Male,Non-Hispanic White,Never,28.9,129,134,135,132.66666666666666
118301,Both interviewed and MEC examined,43,Female,Non-Hispanic Black,Never,NA,169,163,163,165
118302,Both interviewed and MEC examined,41,Female,Other Race - Including Multi-Racial,Former,28.8,110,107,111,109.33333333333333
118304,Both interviewed and MEC examined,75,Female,Non-Hispanic White,Never,36.5,119,123,123,121.66666666666667
118305,Both interviewed and MEC examined,77,Female,Non-Hispanic White,Never,32.4,101,103,101,101.66666666666667
118306,Both interviewed and MEC examined,24,Female,Mexican American,Former,25.2,111,108,110,109.66666666666667
118308,Both interviewed and MEC examined,65,Male,Non-Hispanic Black,Current,23.9,150,150,149,149.66666666666666
118315,Both interviewed and MEC examined,29,Male,Non-Hispanic White,Never,20.6,109,114,101,108
118316,Both interviewed and MEC examined,60,Female,Other Hispanic,Never,26.6,121,126,119,122
118317,Both interviewed and MEC examined,33,Male,Non-Hispanic White,Never,25.9,114,118,114,115.33333333333333
118318,Both interviewed and MEC examined,48,Female,Non-Hispanic White,Current,31.8,141,135,129,135
118319,Both interviewed and MEC examined,27,Male,Other Hispanic,Never,33.9,131,130,133,131.33333333333334
118320,Both interviewed and MEC examined,35,Female,Mexican American,Never,29,156,150,154,153.33333333333334
118324,Both interviewed and MEC examined,52,Female,Non-Hispanic Asian,Never,23.3,105,101,108,104.66666666666667
118328,Both interviewed and MEC examined,77,Male,Non-Hispanic White,Former,28.5,141,140,140,140.33333333333334
118330,Both interviewed and MEC examined,58,Male,Non-Hispanic Asian,Never,28,117,116,118,117
118331,Both interviewed and MEC examined,74,Male,Non-Hispanic White,Former,25.2,123,127,130,126.66666666666667
118333,Both interviewed and MEC examined,55,Male,Non-Hispanic Asian,Never,24.3,122,133,145,133.33333333333334
118336,Both interviewed and MEC examined,71,Female,Non-Hispanic Black,Former,45.4,109,114,116,113
118337,Both interviewed and MEC examined,33,Female,Non-Hispanic Black,Current,16.2,NA,NA,NA,NA
118340,Both interviewed and MEC examined,34,Female,Non-Hispanic Black,Current,36.7,131,124,126,127
118342,Both interviewed and MEC examined,40,Female,Other Hispanic,Never,24.4,96,95,97,96
118343,Both interviewed and MEC examined,37,Male,Mexican American,Never,34.8,133,132,135,133.33333333333334
118344,Both interviewed and MEC examined,45,Female,Non-Hispanic White,Never,31.8,141,142,133,138.66666666666666
118347,Both interviewed and MEC examined,76,Male,Non-Hispanic White,Former,28.8,133,130,122,128.33333333333334
118349,Both interviewed and MEC examined,48,Female,Non-Hispanic Black,Current,41,116,115,114,115
118350,Both interviewed and MEC examined,56,Female,Mexican American,Never,30.7,NA,NA,NA,NA
118351,Both interviewed and MEC examined,61,Male,Non-Hispanic White,Never,36.1,127,134,135,132
118352,Both interviewed and MEC examined,62,Female,Non-Hispanic White,Former,27.5,124,125,124,124.33333333333333
118353,Both interviewed and MEC examined,61,Male,Non-Hispanic Black,Current,NA,121,120,121,120.66666666666667
118358,Both interviewed and MEC examined,51,Male,Non-Hispanic White,Never,25.2,103,109,111,107.66666666666667
118359,Both interviewed and MEC examined,23,Male,Other Hispanic,Never,19,127,124,134,128.33333333333334
118363,Both interviewed and MEC examined,39,Male,Non-Hispanic Asian,Never,24.2,110,107,108,108.33333333333333
118364,Both interviewed and MEC examined,65,Male,Other Hispanic,Former,34.7,NA,NA,NA,NA
118367,Both interviewed and MEC examined,28,Female,Non-Hispanic Black,Never,39.2,95,98,94,95.66666666666667
118369,Both interviewed and MEC examined,42,Female,Non-Hispanic Black,Never,46.1,133,129,132,131.33333333333334
118370,Both interviewed and MEC examined,43,Female,Non-Hispanic White,Former,32.3,125,122,120,122.33333333333333
118374,Both interviewed and MEC examined,28,Male,Non-Hispanic Black,Never,28.7,111,112,108,110.33333333333333
118375,Both interviewed and MEC examined,34,Male,Non-Hispanic White,Former,36.4,117,112,118,115.66666666666667
118378,Both interviewed and MEC examined,23,Female,Non-Hispanic White,Former,31.3,120,120,116,118.66666666666667
118380,Both interviewed and MEC examined,70,Male,Non-Hispanic Black,Never,28.1,123,119,118,120
118381,Both interviewed and MEC examined,55,Female,Non-Hispanic Black,Never,31,NA,NA,NA,NA
118384,Both interviewed and MEC examined,47,Male,Non-Hispanic White,Former,33.1,129,123,124,125.33333333333333
118385,Both interviewed and MEC examined,39,Female,Non-Hispanic White,Former,21.4,104,107,103,104.66666666666667
118386,Both interviewed and MEC examined,59,Male,Non-Hispanic White,Never,34.8,89,86,92,89
118391,Both interviewed and MEC examined,34,Female,Non-Hispanic Asian,Never,31.1,95,100,94,96.33333333333333
118393,Both interviewed and MEC examined,69,Female,Non-Hispanic Black,Never,31.1,135,155,145,145
118395,Both interviewed and MEC examined,56,Female,Non-Hispanic White,Never,30,109,110,110,109.66666666666667
118396,Both interviewed and MEC examined,57,Female,Mexican American,Never,26.4,115,112,111,112.66666666666667
118399,Both interviewed and MEC examined,66,Male,Non-Hispanic Black,Former,22.1,172,174,159,168.33333333333334
118402,Both interviewed and MEC examined,53,Male,Non-Hispanic Black,Never,31.8,123,116,116,118.33333333333333
118406,Both interviewed and MEC examined,42,Male,Non-Hispanic White,Never,27.7,115,120,117,117.33333333333333
118407,Both interviewed and MEC examined,51,Female,Other Hispanic,Never,19.5,NA,NA,NA,NA
118408,Both interviewed and MEC examined,26,Male,Mexican American,Current,40.6,126,129,127,127.33333333333333
118409,Both interviewed and MEC examined,37,Female,Non-Hispanic White,Never,39.4,102,99,106,102.33333333333333
118411,Both interviewed and MEC examined,67,Male,Non-Hispanic White,Former,30.1,116,109,108,111
118412,Both interviewed and MEC examined,68,Female,Non-Hispanic Black,Never,28.4,138,131,146,138.33333333333334
118414,Both interviewed and MEC examined,65,Male,Non-Hispanic White,Never,29,131,129,135,131.66666666666666
118417,Both interviewed and MEC examined,38,Male,Non-Hispanic Black,Former,26.8,144,143,141,142.66666666666666
118418,Both interviewed and MEC examined,56,Male,Non-Hispanic White,Current,22.6,123,132,126,127
118419,Both interviewed and MEC examined,31,Female,Non-Hispanic Black,Former,34.8,106,101,104,103.66666666666667
118423,Both interviewed and MEC examined,41,Female,Non-Hispanic White,Former,37.3,114,119,116,116.33333333333333
118424,Both interviewed and MEC examined,71,Female,Other Hispanic,Current,31.5,139,147,140,142
118433,Both interviewed and MEC examined,48,Male,Non-Hispanic Asian,Never,28.6,115,114,113,114
118435,Both interviewed and MEC examined,61,Female,Non-Hispanic Black,Never,48,106,109,110,108.33333333333333
118436,Both interviewed and MEC examined,64,Male,Non-Hispanic Black,Current,15.7,131,129,131,130.33333333333334
118437,Both interviewed and MEC examined,66,Male,Mexican American,Former,36.1,122,122,108,117.33333333333333
118439,Both interviewed and MEC examined,78,Female,Non-Hispanic White,Former,48,124,119,120,121
118442,Both interviewed and MEC examined,27,Male,Non-Hispanic Black,Never,27.7,111,111,110,110.66666666666667
118445,Both interviewed and MEC examined,26,Female,Other Race - Including Multi-Racial,Never,26.4,103,102,102,102.33333333333333
118449,Both interviewed and MEC examined,58,Male,Non-Hispanic Black,Current,16.8,163,159,141,154.33333333333334
118450,Both interviewed and MEC examined,21,Male,Non-Hispanic White,Former,26.6,125,126,124,125
118451,Both interviewed and MEC examined,32,Male,Non-Hispanic White,Former,35,149,138,138,141.66666666666666
118452,Both interviewed and MEC examined,63,Female,Non-Hispanic Black,Current,26.3,162,167,163,164
118458,Both interviewed and MEC examined,65,Female,Non-Hispanic White,Never,25.1,115,117,116,116
118460,Both interviewed and MEC examined,35,Male,Mexican American,Never,25,118,118,120,118.66666666666667
118462,Both interviewed and MEC examined,50,Male,Non-Hispanic Black,Never,29.7,120,127,124,123.66666666666667
118463,Both interviewed and MEC examined,62,Male,Non-Hispanic Black,Former,32.2,128,119,126,124.33333333333333
118464,Both interviewed and MEC examined,59,Female,Non-Hispanic Black,Never,39.9,110,105,114,109.66666666666667
118471,Both interviewed and MEC examined,61,Male,Non-Hispanic Black,Former,23.8,160,154,159,157.66666666666666
118475,Both interviewed and MEC examined,67,Male,Non-Hispanic Black,Former,28.2,173,164,168,168.33333333333334
118476,Both interviewed and MEC examined,42,Male,Non-Hispanic White,Former,32.6,126,124,128,126
118478,Both interviewed and MEC examined,63,Male,Mexican American,Never,30.1,137,124,120,127
118479,Both interviewed and MEC examined,68,Male,Other Hispanic,Never,26.5,117,124,128,123
118480,Both interviewed and MEC examined,47,Male,Non-Hispanic Black,Current,41,139,135,130,134.66666666666666
118482,Both interviewed and MEC examined,38,Female,Non-Hispanic White,Former,38.1,123,118,117,119.33333333333333
118484,Both interviewed and MEC examined,54,Male,Non-Hispanic Black,Never,34.9,131,131,130,130.66666666666666
118488,Both interviewed and MEC examined,35,Female,Non-Hispanic Asian,Former,26.1,82,87,87,85.33333333333333
118489,Both interviewed and MEC examined,57,Female,Non-Hispanic Black,Never,55.1,NA,NA,NA,NA
118491,Both interviewed and MEC examined,72,Male,Other Hispanic,Former,27.6,121,117,117,118.33333333333333
118492,Both interviewed and MEC examined,33,Male,Non-Hispanic White,Current,29.4,119,114,119,117.33333333333333
118493,Both interviewed and MEC examined,78,Male,Non-Hispanic White,Former,36.9,128,124,125,125.66666666666667
118494,Both interviewed and MEC examined,44,Female,Non-Hispanic Black,Never,23.8,NA,NA,NA,NA
118495,Both interviewed and MEC examined,31,Female,Non-Hispanic Black,Current,33.2,104,99,103,102
118496,Both interviewed and MEC examined,57,Male,Mexican American,Never,37.1,138,138,145,140.33333333333334
118500,Both interviewed and MEC examined,57,Male,Non-Hispanic Black,Never,33.4,110,110,110,110
118503,Both interviewed and MEC examined,33,Female,Other Hispanic,Never,28.4,100,99,102,100.33333333333333
118504,Both interviewed and MEC examined,25,Male,Non-Hispanic White,Never,31.4,118,122,116,118.66666666666667
118505,Both interviewed and MEC examined,65,Female,Non-Hispanic Asian,Never,28.6,131,128,125,128
118512,Both interviewed and MEC examined,52,Male,Mexican American,Never,36.7,124,120,124,122.66666666666667
118514,Both interviewed and MEC examined,48,Female,Non-Hispanic White,Current,29.1,106,98,102,102
118515,Both interviewed and MEC examined,76,Male,Other Race - Including Multi-Racial,Never,25.5,151,140,145,145.33333333333334
118518,Both interviewed and MEC examined,39,Female,Non-Hispanic Black,Current,35,136,130,135,133.66666666666666
118520,Both interviewed and MEC examined,64,Female,Non-Hispanic Black,Former,28.5,123,130,141,131.33333333333334
118521,Both interviewed and MEC examined,55,Female,Non-Hispanic Black,Never,32.2,110,113,112,111.66666666666667
118522,Both interviewed and MEC examined,71,Female,Mexican American,Never,26.6,NA,NA,NA,NA
118523,Both interviewed and MEC examined,54,Female,Mexican American,Never,28.3,102,107,106,105
118525,Both interviewed and MEC examined,69,Male,Other Hispanic,Former,31.2,134,134,132,133.33333333333334
118528,Both interviewed and MEC examined,34,Male,Non-Hispanic Black,Never,20.4,123,122,126,123.66666666666667
118530,Both interviewed and MEC examined,25,Male,Non-Hispanic Asian,Never,25.3,NA,NA,NA,NA
118533,Both interviewed and MEC examined,68,Male,Non-Hispanic White,Never,25.8,129,130,126,128.33333333333334
118536,Both interviewed and MEC examined,61,Female,Non-Hispanic White,Never,23.7,108,115,108,110.33333333333333
118537,Both interviewed and MEC examined,25,Male,Non-Hispanic Asian,Never,23.3,117,116,111,114.66666666666667
118539,Both interviewed and MEC examined,28,Male,Non-Hispanic White,Never,37.3,121,118,119,119.33333333333333
118541,Both interviewed and MEC examined,46,Male,Non-Hispanic Black,Former,45,112,111,114,112.33333333333333
118544,Both interviewed and MEC examined,33,Female,Mexican American,Never,36.5,NA,NA,NA,NA
118548,Both interviewed and MEC examined,37,Male,Non-Hispanic Black,Current,23.3,108,109,107,108
118550,Both interviewed and MEC examined,24,Male,Other Race - Including Multi-Racial,Former,36.2,116,119,116,117
118552,Both interviewed and MEC examined,39,Male,Non-Hispanic Black,Current,33.4,124,126,117,122.33333333333333
118553,Both interviewed and MEC examined,57,Female,Non-Hispanic Asian,Never,19.9,123,123,128,124.66666666666667
118554,Both interviewed and MEC examined,40,Female,Mexican American,Never,27.3,NA,NA,NA,NA
118556,Both interviewed and MEC examined,63,Male,Mexican American,Former,32.7,154,144,151,149.66666666666666
118561,Both interviewed and MEC examined,55,Female,Non-Hispanic Asian,Never,31.5,105,109,107,107
118563,Both interviewed and MEC examined,57,Male,Non-Hispanic White,Former,34,110,110,113,111
118565,Both interviewed and MEC examined,53,Female,Other Hispanic,Never,28,99,97,96,97.33333333333333
118567,Both interviewed and MEC examined,33,Male,Mexican American,Never,27.3,117,116,120,117.66666666666667
118569,Both interviewed and MEC examined,61,Male,Non-Hispanic Black,Never,38.2,104,100,106,103.33333333333333
118571,Both interviewed and MEC examined,77,Female,Non-Hispanic Asian,Never,20.7,137,134,NA,135.5
118573,Both interviewed and MEC examined,57,Female,Non-Hispanic White,Former,26.2,137,132,134,134.33333333333334
118575,Both interviewed and MEC examined,42,Female,Mexican American,Never,27.8,138,135,138,137
118576,Both interviewed and MEC examined,50,Male,Non-Hispanic Asian,Current,25.9,111,111,116,112.66666666666667
118578,Both interviewed and MEC examined,53,Male,Non-Hispanic Black,Never,31.3,132,132,130,131.33333333333334
118579,Both interviewed and MEC examined,72,Male,Non-Hispanic Black,Never,18.9,165,156,164,161.66666666666666
118580,Both interviewed and MEC examined,25,Female,Non-Hispanic White,Current,27,132,135,133,133.33333333333334
118581,Both interviewed and MEC examined,71,Male,Non-Hispanic Black,Former,32.4,122,126,121,123
118582,Both interviewed and MEC examined,29,Female,Non-Hispanic White,Never,30.3,121,117,118,118.66666666666667
118586,Both interviewed and MEC examined,37,Female,Mexican American,Never,43.2,90,88,91,89.66666666666667
118587,Both interviewed and MEC examined,67,Female,Other Hispanic,Current,25.7,NA,NA,NA,NA
118588,Both interviewed and MEC examined,60,Male,Non-Hispanic White,Former,44,124,126,131,127
118589,Both interviewed and MEC examined,70,Female,Non-Hispanic Black,Never,NA,NA,NA,NA,NA
118592,Both interviewed and MEC examined,54,Female,Non-Hispanic White,Current,27,151,153,141,148.33333333333334
118595,Both interviewed and MEC examined,71,Female,Non-Hispanic White,Never,29,137,129,131,132.33333333333334
118597,Both interviewed and MEC examined,28,Female,Mexican American,Never,30.6,94,97,95,95.33333333333333
118598,Both interviewed and MEC examined,52,Female,Non-Hispanic Black,Never,67.7,119,111,112,114
118599,Both interviewed and MEC examined,69,Male,Non-Hispanic Black,Never,33.4,159,155,148,154
118600,Both interviewed and MEC examined,35,Male,Non-Hispanic White,Never,25.2,118,125,116,119.66666666666667
118601,Both interviewed and MEC examined,55,Female,Mexican American,Never,41.2,108,128,107,114.33333333333333
118602,Both interviewed and MEC examined,69,Female,Mexican American,Never,48.2,111,124,98,111
118604,Both interviewed and MEC examined,58,Female,Non-Hispanic Black,Never,26,NA,NA,NA,NA
118606,Both interviewed and MEC examined,32,Female,Non-Hispanic Black,Current,34.3,109,110,111,110
118607,Both interviewed and MEC examined,48,Male,Non-Hispanic Black,Never,37.8,117,122,120,119.66666666666667
118609,Both interviewed and MEC examined,53,Female,Mexican American,Current,23.6,142,141,135,139.33333333333334
118610,Both interviewed and MEC examined,59,Male,Non-Hispanic White,Never,24.9,114,103,106,107.66666666666667
118611,Both interviewed and MEC examined,59,Female,Non-Hispanic White,Former,29.4,103,115,113,110.33333333333333
118612,Both interviewed and MEC examined,33,Female,Non-Hispanic Black,Never,22.6,103,97,100,100
118614,Both interviewed and MEC examined,66,Female,Non-Hispanic Black,Former,32.4,174,159,166,166.33333333333334
118616,Both interviewed and MEC examined,37,Male,Non-Hispanic Asian,Never,25.5,NA,NA,NA,NA
118618,Both interviewed and MEC examined,57,Female,Non-Hispanic Black,Never,43.7,105,105,108,106
118620,Both interviewed and MEC examined,77,Female,Other Hispanic,Former,30.3,131,133,128,130.66666666666666
118621,Both interviewed and MEC examined,46,Female,Non-Hispanic White,Current,36.3,117,122,121,120
118622,Both interviewed and MEC examined,69,Female,Non-Hispanic Black,Former,30,137,159,143,146.33333333333334
118624,Both interviewed and MEC examined,26,Male,Non-Hispanic Asian,Former,25.9,116,114,125,118.33333333333333
118628,Both interviewed and MEC examined,44,Female,Non-Hispanic Black,Current,34,109,111,111,110.33333333333333
118629,Both interviewed and MEC examined,24,Male,Non-Hispanic Black,Never,21.7,131,135,130,132
118630,Both interviewed and MEC examined,42,Male,Non-Hispanic Asian,Current,27.5,162,172,165,166.33333333333334
118633,Both interviewed and MEC examined,59,Male,Non-Hispanic White,Never,35.8,159,158,150,155.66666666666666
118634,Both interviewed and MEC examined,74,Female,Non-Hispanic White,Former,23.4,169,168,163,166.66666666666666
118636,Both interviewed and MEC examined,60,Female,Other Hispanic,Never,34.3,100,103,107,103.33333333333333
118638,Both interviewed and MEC examined,70,Female,Non-Hispanic Asian,Never,19.8,133,137,135,135
118640,Both interviewed and MEC examined,56,Male,Other Hispanic,Former,27.6,164,158,171,164.33333333333334
118641,Both interviewed and MEC examined,28,Female,Non-Hispanic Black,Never,21.4,110,105,115,110
118643,Both interviewed and MEC examined,50,Female,Non-Hispanic Black,Never,30.7,149,149,153,150.33333333333334
118647,Both interviewed and MEC examined,55,Female,Non-Hispanic Black,Never,31.5,135,132,131,132.66666666666666
118648,Both interviewed and MEC examined,47,Male,Mexican American,Never,29.6,115,115,109,113
118650,Both interviewed and MEC examined,39,Male,Non-Hispanic White,Current,34.2,129,128,129,128.66666666666666
118651,Both interviewed and MEC examined,51,Female,Mexican American,Never,28.9,111,115,124,116.66666666666667
118654,Both interviewed and MEC examined,28,Male,Other Hispanic,Never,27.5,104,107,112,107.66666666666667
118655,Both interviewed and MEC examined,58,Female,Non-Hispanic White,Former,41.3,NA,NA,NA,NA
118656,Both interviewed and MEC examined,64,Male,Non-Hispanic White,Former,29.9,146,153,153,150.66666666666666
118658,Both interviewed and MEC examined,30,Male,Non-Hispanic Black,Never,37.7,118,120,124,120.66666666666667
118662,Both interviewed and MEC examined,70,Female,Non-Hispanic White,Never,37.7,126,129,129,128
118663,Both interviewed and MEC examined,26,Male,Non-Hispanic Black,Current,NA,115,118,119,117.33333333333333
118664,Both interviewed and MEC examined,32,Male,Non-Hispanic Asian,Former,21.5,112,107,109,109.33333333333333
118665,Both interviewed and MEC examined,70,Male,Non-Hispanic White,Former,35.4,120,130,132,127.33333333333333
118669,Both interviewed and MEC examined,38,Female,Non-Hispanic White,Never,26,99,99,104,100.66666666666667
118670,Both interviewed and MEC examined,42,Male,Non-Hispanic White,Current,28.1,124,119,119,120.66666666666667
118671,Both interviewed and MEC examined,73,Male,Non-Hispanic Black,Former,21.5,148,158,144,150
118673,Both interviewed and MEC examined,25,Female,Mexican American,Never,28.6,100,105,121,108.66666666666667
118675,Both interviewed and MEC examined,59,Male,Non-Hispanic White,Former,26.8,135,134,131,133.33333333333334
118676,Both interviewed and MEC examined,52,Male,Mexican American,Former,31.7,144,143,142,143
118678,Both interviewed and MEC examined,78,Female,Non-Hispanic White,Never,34.1,159,154,155,156
118679,Both interviewed and MEC examined,44,Female,Non-Hispanic White,Never,28.5,98,98,100,98.66666666666667
118681,Both interviewed and MEC examined,65,Male,Other Hispanic,Never,28.8,106,109,108,107.66666666666667
118682,Both interviewed and MEC examined,40,Female,Other Race - Including Multi-Racial,Never,21.5,122,115,121,119.33333333333333
118684,Both interviewed and MEC examined,71,Female,Non-Hispanic White,Never,24.3,NA,NA,NA,NA
118687,Both interviewed and MEC examined,53,Female,Non-Hispanic White,Never,26.3,108,104,115,109
118688,Both interviewed and MEC examined,73,Female,Non-Hispanic Black,Former,24.6,NA,NA,NA,NA
118692,Both interviewed and MEC examined,65,Male,Non-Hispanic Black,Current,44.9,96,110,95,100.33333333333333
118693,Both interviewed and MEC examined,51,Male,Other Hispanic,Never,24,113,116,109,112.66666666666667
118696,Both interviewed and MEC examined,27,Male,Other Hispanic,Former,23.5,106,101,105,104
118697,Both interviewed and MEC examined,42,Female,Mexican American,Never,23.4,105,114,115,111.33333333333333
118699,Both interviewed and MEC examined,65,Female,Other Race - Including Multi-Racial,Never,26.6,124,120,122,122
118701,Both interviewed and MEC examined,45,Female,Other Race - Including Multi-Racial,Never,27.2,128,125,131,128
118702,Both interviewed and MEC examined,37,Male,Non-Hispanic White,Former,32.9,116,113,121,116.66666666666667
118706,Both interviewed and MEC examined,38,Female,Other Hispanic,Never,29,NA,NA,NA,NA
118711,Both interviewed and MEC examined,34,Female,Non-Hispanic Asian,Never,25.3,105,107,92,101.33333333333333
118712,Both interviewed and MEC examined,23,Male,Other Hispanic,Never,39.2,118,120,120,119.33333333333333
118713,Both interviewed and MEC examined,54,Male,Non-Hispanic Asian,Never,25.8,115,114,118,115.66666666666667
118714,Both interviewed and MEC examined,71,Female,Non-Hispanic White,Never,37.7,155,152,148,151.66666666666666
118718,Both interviewed and MEC examined,24,Male,Mexican American,Never,38.3,121,117,123,120.33333333333333
118719,Both interviewed and MEC examined,23,Male,Non-Hispanic Black,Never,19.6,116,120,116,117.33333333333333
118721,Both interviewed and MEC examined,70,Female,Mexican American,Former,46.3,157,137,129,141
118722,Both interviewed and MEC examined,62,Female,Non-Hispanic Black,Former,49.9,159,162,165,162
118723,Both interviewed and MEC examined,44,Female,Non-Hispanic Asian,Never,28.5,133,134,131,132.66666666666666
118724,Both interviewed and MEC examined,62,Female,Non-Hispanic White,Former,25.2,124,122,119,121.66666666666667
118725,Both interviewed and MEC examined,37,Female,Non-Hispanic White,Former,30.3,123,135,137,131.66666666666666
118727,Both interviewed and MEC examined,66,Female,Other Hispanic,Former,33.2,126,133,123,127.33333333333333
118728,Both interviewed and MEC examined,31,Male,Mexican American,Never,25.2,108,108,106,107.33333333333333
118729,Both interviewed and MEC examined,43,Female,Mexican American,Never,40.9,114,120,118,117.33333333333333
118731,Both interviewed and MEC examined,67,Male,Non-Hispanic Black,Former,20.6,145,146,141,144
118732,Both interviewed and MEC examined,51,Female,Other Hispanic,Never,25.6,107,110,109,108.66666666666667
118734,Both interviewed and MEC examined,37,Male,Non-Hispanic Black,Never,24.9,138,136,133,135.66666666666666
118736,Both interviewed and MEC examined,66,Female,Non-Hispanic White,Never,34.7,144,172,147,154.33333333333334
118737,Both interviewed and MEC examined,26,Female,Mexican American,Never,41,99,96,92,95.66666666666667
118738,Both interviewed and MEC examined,42,Female,Mexican American,Never,43.2,145,146,141,144
118740,Both interviewed and MEC examined,56,Male,Non-Hispanic White,Current,24.9,145,143,145,144.33333333333334
118741,Both interviewed and MEC examined,63,Female,Other Hispanic,Former,26.8,NA,NA,NA,NA
118745,Both interviewed and MEC examined,32,Male,Non-Hispanic Black,Former,32.6,129,133,142,134.66666666666666
118746,Both interviewed and MEC examined,21,Female,Non-Hispanic White,Never,29.5,111,109,110,110
118748,Both interviewed and MEC examined,31,Male,Non-Hispanic Black,Former,15.5,117,120,117,118
118750,Both interviewed and MEC examined,22,Male,Mexican American,Never,25.8,117,116,110,114.33333333333333
118752,Both interviewed and MEC examined,37,Female,Non-Hispanic White,Never,28,118,112,116,115.33333333333333
118753,Both interviewed and MEC examined,71,Male,Non-Hispanic Black,Former,36.9,103,107,109,106.33333333333333
118755,Both interviewed and MEC examined,65,Male,Other Hispanic,Former,38.5,89,90,86,88.33333333333333
118756,Both interviewed and MEC examined,29,Female,Non-Hispanic White,Never,25.3,99,99,102,100
118759,Both interviewed and MEC examined,34,Female,Non-Hispanic White,Current,48.4,NA,NA,NA,NA
118760,Both interviewed and MEC examined,52,Female,Non-Hispanic Black,Current,24.3,NA,NA,NA,NA
118762,Both interviewed and MEC examined,34,Female,Non-Hispanic Black,Current,37.8,170,161,166,165.66666666666666
118764,Both interviewed and MEC examined,76,Female,Non-Hispanic White,Former,28.3,144,144,142,143.33333333333334
118766,Both interviewed and MEC examined,37,Female,Non-Hispanic Black,Never,35.3,103,105,106,104.66666666666667
118767,Both interviewed and MEC examined,62,Female,Non-Hispanic Asian,Never,21,115,114,112,113.66666666666667
118770,Both interviewed and MEC examined,68,Male,Non-Hispanic Black,Never,NA,148,151,148,149
118775,Both interviewed and MEC examined,56,Female,Non-Hispanic White,Former,28,98,94,99,97
118776,Both interviewed and MEC examined,55,Male,Mexican American,Current,29,163,150,142,151.66666666666666
118778,Both interviewed and MEC examined,77,Male,Non-Hispanic White,Current,20.4,126,138,140,134.66666666666666
118781,Both interviewed and MEC examined,44,Male,Non-Hispanic Black,Former,34.1,122,125,107,118
118783,Both interviewed and MEC examined,65,Male,Mexican American,Current,29.2,136,130,128,131.33333333333334
118784,Both interviewed and MEC examined,27,Male,Mexican American,Current,35.2,128,124,121,124.33333333333333
118786,Both interviewed and MEC examined,45,Male,Non-Hispanic Asian,Never,24.8,113,113,119,115
118789,Both interviewed and MEC examined,32,Male,Other Race - Including Multi-Racial,Never,35.8,132,127,135,131.33333333333334
118791,Both interviewed and MEC examined,25,Female,Non-Hispanic Asian,Never,31.9,122,123,117,120.66666666666667
118792,Both interviewed and MEC examined,67,Male,Non-Hispanic Asian,Never,28.5,NA,NA,NA,NA
118796,Both interviewed and MEC examined,77,Male,Non-Hispanic White,Former,29.2,149,136,142,142.33333333333334
118800,Both interviewed and MEC examined,22,Male,Non-Hispanic White,Current,53.8,NA,NA,NA,NA
118802,Both interviewed and MEC examined,39,Male,Non-Hispanic Black,Never,43.8,123,115,119,119
118803,Both interviewed and MEC examined,34,Male,Non-Hispanic White,Former,29.1,111,111,115,112.33333333333333
118804,Both interviewed and MEC examined,21,Male,Other Race - Including Multi-Racial,Never,34.1,121,117,121,119.66666666666667
118805,Both interviewed and MEC examined,56,Male,Non-Hispanic White,Former,42.1,122,122,126,123.33333333333333
118807,Both interviewed and MEC examined,43,Male,Other Race - Including Multi-Racial,Never,34.6,127,130,129,128.66666666666666
118809,Both interviewed and MEC examined,67,Female,Non-Hispanic Black,Current,34.9,154,150,150,151.33333333333334
118810,Both interviewed and MEC examined,24,Male,Non-Hispanic Asian,Current,27.6,128,128,131,129
118813,Both interviewed and MEC examined,72,Male,Non-Hispanic Black,Never,30.2,136,136,127,133
118815,Both interviewed and MEC examined,50,Male,Other Hispanic,Never,31.7,129,126,120,125
118816,Both interviewed and MEC examined,26,Male,Non-Hispanic Black,Never,25.2,99,100,108,102.33333333333333
118817,Both interviewed and MEC examined,44,Female,Non-Hispanic White,Former,NA,95,108,108,103.66666666666667
118827,Both interviewed and MEC examined,43,Male,Non-Hispanic Black,Never,29.8,93,92,97,94
118829,Both interviewed and MEC examined,67,Male,Non-Hispanic Black,Current,28.5,119,123,122,121.33333333333333
118831,Both interviewed and MEC examined,38,Male,Other Hispanic,Never,27.7,120,113,117,116.66666666666667
118833,Both interviewed and MEC examined,53,Female,Non-Hispanic Black,Former,24.1,118,123,114,118.33333333333333
118834,Both interviewed and MEC examined,41,Male,Non-Hispanic White,Former,27.8,118,116,126,120
118839,Both interviewed and MEC examined,58,Male,Non-Hispanic White,Never,27,139,137,125,133.66666666666666
118840,Both interviewed and MEC examined,23,Female,Non-Hispanic Asian,Never,19.6,106,105,101,104
118841,Both interviewed and MEC examined,59,Male,Mexican American,Former,22.2,121,127,123,123.66666666666667
118845,Both interviewed and MEC examined,64,Male,Non-Hispanic White,Current,24.7,125,132,135,130.66666666666666
118853,Both interviewed and MEC examined,40,Female,Mexican American,Former,23.5,94,97,100,97
118857,Both interviewed and MEC examined,67,Female,Other Hispanic,Never,30.2,100,103,103,102
118858,Both interviewed and MEC examined,35,Female,Non-Hispanic Black,Current,21.1,NA,NA,NA,NA
118861,Both interviewed and MEC examined,65,Female,Non-Hispanic Black,Never,36.9,139,145,141,141.66666666666666
118862,Both interviewed and MEC examined,60,Female,Non-Hispanic White,Former,20.8,150,139,141,143.33333333333334
118863,Both interviewed and MEC examined,58,Female,Non-Hispanic White,Never,22.5,117,118,111,115.33333333333333
118864,Both interviewed and MEC examined,61,Female,Other Race - Including Multi-Racial,Current,33.3,110,110,110,110
118870,Both interviewed and MEC examined,53,Female,Other Race - Including Multi-Racial,Former,36.8,NA,NA,NA,NA
118871,Both interviewed and MEC examined,63,Male,Non-Hispanic White,Never,29,112,119,119,116.66666666666667
118872,Both interviewed and MEC examined,62,Male,Other Hispanic,Former,29.1,125,130,123,126
118873,Both interviewed and MEC examined,69,Male,Non-Hispanic Asian,Never,22.5,133,130,127,130
118875,Both interviewed and MEC examined,30,Female,Non-Hispanic Black,Never,22.8,101,100,97,99.33333333333333
118876,Both interviewed and MEC examined,44,Male,Non-Hispanic Black,Former,32.5,107,105,110,107.33333333333333
118877,Both interviewed and MEC examined,59,Female,Non-Hispanic White,Never,35.6,133,125,141,133
118879,Both interviewed and MEC examined,36,Female,Non-Hispanic White,Never,23.1,80,91,90,87
118883,Both interviewed and MEC examined,29,Female,Other Hispanic,Never,24,130,152,148,143.33333333333334
118884,Both interviewed and MEC examined,75,Female,Non-Hispanic Black,Never,28.7,126,131,132,129.66666666666666
118887,Both interviewed and MEC examined,64,Female,Non-Hispanic Black,Never,25.4,123,131,133,129
118889,Both interviewed and MEC examined,58,Female,Other Hispanic,Never,33.4,NA,NA,NA,NA
118890,Both interviewed and MEC examined,67,Male,Mexican American,Never,31.7,124,129,127,126.66666666666667
118893,Both interviewed and MEC examined,29,Male,Non-Hispanic Asian,Never,25.5,122,125,123,123.33333333333333
118894,Both interviewed and MEC examined,52,Female,Non-Hispanic Black,Never,27.3,122,132,130,128
118895,Both interviewed and MEC examined,32,Female,Non-Hispanic Asian,Never,18.4,94,93,90,92.33333333333333
118897,Both interviewed and MEC examined,40,Male,Non-Hispanic White,Former,31.4,120,122,129,123.66666666666667
118898,Both interviewed and MEC examined,60,Male,Non-Hispanic Black,Never,24.5,100,105,102,102.33333333333333
118899,Both interviewed and MEC examined,70,Male,Non-Hispanic Black,Former,30.1,133,130,133,132
118900,Both interviewed and MEC examined,45,Male,Non-Hispanic Black,Former,22.1,161,159,157,159
118901,Both interviewed and MEC examined,36,Male,Non-Hispanic Asian,Former,24,113,114,117,114.66666666666667
118903,Both interviewed and MEC examined,50,Male,Non-Hispanic White,Current,25.4,134,142,122,132.66666666666666
118904,Both interviewed and MEC examined,36,Male,Mexican American,Former,33.5,NA,NA,NA,NA
118905,Both interviewed and MEC examined,48,Male,Non-Hispanic Black,Current,31,119,118,123,120
118908,Both interviewed and MEC examined,35,Male,Non-Hispanic Black,Never,38.7,111,111,110,110.66666666666667
118913,Both interviewed and MEC examined,47,Female,Non-Hispanic White,Never,20.2,94,95,96,95
118914,Both interviewed and MEC examined,60,Male,Non-Hispanic Asian,Former,22.2,106,112,112,110
118915,Both interviewed and MEC examined,56,Female,Non-Hispanic White,Never,19.8,101,104,102,102.33333333333333
118921,Both interviewed and MEC examined,59,Male,Non-Hispanic Black,Former,24.6,125,119,116,120
118922,Both interviewed and MEC examined,72,Female,Non-Hispanic White,Current,21.2,142,138,129,136.33333333333334
118924,Both interviewed and MEC examined,49,Male,Non-Hispanic Black,Former,25.3,128,131,126,128.33333333333334
118926,Both interviewed and MEC examined,28,Female,Non-Hispanic Black,Never,21.3,109,114,107,110
118929,Both interviewed and MEC examined,45,Male,Non-Hispanic White,Never,27.2,122,124,121,122.33333333333333
118930,Both interviewed and MEC examined,24,Female,Non-Hispanic White,Never,21.9,101,104,105,103.33333333333333
118932,Both interviewed and MEC examined,39,Female,Non-Hispanic Black,Never,36.5,101,100,101,100.66666666666667
118935,Both interviewed and MEC examined,60,Male,Non-Hispanic Black,Current,33.6,138,136,137,137
118936,Both interviewed and MEC examined,67,Male,Other Hispanic,Never,42.1,183,182,169,178
118937,Both interviewed and MEC examined,69,Male,Other Race - Including Multi-Racial,Former,48.4,120,116,117,117.66666666666667
118938,Both interviewed and MEC examined,24,Female,Non-Hispanic White,Never,30.6,128,119,114,120.33333333333333
118939,Both interviewed and MEC examined,42,Female,Mexican American,Never,26.4,NA,NA,NA,NA
118940,Both interviewed and MEC examined,64,Male,Non-Hispanic Black,Current,23.1,125,128,132,128.33333333333334
118942,Both interviewed and MEC examined,30,Female,Non-Hispanic Asian,Never,20.9,99,94,94,95.66666666666667
118943,Both interviewed and MEC examined,29,Male,Other Hispanic,Current,30.5,129,126,123,126
118944,Both interviewed and MEC examined,51,Male,Non-Hispanic Black,Current,18.2,131,123,129,127.66666666666667
118946,Both interviewed and MEC examined,24,Male,Non-Hispanic White,Never,26.1,115,111,117,114.33333333333333
118947,Both interviewed and MEC examined,58,Female,Non-Hispanic Asian,Never,25.7,120,137,145,134
118949,Both interviewed and MEC examined,64,Female,Other Hispanic,Never,33.1,136,187,173,165.33333333333334
118951,Both interviewed and MEC examined,45,Male,Other Hispanic,Never,34.9,115,106,106,109
118953,Both interviewed and MEC examined,76,Female,Non-Hispanic White,Never,31.8,179,181,177,179
118954,Both interviewed and MEC examined,63,Female,Non-Hispanic Black,Never,50.8,132,127,132,130.33333333333334
118956,Both interviewed and MEC examined,69,Female,Non-Hispanic Black,Never,24.9,NA,NA,NA,NA
118957,Both interviewed and MEC examined,64,Female,Non-Hispanic Black,Never,28.4,131,132,124,129
118958,Both interviewed and MEC examined,40,Male,Non-Hispanic Black,Never,22.2,129,128,134,130.33333333333334
118962,Both interviewed and MEC examined,71,Female,Non-Hispanic Asian,Never,30.7,164,165,172,167
118966,Both interviewed and MEC examined,61,Male,Non-Hispanic Black,Former,35.4,NA,NA,NA,NA
118967,Both interviewed and MEC examined,33,Male,Non-Hispanic White,Current,33,110,109,106,108.33333333333333
118971,Both interviewed and MEC examined,58,Male,Non-Hispanic White,Former,31.3,140,143,145,142.66666666666666
118972,Both interviewed and MEC examined,52,Female,Non-Hispanic White,Never,29.2,131,130,132,131
118977,Both interviewed and MEC examined,45,Female,Other Hispanic,Former,42.6,112,113,108,111
118980,Both interviewed and MEC examined,59,Female,Non-Hispanic Black,Current,25,103,101,101,101.66666666666667
118985,Both interviewed and MEC examined,54,Male,Non-Hispanic White,Never,26.3,129,128,133,130
118986,Both interviewed and MEC examined,51,Male,Other Hispanic,Never,31.8,126,130,121,125.66666666666667
118987,Both interviewed and MEC examined,70,Female,Non-Hispanic White,Current,33.8,112,94,97,101
118989,Both interviewed and MEC examined,53,Female,Non-Hispanic Asian,Never,19.6,143,135,138,138.66666666666666
118990,Both interviewed and MEC examined,56,Female,Non-Hispanic Black,Never,32.1,141,139,138,139.33333333333334
118991,Both interviewed and MEC examined,28,Male,Mexican American,Never,23.9,109,111,109,109.66666666666667
118992,Both interviewed and MEC examined,51,Male,Non-Hispanic White,Never,35.9,114,110,115,113
118994,Both interviewed and MEC examined,23,Male,Other Race - Including Multi-Racial,Current,36.2,134,137,139,136.66666666666666
118997,Both interviewed and MEC examined,64,Male,Non-Hispanic White,Current,NA,NA,NA,NA,NA
118999,Both interviewed and MEC examined,60,Male,Other Race - Including Multi-Racial,Former,30.6,123,128,149,133.33333333333334
119000,Both interviewed and MEC examined,72,Male,Other Hispanic,Never,29.1,141,141,141,141
119001,Both interviewed and MEC examined,52,Female,Non-Hispanic White,Current,22.4,177,160,162,166.33333333333334
119005,Both interviewed and MEC examined,27,Female,Other Race - Including Multi-Racial,Never,18.9,112,113,116,113.66666666666667
119007,Both interviewed and MEC examined,47,Male,Non-Hispanic Black,Never,23.4,128,132,129,129.66666666666666
119009,Both interviewed and MEC examined,64,Female,Non-Hispanic Asian,Never,27.4,108,107,120,111.66666666666667
119016,Both interviewed and MEC examined,56,Male,Non-Hispanic Asian,Former,24.1,131,133,137,133.66666666666666
119017,Both interviewed and MEC examined,65,Male,Non-Hispanic White,Former,35,164,175,174,171
119019,Both interviewed and MEC examined,50,Male,Mexican American,Former,27,119,119,112,116.66666666666667
119022,Both interviewed and MEC examined,64,Male,Non-Hispanic White,Former,28.6,179,179,171,176.33333333333334
119024,Both interviewed and MEC examined,22,Male,Non-Hispanic Black,Never,22.3,125,127,124,125.33333333333333
119029,Both interviewed and MEC examined,42,Male,Other Race - Including Multi-Racial,Never,28.3,116,117,117,116.66666666666667
119030,Both interviewed and MEC examined,67,Male,Non-Hispanic White,Current,24.8,136,124,133,131
119031,Both interviewed and MEC examined,76,Male,Non-Hispanic White,Never,32.9,163,143,153,153
119034,Both interviewed and MEC examined,33,Female,Non-Hispanic White,Former,23.5,106,114,112,110.66666666666667
119040,Both interviewed and MEC examined,73,Female,Non-Hispanic White,Former,26,NA,NA,NA,NA
119041,Both interviewed and MEC examined,37,Male,Mexican American,Current,37.2,136,135,131,134
119042,Both interviewed and MEC examined,75,Male,Non-Hispanic White,Former,30.8,NA,NA,NA,NA
119043,Both interviewed and MEC examined,49,Female,Other Race - Including Multi-Racial,Former,37.7,NA,NA,NA,NA
119044,Both interviewed and MEC examined,43,Male,Non-Hispanic Black,Current,32.2,131,129,134,131.33333333333334
119053,Both interviewed and MEC examined,49,Female,Non-Hispanic White,Former,29.7,103,106,111,106.66666666666667
119054,Both interviewed and MEC examined,66,Male,Other Hispanic,Former,25.2,152,149,112,137.66666666666666
119055,Both interviewed and MEC examined,61,Male,Non-Hispanic White,Current,19.2,100,107,96,101
119056,Both interviewed and MEC examined,72,Male,Non-Hispanic White,Former,36.4,142,127,137,135.33333333333334
119058,Both interviewed and MEC examined,78,Female,Non-Hispanic White,Never,27.1,142,137,142,140.33333333333334
119059,Both interviewed and MEC examined,49,Female,Non-Hispanic White,Never,44.7,126,125,140,130.33333333333334
119060,Both interviewed and MEC examined,46,Male,Non-Hispanic White,Current,41.7,118,121,126,121.66666666666667
119061,Both interviewed and MEC examined,54,Male,Other Hispanic,Current,26,NA,NA,NA,NA
119062,Both interviewed and MEC examined,63,Male,Other Hispanic,Current,33.5,120,127,121,122.66666666666667
119065,Both interviewed and MEC examined,55,Female,Non-Hispanic Black,Never,29.4,131,133,123,129
119066,Both interviewed and MEC examined,24,Female,Non-Hispanic Black,Never,31.2,102,105,106,104.33333333333333
119067,Both interviewed and MEC examined,47,Female,Non-Hispanic White,Never,23.6,104,106,110,106.66666666666667
119068,Both interviewed and MEC examined,46,Male,Other Hispanic,Never,50.2,106,92,100,99.33333333333333
119070,Both interviewed and MEC examined,25,Female,Non-Hispanic White,Never,27.9,NA,NA,NA,NA
119073,Both interviewed and MEC examined,77,Female,Non-Hispanic Black,Never,25.1,125,123,124,124
119075,Both interviewed and MEC examined,56,Female,Non-Hispanic Asian,Never,18.9,96,95,96,95.66666666666667
119076,Both interviewed and MEC examined,67,Female,Non-Hispanic Black,Never,51.9,111,104,102,105.66666666666667
119077,Both interviewed and MEC examined,53,Male,Other Race - Including Multi-Racial,Current,31.6,118,111,112,113.66666666666667
119078,Both interviewed and MEC examined,77,Female,Non-Hispanic Asian,Never,23.3,NA,NA,NA,NA
119079,Both interviewed and MEC examined,32,Female,Mexican American,Current,35.4,105,102,99,102
119080,Both interviewed and MEC examined,25,Female,Non-Hispanic White,Never,29.8,106,102,95,101
119081,Both interviewed and MEC examined,23,Male,Mexican American,Never,28.3,121,120,123,121.33333333333333
119082,Both interviewed and MEC examined,72,Male,Non-Hispanic Asian,Former,25,106,103,105,104.66666666666667
119083,Both interviewed and MEC examined,63,Female,Non-Hispanic White,Former,38.8,160,164,160,161.33333333333334
119084,Both interviewed and MEC examined,48,Male,Mexican American,Never,31.4,NA,NA,NA,NA
119085,Both interviewed and MEC examined,43,Female,Non-Hispanic White,Never,22.8,128,122,108,119.33333333333333
119086,Both interviewed and MEC examined,36,Female,Non-Hispanic Asian,Never,17.9,111,114,113,112.66666666666667
119091,Both interviewed and MEC examined,51,Male,Non-Hispanic Asian,Former,25.1,143,139,157,146.33333333333334
119092,Both interviewed and MEC examined,67,Female,Non-Hispanic White,Never,22.4,142,146,144,144
119094,Both interviewed and MEC examined,51,Female,Non-Hispanic Black,Never,36.3,134,139,135,136
119095,Both interviewed and MEC examined,52,Male,Non-Hispanic Black,Never,29.1,121,118,117,118.66666666666667
119096,Both interviewed and MEC examined,47,Female,Other Hispanic,Never,19.3,113,117,112,114
119097,Both interviewed and MEC examined,40,Female,Non-Hispanic Asian,Never,31.8,126,128,131,128.33333333333334
119098,Both interviewed and MEC examined,32,Male,Non-Hispanic White,Never,53.5,115,120,118,117.66666666666667
119099,Both interviewed and MEC examined,57,Female,Non-Hispanic White,Current,27.5,124,121,121,122
119100,Both interviewed and MEC examined,33,Female,Non-Hispanic White,Current,24.9,NA,NA,NA,NA
119101,Both interviewed and MEC examined,68,Male,Non-Hispanic White,Former,30.4,149,138,139,142
119102,Both interviewed and MEC examined,66,Female,Non-Hispanic Asian,Never,32.5,140,133,135,136
119104,Both interviewed and MEC examined,35,Male,Non-Hispanic Black,Current,33,112,122,119,117.66666666666667
119105,Both interviewed and MEC examined,57,Male,Non-Hispanic White,Current,30.4,141,137,141,139.66666666666666
119108,Both interviewed and MEC examined,74,Male,Non-Hispanic Black,Never,30.5,165,166,161,164
119109,Both interviewed and MEC examined,33,Female,Non-Hispanic Asian,Never,26.3,94,96,92,94
119112,Both interviewed and MEC examined,33,Female,Other Hispanic,Former,32.5,104,104,105,104.33333333333333
119117,Both interviewed and MEC examined,66,Male,Non-Hispanic Black,Never,23.2,113,117,127,119
119123,Both interviewed and MEC examined,57,Male,Other Race - Including Multi-Racial,Never,21.7,124,122,122,122.66666666666667
119124,Both interviewed and MEC examined,61,Female,Non-Hispanic Black,Never,24.6,135,132,133,133.33333333333334
119127,Both interviewed and MEC examined,33,Male,Other Race - Including Multi-Racial,Never,27.4,117,118,116,117
119130,Both interviewed and MEC examined,62,Female,Non-Hispanic Asian,Never,20.4,141,141,133,138.33333333333334
119132,Both interviewed and MEC examined,59,Male,Non-Hispanic White,Current,23,152,134,171,152.33333333333334
119133,Both interviewed and MEC examined,25,Female,Non-Hispanic White,Never,19.8,118,116,116,116.66666666666667
119135,Both interviewed and MEC examined,53,Female,Non-Hispanic Asian,Never,24,NA,NA,NA,NA
119136,Both interviewed and MEC examined,62,Male,Non-Hispanic Black,Current,19.7,150,144,143,145.66666666666666
119139,Both interviewed and MEC examined,73,Female,Non-Hispanic Asian,Never,25.2,103,102,105,103.33333333333333
119142,Both interviewed and MEC examined,69,Male,Mexican American,Former,29,138,126,129,131
119144,Both interviewed and MEC examined,22,Male,Non-Hispanic Black,Never,33.9,117,125,117,119.66666666666667
119145,Both interviewed and MEC examined,28,Male,Non-Hispanic Asian,Former,NA,NA,NA,NA,NA
119146,Both interviewed and MEC examined,39,Male,Mexican American,Former,34.3,124,126,119,123
119148,Both interviewed and MEC examined,41,Female,Non-Hispanic White,Current,25.9,NA,NA,NA,NA
119149,Both interviewed and MEC examined,48,Male,Non-Hispanic White,Never,24.9,109,116,123,116
119150,Both interviewed and MEC examined,32,Male,Non-Hispanic Asian,Former,28.9,106,102,108,105.33333333333333
119152,Both interviewed and MEC examined,55,Male,Non-Hispanic White,Current,17.1,136,133,129,132.66666666666666
119155,Both interviewed and MEC examined,70,Female,Non-Hispanic Asian,Former,38.7,117,114,114,115
119156,Both interviewed and MEC examined,22,Female,Non-Hispanic White,Never,21.5,94,98,94,95.33333333333333
119157,Both interviewed and MEC examined,74,Female,Non-Hispanic Black,Never,34.8,166,170,173,169.66666666666666
119158,Both interviewed and MEC examined,44,Female,Non-Hispanic Asian,Never,33.6,121,120,123,121.33333333333333
119160,Both interviewed and MEC examined,71,Female,Non-Hispanic White,Current,32,132,126,130,129.33333333333334
119161,Both interviewed and MEC examined,29,Female,Non-Hispanic Black,Current,31,102,99,100,100.33333333333333
119164,Both interviewed and MEC examined,68,Male,Mexican American,Former,31.4,150,143,144,145.66666666666666
119166,Both interviewed and MEC examined,42,Male,Non-Hispanic White,Former,28.2,151,155,147,151
119168,Both interviewed and MEC examined,67,Male,Non-Hispanic White,Former,NA,119,77,134,110
119169,Both interviewed and MEC examined,42,Male,Mexican American,Former,23.8,106,100,108,104.66666666666667
119170,Both interviewed and MEC examined,65,Male,Non-Hispanic Black,Current,44.1,146,154,156,152
119171,Both interviewed and MEC examined,24,Male,Non-Hispanic White,Never,23.1,NA,NA,NA,NA
119175,Both interviewed and MEC examined,49,Female,Non-Hispanic Asian,Never,30.3,129,130,125,128
119179,Both interviewed and MEC examined,70,Male,Non-Hispanic White,Current,28.7,96,96,99,97
119181,Both interviewed and MEC examined,42,Male,Non-Hispanic White,Current,36.8,131,147,140,139.33333333333334
119183,Both interviewed and MEC examined,25,Female,Non-Hispanic Black,Never,24.5,108,108,106,107.33333333333333
119184,Both interviewed and MEC examined,35,Male,Non-Hispanic Black,Current,24.8,163,174,171,169.33333333333334
119186,Both interviewed and MEC examined,63,Female,Non-Hispanic White,Current,22.5,123,141,135,133
119187,Both interviewed and MEC examined,45,Male,Non-Hispanic White,Never,27.8,112,115,117,114.66666666666667
119189,Both interviewed and MEC examined,64,Female,Non-Hispanic Black,Never,32,141,142,145,142.66666666666666
119192,Both interviewed and MEC examined,44,Female,Non-Hispanic Black,Never,44.6,156,151,152,153
119193,Both interviewed and MEC examined,52,Female,Non-Hispanic Black,Never,29.9,110,113,117,113.33333333333333
119194,Both interviewed and MEC examined,41,Male,Mexican American,Former,25.3,111,113,112,112
119196,Both interviewed and MEC examined,40,Male,Non-Hispanic Black,Never,27.3,82,79,79,80
119197,Both interviewed and MEC examined,72,Female,Other Hispanic,Never,35.5,135,140,144,139.66666666666666
119201,Both interviewed and MEC examined,25,Female,Mexican American,Current,38.1,92,90,92,91.33333333333333
119206,Both interviewed and MEC examined,69,Female,Non-Hispanic White,Never,38.9,132,133,128,131
119207,Both interviewed and MEC examined,45,Female,Non-Hispanic Asian,Never,24.4,123,133,125,127
119210,Both interviewed and MEC examined,48,Female,Non-Hispanic Asian,Never,20.9,98,115,97,103.33333333333333
119212,Both interviewed and MEC examined,35,Male,Non-Hispanic Black,Current,25.8,105,101,112,106
119215,Both interviewed and MEC examined,31,Male,Mexican American,Never,27.4,NA,NA,NA,NA
119216,Both interviewed and MEC examined,43,Male,Non-Hispanic White,Current,27.3,133,133,133,133
119218,Both interviewed and MEC examined,29,Female,Non-Hispanic White,Never,35.9,115,120,117,117.33333333333333
119222,Both interviewed and MEC examined,69,Female,Non-Hispanic Black,Current,29.7,153,152,154,153
119223,Both interviewed and MEC examined,63,Male,Non-Hispanic Asian,Never,25.9,108,121,119,116
119229,Both interviewed and MEC examined,29,Male,Non-Hispanic Black,Never,25.1,123,116,115,118
119230,Both interviewed and MEC examined,61,Female,Non-Hispanic Black,Current,25,148,151,154,151
119232,Both interviewed and MEC examined,51,Male,Non-Hispanic White,Never,22.6,113,111,109,111
119234,Both interviewed and MEC examined,41,Female,Non-Hispanic White,Former,32.3,119,108,115,114
119237,Both interviewed and MEC examined,67,Female,Non-Hispanic Asian,Never,26.4,139,143,144,142
119239,Both interviewed and MEC examined,71,Female,Other Hispanic,Never,NA,NA,NA,NA,NA
119240,Both interviewed and MEC examined,70,Male,Non-Hispanic White,Current,14.9,126,127,131,128
119241,Both interviewed and MEC examined,54,Female,Mexican American,Never,32.5,108,109,115,110.66666666666667
119242,Both interviewed and MEC examined,61,Female,Non-Hispanic White,Former,36.7,95,90,94,93
119243,Both interviewed and MEC examined,66,Male,Non-Hispanic Black,Former,26.3,147,138,138,141
119245,Both interviewed and MEC examined,45,Male,Non-Hispanic White,Former,28.8,164,145,140,149.66666666666666
119248,Both interviewed and MEC examined,61,Male,Other Hispanic,Former,27.8,136,141,141,139.33333333333334
119249,Both interviewed and MEC examined,62,Male,Other Hispanic,Current,22.1,NA,NA,NA,NA
119250,Both interviewed and MEC examined,38,Male,Mexican American,Never,32.5,133,126,122,127
119252,Both interviewed and MEC examined,24,Male,Non-Hispanic Asian,Never,29.1,138,139,134,137
119254,Both interviewed and MEC examined,51,Female,Non-Hispanic Black,Never,40.1,125,128,132,128.33333333333334
119257,Both interviewed and MEC examined,44,Male,Non-Hispanic Black,Current,30.2,119,107,117,114.33333333333333
119260,Both interviewed and MEC examined,65,Female,Non-Hispanic White,Never,35,161,157,158,158.66666666666666
119262,Both interviewed and MEC examined,51,Male,Non-Hispanic White,Current,41.9,100,106,111,105.66666666666667
119265,Both interviewed and MEC examined,64,Female,Other Hispanic,Never,36.2,139,140,137,138.66666666666666
119266,Both interviewed and MEC examined,46,Male,Non-Hispanic Black,Never,29.8,104,106,104,104.66666666666667
119269,Both interviewed and MEC examined,72,Female,Mexican American,Never,24.5,169,170,174,171
119270,Both interviewed and MEC examined,62,Male,Non-Hispanic White,Former,27.1,NA,NA,NA,NA
119271,Both interviewed and MEC examined,36,Male,Other Hispanic,Current,26.9,NA,NA,NA,NA
119272,Both interviewed and MEC examined,69,Male,Non-Hispanic White,Former,27.4,125,128,126,126.33333333333333
119273,Both interviewed and MEC examined,73,Female,Other Hispanic,Never,31,NA,NA,NA,NA
119274,Both interviewed and MEC examined,61,Male,Non-Hispanic White,Former,29,130,139,143,137.33333333333334
119275,Both interviewed and MEC examined,34,Male,Non-Hispanic Black,Current,21.5,NA,NA,NA,NA
119277,Both interviewed and MEC examined,35,Female,Non-Hispanic White,Former,34.8,NA,NA,NA,NA
119283,Both interviewed and MEC examined,30,Female,Non-Hispanic Asian,Never,20.9,96,96,89,93.66666666666667
119287,Both interviewed and MEC examined,77,Female,Non-Hispanic White,Never,29.3,NA,NA,NA,NA
119292,Both interviewed and MEC examined,56,Female,Non-Hispanic White,Never,20.9,113,112,105,110
119293,Both interviewed and MEC examined,68,Male,Non-Hispanic Black,Current,24.4,148,144,152,148
119296,Both interviewed and MEC examined,43,Female,Non-Hispanic Black,Current,48.5,NA,NA,NA,NA
119297,Both interviewed and MEC examined,65,Female,Non-Hispanic White,Never,35.6,NA,NA,NA,NA
119298,Both interviewed and MEC examined,64,Male,Non-Hispanic White,Former,29.2,109,108,113,110
119299,Both interviewed and MEC examined,56,Male,Non-Hispanic Black,Current,29.9,116,112,109,112.33333333333333
119300,Both interviewed and MEC examined,56,Female,Non-Hispanic Asian,Never,26.8,127,119,131,125.66666666666667
119302,Both interviewed and MEC examined,37,Male,Non-Hispanic Black,Current,22.3,121,127,122,123.33333333333333
119307,Both interviewed and MEC examined,22,Female,Non-Hispanic Black,Never,52.1,NA,NA,NA,NA
119311,Both interviewed and MEC examined,36,Male,Non-Hispanic Black,Current,28,125,125,121,123.66666666666667
119312,Both interviewed and MEC examined,52,Female,Other Hispanic,Former,51.3,156,173,163,164
119313,Both interviewed and MEC examined,62,Female,Non-Hispanic Black,Current,43.8,157,173,174,168
119320,Both interviewed and MEC examined,49,Female,Non-Hispanic White,Never,35,119,125,120,121.33333333333333
119321,Both interviewed and MEC examined,77,Female,Non-Hispanic White,Never,23,150,147,150,149
119322,Both interviewed and MEC examined,66,Female,Non-Hispanic Black,Former,37.2,113,112,118,114.33333333333333
119323,Both interviewed and MEC examined,47,Male,Other Race - Including Multi-Racial,Current,29.6,106,107,104,105.66666666666667
119324,Both interviewed and MEC examined,69,Male,Other Hispanic,Never,27.9,117,121,123,120.33333333333333
119325,Both interviewed and MEC examined,71,Male,Other Race - Including Multi-Racial,Former,37.3,110,121,120,117
119326,Both interviewed and MEC examined,48,Female,Non-Hispanic Asian,Never,27.8,121,121,127,123
119328,Both interviewed and MEC examined,25,Female,Other Race - Including Multi-Racial,Never,23.6,117,115,114,115.33333333333333
119330,Both interviewed and MEC examined,70,Female,Other Hispanic,Never,27.3,NA,NA,NA,NA
119334,Both interviewed and MEC examined,24,Female,Other Hispanic,Never,21,112,111,112,111.66666666666667
119335,Both interviewed and MEC examined,77,Female,Mexican American,Never,22.2,NA,NA,NA,NA
119337,Both interviewed and MEC examined,75,Female,Non-Hispanic White,Former,30.7,127,124,120,123.66666666666667
119340,Both interviewed and MEC examined,31,Male,Other Hispanic,Current,30.4,113,113,117,114.33333333333333
119343,Both interviewed and MEC examined,52,Male,Non-Hispanic Black,Never,29.9,158,156,172,162
119345,Both interviewed and MEC examined,36,Male,Non-Hispanic White,Never,22.3,122,124,129,125
119348,Both interviewed and MEC examined,69,Male,Non-Hispanic White,Current,16.7,102,107,101,103.33333333333333
119349,Both interviewed and MEC examined,74,Female,Non-Hispanic White,Never,33.4,119,114,116,116.33333333333333
119350,Both interviewed and MEC examined,56,Female,Mexican American,Current,19,96,97,95,96
119353,Both interviewed and MEC examined,52,Female,Non-Hispanic Asian,Never,24.6,116,113,111,113.33333333333333
119354,Both interviewed and MEC examined,34,Female,Non-Hispanic Black,Never,52.9,126,130,122,126
119355,Both interviewed and MEC examined,38,Male,Other Hispanic,Current,30.3,112,122,123,119
119356,Both interviewed and MEC examined,64,Male,Non-Hispanic White,Never,21.9,112,122,120,118
119358,Both interviewed and MEC examined,51,Male,Non-Hispanic Asian,Never,27.5,102,101,101,101.33333333333333
119360,Both interviewed and MEC examined,60,Female,Mexican American,Never,29.8,126,127,127,126.66666666666667
119361,Both interviewed and MEC examined,72,Male,Non-Hispanic White,Never,28.3,134,135,125,131.33333333333334
119363,Both interviewed and MEC examined,70,Male,Non-Hispanic Asian,Never,21.7,138,140,143,140.33333333333334
119364,Both interviewed and MEC examined,73,Female,Non-Hispanic White,Current,25.5,NA,NA,NA,NA
119365,Both interviewed and MEC examined,56,Female,Non-Hispanic White,Former,27.4,136,133,141,136.66666666666666
119367,Both interviewed and MEC examined,75,Male,Non-Hispanic Asian,Never,24.6,150,149,151,150
119369,Both interviewed and MEC examined,73,Male,Non-Hispanic White,Never,28.4,150,149,143,147.33333333333334
119370,Both interviewed and MEC examined,63,Female,Non-Hispanic White,Current,44.7,106,116,106,109.33333333333333
119372,Both interviewed and MEC examined,63,Male,Non-Hispanic Black,Never,26.3,162,153,156,157
119375,Both interviewed and MEC examined,31,Female,Non-Hispanic Asian,Never,23.4,117,121,120,119.33333333333333
119376,Both interviewed and MEC examined,53,Female,Non-Hispanic Asian,Never,24.3,155,160,152,155.66666666666666
119381,Both interviewed and MEC examined,67,Female,Other Race - Including Multi-Racial,Former,25.2,133,149,149,143.66666666666666
119382,Both interviewed and MEC examined,63,Male,Non-Hispanic White,Never,23.1,125,116,123,121.33333333333333
119383,Both interviewed and MEC examined,34,Female,Non-Hispanic White,Never,45.5,102,99,100,100.33333333333333
119385,Both interviewed and MEC examined,43,Female,Other Race - Including Multi-Racial,Former,33.1,112,115,115,114
119386,Both interviewed and MEC examined,37,Female,Non-Hispanic Black,Never,42,116,115,116,115.66666666666667
119391,Both interviewed and MEC examined,74,Male,Other Hispanic,Former,34.8,178,178,175,177
119393,Both interviewed and MEC examined,54,Male,Other Hispanic,Current,28.7,115,115,112,114
119394,Both interviewed and MEC examined,37,Female,Other Race - Including Multi-Racial,Never,38.7,115,114,116,115
119399,Both interviewed and MEC examined,79,Female,Non-Hispanic White,Former,25.2,108,111,114,111
119400,Both interviewed and MEC examined,45,Male,Non-Hispanic Black,Former,41.3,126,132,126,128
119402,Both interviewed and MEC examined,77,Male,Other Hispanic,Former,35.2,NA,NA,NA,NA
119403,Both interviewed and MEC examined,79,Male,Non-Hispanic White,Former,28.2,151,144,130,141.66666666666666
119405,Both interviewed and MEC examined,55,Female,Other Hispanic,Former,29.2,194,175,171,180
119407,Both interviewed and MEC examined,57,Male,Non-Hispanic Black,Never,23.5,156,158,153,155.66666666666666
119410,Both interviewed and MEC examined,34,Male,Non-Hispanic Asian,Never,NA,123,122,120,121.66666666666667
119413,Both interviewed and MEC examined,48,Male,Non-Hispanic White,Never,37.1,116,115,118,116.33333333333333
119417,Both interviewed and MEC examined,58,Female,Non-Hispanic Black,Never,30.2,113,116,117,115.33333333333333
119418,Both interviewed and MEC examined,33,Male,Non-Hispanic Asian,Never,33.1,125,124,121,123.33333333333333
119421,Both interviewed and MEC examined,38,Female,Non-Hispanic Asian,Never,26.2,99,99,95,97.66666666666667
119422,Both interviewed and MEC examined,52,Female,Non-Hispanic White,Never,18.2,110,119,122,117
119423,Both interviewed and MEC examined,54,Female,Non-Hispanic White,Never,40.9,89,87,90,88.66666666666667
119427,Both interviewed and MEC examined,67,Female,Mexican American,Former,40.6,139,143,136,139.33333333333334
119428,Both interviewed and MEC examined,38,Female,Other Hispanic,Never,33.5,124,119,119,120.66666666666667
119429,Both interviewed and MEC examined,26,Female,Non-Hispanic Black,Never,38.3,107,106,105,106
119430,Both interviewed and MEC examined,43,Male,Mexican American,Never,31.6,NA,NA,NA,NA
119433,Both interviewed and MEC examined,71,Male,Non-Hispanic Black,Never,27.4,109,110,97,105.33333333333333
119434,Both interviewed and MEC examined,75,Male,Mexican American,Former,26.7,158,153,154,155
119435,Both interviewed and MEC examined,66,Female,Non-Hispanic White,Former,19.8,129,134,131,131.33333333333334
119437,Both interviewed and MEC examined,48,Female,Mexican American,Never,26.8,90,91,91,90.66666666666667
119438,Both interviewed and MEC examined,27,Male,Non-Hispanic Asian,Never,31.2,127,127,131,128.33333333333334
119441,Both interviewed and MEC examined,68,Female,Other Hispanic,Never,27.9,157,149,146,150.66666666666666
119442,Both interviewed and MEC examined,40,Male,Other Hispanic,Never,35.3,121,127,128,125.33333333333333
119444,Both interviewed and MEC examined,62,Male,Other Hispanic,Former,26.5,122,115,116,117.66666666666667
119447,Both interviewed and MEC examined,64,Male,Non-Hispanic Black,Never,26.5,134,128,137,133
119450,Both interviewed and MEC examined,67,Male,Other Race - Including Multi-Racial,Current,26.7,105,102,107,104.66666666666667
119451,Both interviewed and MEC examined,68,Male,Non-Hispanic White,Never,31.7,118,125,121,121.33333333333333
119453,Both interviewed and MEC examined,39,Female,Non-Hispanic Asian,Never,23.6,110,111,112,111
119455,Both interviewed and MEC examined,63,Female,Non-Hispanic White,Former,32.5,164,161,169,164.66666666666666
119456,Both interviewed and MEC examined,56,Female,Non-Hispanic Black,Never,28.1,125,131,136,130.66666666666666
119461,Both interviewed and MEC examined,53,Male,Non-Hispanic Asian,Never,22.9,132,126,135,131
119462,Both interviewed and MEC examined,35,Female,Non-Hispanic Asian,Never,33.2,96,99,97,97.33333333333333
119465,Both interviewed and MEC examined,67,Female,Non-Hispanic Black,Former,20.9,145,142,166,151
119466,Both interviewed and MEC examined,61,Male,Mexican American,Former,26.3,123,119,115,119
119467,Both interviewed and MEC examined,21,Female,Mexican American,Never,21.6,104,105,101,103.33333333333333
119470,Both interviewed and MEC examined,39,Female,Non-Hispanic Asian,Current,20.6,125,118,133,125.33333333333333
119471,Both interviewed and MEC examined,21,Male,Other Hispanic,Never,22.4,NA,NA,NA,NA
119478,Both interviewed and MEC examined,51,Male,Other Race - Including Multi-Racial,Current,34.2,127,125,127,126.33333333333333
119480,Both interviewed and MEC examined,34,Female,Non-Hispanic Asian,Never,24,108,102,104,104.66666666666667
119481,Both interviewed and MEC examined,36,Female,Non-Hispanic White,Current,29.4,106,106,105,105.66666666666667
119483,Both interviewed and MEC examined,38,Male,Non-Hispanic Asian,Never,23.7,143,145,149,145.66666666666666
119484,Both interviewed and MEC examined,21,Female,Other Hispanic,Current,29.9,107,107,111,108.33333333333333
119485,Both interviewed and MEC examined,21,Female,Non-Hispanic White,Never,38.1,110,109,108,109
119486,Both interviewed and MEC examined,62,Female,Non-Hispanic Black,Former,15,114,112,117,114.33333333333333
119487,Both interviewed and MEC examined,52,Female,Other Race - Including Multi-Racial,Never,26.3,127,124,125,125.33333333333333
119488,Both interviewed and MEC examined,30,Male,Other Hispanic,Current,35,141,137,128,135.33333333333334
119489,Both interviewed and MEC examined,59,Female,Non-Hispanic White,Never,28,92,97,100,96.33333333333333
119491,Both interviewed and MEC examined,79,Male,Non-Hispanic White,Former,21.1,135,143,139,139
119494,Both interviewed and MEC examined,48,Female,Mexican American,Never,29,NA,NA,NA,NA
119497,Both interviewed and MEC examined,24,Male,Mexican American,Never,24.4,131,133,136,133.33333333333334
119499,Both interviewed and MEC examined,48,Male,Mexican American,Never,28.8,117,112,113,114
119500,Both interviewed and MEC examined,45,Male,Non-Hispanic Black,Never,29.8,121,120,123,121.33333333333333
119501,Both interviewed and MEC examined,39,Female,Mexican American,Never,31.5,137,131,131,133
119503,Both interviewed and MEC examined,50,Male,Non-Hispanic Black,Current,29.2,114,112,110,112
119504,Both interviewed and MEC examined,44,Male,Non-Hispanic White,Former,30.6,126,128,116,123.33333333333333
119507,Both interviewed and MEC examined,56,Male,Mexican American,Current,25,125,123,130,126
119508,Both interviewed and MEC examined,37,Female,Non-Hispanic Black,Current,19.7,109,111,110,110
119510,Both interviewed and MEC examined,56,Male,Non-Hispanic White,Never,33.4,141,144,150,145
119512,Both interviewed and MEC examined,71,Male,Non-Hispanic Black,Never,24.4,141,143,144,142.66666666666666
119519,Both interviewed and MEC examined,67,Female,Non-Hispanic Black,Former,47.1,138,141,137,138.66666666666666
119521,Both interviewed and MEC examined,25,Female,Other Race - Including Multi-Racial,Never,28.2,98,101,102,100.33333333333333
119523,Both interviewed and MEC examined,25,Female,Non-Hispanic Black,Never,23.6,110,107,103,106.66666666666667
119524,Both interviewed and MEC examined,73,Female,Non-Hispanic White,Never,30.1,NA,NA,NA,NA
119526,Both interviewed and MEC examined,55,Male,Non-Hispanic Asian,Never,22.8,107,106,112,108.33333333333333
119532,Both interviewed and MEC examined,60,Male,Non-Hispanic Black,Current,31.8,133,135,139,135.66666666666666
119533,Both interviewed and MEC examined,33,Male,Non-Hispanic Asian,Current,27.4,108,111,105,108
119537,Both interviewed and MEC examined,22,Male,Mexican American,Never,19.4,104,106,104,104.66666666666667
119540,Both interviewed and MEC examined,70,Male,Non-Hispanic White,Current,28.2,107,119,112,112.66666666666667
119541,Both interviewed and MEC examined,49,Female,Non-Hispanic White,Current,31.5,102,102,100,101.33333333333333
119543,Both interviewed and MEC examined,54,Male,Non-Hispanic White,Never,20.1,148,146,145,146.33333333333334
119545,Both interviewed and MEC examined,44,Male,Non-Hispanic Black,Never,51.6,143,144,137,141.33333333333334
119547,Both interviewed and MEC examined,62,Male,Non-Hispanic White,Former,32.7,107,103,114,108
119548,Both interviewed and MEC examined,76,Female,Other Hispanic,Never,26.9,90,101,94,95
119549,Both interviewed and MEC examined,27,Female,Non-Hispanic White,Former,45.5,102,104,103,103
119551,Both interviewed and MEC examined,49,Male,Mexican American,Current,29.7,119,115,118,117.33333333333333
119552,Both interviewed and MEC examined,74,Female,Non-Hispanic Black,Former,42.1,NA,NA,NA,NA
119554,Both interviewed and MEC examined,73,Female,Non-Hispanic White,Never,48.5,127,NA,NA,127
119556,Both interviewed and MEC examined,52,Female,Non-Hispanic Black,Current,19.2,138,131,126,131.66666666666666
119557,Both interviewed and MEC examined,22,Male,Other Hispanic,Never,31.2,118,110,99,109
119559,Both interviewed and MEC examined,54,Male,Mexican American,Never,29.9,145,144,148,145.66666666666666
119561,Both interviewed and MEC examined,59,Male,Other Race - Including Multi-Racial,Former,33,136,136,143,138.33333333333334
119563,Both interviewed and MEC examined,62,Male,Other Hispanic,Never,28,130,127,129,128.66666666666666
119565,Both interviewed and MEC examined,56,Female,Non-Hispanic White,Never,23.2,96,96,96,96
119567,Both interviewed and MEC examined,69,Female,Non-Hispanic White,Never,39.4,129,127,136,130.66666666666666
119571,Both interviewed and MEC examined,52,Female,Non-Hispanic White,Current,37.9,117,102,121,113.33333333333333
119572,Both interviewed and MEC examined,56,Female,Non-Hispanic Black,Never,25.3,166,139,169,158
119575,Both interviewed and MEC examined,28,Male,Mexican American,Former,26.3,133,144,144,140.33333333333334
119579,Both interviewed and MEC examined,29,Female,Non-Hispanic Black,Never,50.5,83,105,104,97.33333333333333
119580,Both interviewed and MEC examined,27,Female,Mexican American,Never,21,85,87,90,87.33333333333333
119581,Both interviewed and MEC examined,45,Male,Non-Hispanic Black,Never,25.3,NA,NA,NA,NA
119583,Both interviewed and MEC examined,22,Female,Non-Hispanic Asian,Never,23.1,100,95,100,98.33333333333333
119584,Both interviewed and MEC examined,51,Male,Non-Hispanic Black,Never,30.2,110,112,108,110
119585,Both interviewed and MEC examined,63,Female,Non-Hispanic Black,Former,38.8,135,147,146,142.66666666666666
119586,Both interviewed and MEC examined,62,Male,Non-Hispanic Black,Former,30.1,145,142,149,145.33333333333334
119587,Both interviewed and MEC examined,70,Male,Non-Hispanic Black,Current,19.7,153,151,155,153
119588,Both interviewed and MEC examined,58,Male,Non-Hispanic White,Never,30.5,135,135,134,134.66666666666666
119589,Both interviewed and MEC examined,24,Female,Other Race - Including Multi-Racial,Never,29.1,109,112,118,113
119590,Both interviewed and MEC examined,44,Female,Mexican American,Never,26.4,108,109,107,108
119591,Both interviewed and MEC examined,69,Female,Non-Hispanic White,Never,35.2,190,187,194,190.33333333333334
119593,Both interviewed and MEC examined,59,Female,Non-Hispanic White,Former,48.1,125,127,122,124.66666666666667
119594,Both interviewed and MEC examined,47,Male,Non-Hispanic Asian,Never,26.9,109,109,109,109
119595,Both interviewed and MEC examined,51,Male,Non-Hispanic Black,Former,36,131,142,135,136
119597,Both interviewed and MEC examined,47,Male,Non-Hispanic White,Never,26.9,118,120,120,119.33333333333333
119600,Both interviewed and MEC examined,49,Female,Non-Hispanic White,Current,22.1,106,104,105,105
119603,Both interviewed and MEC examined,25,Male,Non-Hispanic Black,Never,24.4,108,109,104,107
119604,Both interviewed and MEC examined,37,Male,Non-Hispanic White,Never,25.6,114,111,114,113
119606,Both interviewed and MEC examined,60,Male,Non-Hispanic Black,Current,21.8,116,111,115,114
119608,Both interviewed and MEC examined,24,Female,Non-Hispanic Black,Never,38.9,108,106,111,108.33333333333333
119609,Both interviewed and MEC examined,24,Female,Non-Hispanic White,Never,57,106,109,119,111.33333333333333
119613,Both interviewed and MEC examined,28,Female,Non-Hispanic White,Current,24.8,110,113,118,113.66666666666667
119617,Both interviewed and MEC examined,66,Female,Non-Hispanic White,Never,24.2,148,137,139,141.33333333333334
119618,Both interviewed and MEC examined,61,Male,Other Hispanic,Never,28.7,129,125,122,125.33333333333333
119619,Both interviewed and MEC examined,37,Male,Other Race - Including Multi-Racial,Former,33.1,114,113,114,113.66666666666667
119621,Both interviewed and MEC examined,32,Male,Non-Hispanic White,Current,33.6,133,133,138,134.66666666666666
119622,Both interviewed and MEC examined,47,Female,Other Hispanic,Never,45.6,113,126,118,119
119623,Both interviewed and MEC examined,33,Male,Non-Hispanic Black,Never,25.3,114,111,112,112.33333333333333
119624,Both interviewed and MEC examined,48,Male,Non-Hispanic Black,Never,37.9,145,142,152,146.33333333333334
119626,Both interviewed and MEC examined,33,Male,Non-Hispanic White,Current,21.6,119,119,115,117.66666666666667
119627,Both interviewed and MEC examined,48,Female,Other Race - Including Multi-Racial,Never,29,125,125,124,124.66666666666667
119628,Both interviewed and MEC examined,46,Female,Mexican American,Never,30.8,122,123,120,121.66666666666667
119629,Both interviewed and MEC examined,73,Male,Non-Hispanic White,Former,31.2,136,130,124,130
119630,Both interviewed and MEC examined,55,Female,Mexican American,Never,26.1,124,126,130,126.66666666666667
119631,Both interviewed and MEC examined,51,Female,Non-Hispanic White,Never,34.7,126,127,133,128.66666666666666
119632,Both interviewed and MEC examined,68,Female,Other Hispanic,Never,27.2,166,158,160,161.33333333333334
119634,Both interviewed and MEC examined,56,Male,Non-Hispanic Black,Former,28.9,143,145,150,146
119635,Both interviewed and MEC examined,38,Female,Mexican American,Never,33.2,NA,NA,NA,NA
119636,Both interviewed and MEC examined,64,Female,Other Race - Including Multi-Racial,Never,32.5,121,125,120,122
119637,Both interviewed and MEC examined,65,Female,Non-Hispanic Black,Former,42.8,142,139,136,139
119641,Both interviewed and MEC examined,24,Male,Non-Hispanic Asian,Never,20.3,125,125,122,124
119642,Both interviewed and MEC examined,59,Female,Non-Hispanic White,Current,37.9,115,113,108,112
119644,Both interviewed and MEC examined,53,Male,Non-Hispanic Black,Never,33.4,116,119,125,120
119645,Both interviewed and MEC examined,47,Female,Non-Hispanic White,Former,39.1,133,127,129,129.66666666666666
119646,Both interviewed and MEC examined,36,Female,Non-Hispanic White,Former,30,110,109,109,109.33333333333333
119648,Both interviewed and MEC examined,65,Female,Non-Hispanic Asian,Never,26.8,121,125,120,122
119652,Both interviewed and MEC examined,64,Male,Non-Hispanic Asian,Current,25.4,NA,NA,NA,NA
119653,Both interviewed and MEC examined,29,Male,Mexican American,Former,22.5,115,104,113,110.66666666666667
119658,Both interviewed and MEC examined,70,Male,Mexican American,Former,35.8,107,109,110,108.66666666666667
119659,Both interviewed and MEC examined,59,Female,Non-Hispanic White,Former,35.8,186,179,170,178.33333333333334
119660,Both interviewed and MEC examined,53,Male,Non-Hispanic White,Never,25.1,119,119,114,117.33333333333333
119664,Both interviewed and MEC examined,61,Male,Other Hispanic,Former,38.5,147,141,148,145.33333333333334
119665,Both interviewed and MEC examined,54,Female,Non-Hispanic White,Never,36.4,118,117,119,118
119667,Both interviewed and MEC examined,32,Male,Non-Hispanic Black,Never,35.8,132,135,130,132.33333333333334
119668,Both interviewed and MEC examined,38,Female,Non-Hispanic White,Never,29.2,112,106,113,110.33333333333333
119669,Both interviewed and MEC examined,64,Female,Non-Hispanic Asian,Never,26,126,135,131,130.66666666666666
119670,Both interviewed and MEC examined,52,Female,Non-Hispanic Black,Current,33.4,132,130,126,129.33333333333334
119672,Both interviewed and MEC examined,24,Female,Non-Hispanic Black,Current,38.8,105,112,107,108
119675,Both interviewed and MEC examined,71,Male,Non-Hispanic Black,Former,37.1,103,107,102,104
119676,Both interviewed and MEC examined,24,Female,Non-Hispanic White,Current,28.6,109,106,107,107.33333333333333
119678,Both interviewed and MEC examined,71,Male,Non-Hispanic Black,Current,35.4,182,181,180,181
119679,Both interviewed and MEC examined,35,Female,Non-Hispanic Asian,Never,28.4,100,102,100,100.66666666666667
119680,Both interviewed and MEC examined,41,Male,Non-Hispanic Black,Never,34.1,135,123,122,126.66666666666667
119681,Both interviewed and MEC examined,72,Male,Mexican American,Never,30.4,NA,NA,NA,NA
119683,Both interviewed and MEC examined,62,Female,Other Race - Including Multi-Racial,Current,25.8,137,145,134,138.66666666666666
119687,Both interviewed and MEC examined,23,Male,Mexican American,Former,20.7,NA,NA,NA,NA
119688,Both interviewed and MEC examined,51,Female,Other Hispanic,Former,26.7,125,126,130,127
119689,Both interviewed and MEC examined,36,Female,Other Hispanic,Never,37.4,106,107,108,107
119693,Both interviewed and MEC examined,37,Female,Other Race - Including Multi-Racial,Current,33.7,100,107,107,104.66666666666667
119696,Both interviewed and MEC examined,45,Female,Mexican American,Never,35,103,113,104,106.66666666666667
119699,Both interviewed and MEC examined,72,Female,Non-Hispanic Asian,Never,29.1,143,150,163,152
119700,Both interviewed and MEC examined,53,Female,Non-Hispanic Black,Never,28.6,134,141,140,138.33333333333334
119703,Both interviewed and MEC examined,40,Male,Non-Hispanic White,Never,35.4,121,128,120,123
119705,Both interviewed and MEC examined,21,Female,Non-Hispanic Asian,Never,34.2,NA,NA,NA,NA
119711,Both interviewed and MEC examined,67,Female,Non-Hispanic Black,Never,29.2,141,148,148,145.66666666666666
119716,Both interviewed and MEC examined,73,Female,Non-Hispanic White,Never,37.2,111,108,109,109.33333333333333
119727,Both interviewed and MEC examined,24,Male,Non-Hispanic White,Former,16.3,110,107,111,109.33333333333333
119728,Both interviewed and MEC examined,63,Male,Non-Hispanic Black,Former,32.8,133,132,133,132.66666666666666
119731,Both interviewed and MEC examined,69,Male,Non-Hispanic White,Never,36.1,128,135,137,133.33333333333334
119734,Both interviewed and MEC examined,73,Male,Non-Hispanic White,Former,28.3,118,119,115,117.33333333333333
119735,Both interviewed and MEC examined,70,Male,Non-Hispanic White,Former,33.8,NA,NA,NA,NA
119737,Both interviewed and MEC examined,22,Female,Mexican American,Never,33.5,102,100,99,100.33333333333333
119738,Both interviewed and MEC examined,66,Male,Non-Hispanic Black,Never,36.5,133,127,131,130.33333333333334
119742,Both interviewed and MEC examined,35,Male,Non-Hispanic White,Former,29.3,124,120,119,121
119743,Both interviewed and MEC examined,28,Male,Other Race - Including Multi-Racial,Current,32.1,116,118,123,119
119745,Both interviewed and MEC examined,45,Female,Non-Hispanic Black,Never,54.5,133,135,133,133.66666666666666
119746,Both interviewed and MEC examined,58,Male,Other Hispanic,Never,29.1,114,109,111,111.33333333333333
119747,Both interviewed and MEC examined,75,Female,Non-Hispanic Black,Never,25,NA,NA,NA,NA
119749,Both interviewed and MEC examined,77,Female,Non-Hispanic Black,Former,20,156,148,150,151.33333333333334
119750,Both interviewed and MEC examined,67,Female,Non-Hispanic Asian,Never,22.1,145,138,140,141
119751,Both interviewed and MEC examined,72,Female,Non-Hispanic White,Never,34,126,130,130,128.66666666666666
119752,Both interviewed and MEC examined,69,Female,Non-Hispanic White,Current,31.9,175,180,172,175.66666666666666
119753,Both interviewed and MEC examined,46,Female,Non-Hispanic White,Never,34.9,112,121,116,116.33333333333333
119755,Both interviewed and MEC examined,75,Female,Non-Hispanic Asian,Never,21,165,170,160,165
119759,Both interviewed and MEC examined,36,Female,Other Hispanic,Current,26.5,NA,NA,NA,NA
119760,Both interviewed and MEC examined,30,Male,Non-Hispanic Black,Current,NA,108,109,112,109.66666666666667
119761,Both interviewed and MEC examined,36,Male,Other Hispanic,Current,28.7,147,150,157,151.33333333333334
119762,Both interviewed and MEC examined,62,Female,Non-Hispanic White,Former,39.8,136,145,147,142.66666666666666
119766,Both interviewed and MEC examined,61,Male,Non-Hispanic Asian,Current,22.4,167,166,169,167.33333333333334
119768,Both interviewed and MEC examined,54,Male,Non-Hispanic Black,Former,27.9,142,136,137,138.33333333333334
119769,Both interviewed and MEC examined,70,Female,Non-Hispanic White,Current,29.5,149,158,149,152
119772,Both interviewed and MEC examined,36,Male,Non-Hispanic White,Former,25.1,119,116,118,117.66666666666667
119775,Both interviewed and MEC examined,67,Female,Non-Hispanic Asian,Never,22,127,130,128,128.33333333333334
119779,Both interviewed and MEC examined,67,Male,Other Hispanic,Never,28.5,177,185,179,180.33333333333334
119780,Both interviewed and MEC examined,42,Female,Non-Hispanic White,Never,48.9,123,121,119,121
119781,Both interviewed and MEC examined,40,Male,Non-Hispanic White,Former,33.3,121,118,112,117
119785,Both interviewed and MEC examined,47,Male,Non-Hispanic Black,Never,44.3,137,137,142,138.66666666666666
119787,Both interviewed and MEC examined,60,Male,Non-Hispanic Asian,Former,28.2,135,138,133,135.33333333333334
119791,Both interviewed and MEC examined,66,Male,Non-Hispanic Black,Never,20.4,125,130,136,130.33333333333334
119795,Both interviewed and MEC examined,67,Female,Non-Hispanic White,Current,24.8,133,137,124,131.33333333333334
119797,Both interviewed and MEC examined,77,Male,Non-Hispanic White,Never,37.2,117,121,112,116.66666666666667
119798,Both interviewed and MEC examined,68,Male,Non-Hispanic White,Former,32,139,137,143,139.66666666666666
119799,Both interviewed and MEC examined,70,Female,Non-Hispanic Asian,Never,23,144,153,141,146
119800,Both interviewed and MEC examined,54,Male,Non-Hispanic White,Current,39.8,100,103,108,103.66666666666667
119801,Both interviewed and MEC examined,48,Female,Non-Hispanic Asian,Never,32.8,109,104,111,108
119802,Both interviewed and MEC examined,27,Male,Non-Hispanic White,Current,32.4,130,124,123,125.66666666666667
119805,Both interviewed and MEC examined,65,Female,Non-Hispanic Black,Never,NA,133,129,130,130.66666666666666
119806,Both interviewed and MEC examined,56,Male,Mexican American,Never,34.7,135,138,137,136.66666666666666
119807,Both interviewed and MEC examined,58,Male,Non-Hispanic White,Never,29.9,129,127,125,127
119808,Both interviewed and MEC examined,78,Male,Non-Hispanic Black,Former,33.4,143,139,140,140.66666666666666
119809,Both interviewed and MEC examined,50,Female,Non-Hispanic White,Former,40.1,130,131,126,129
119811,Both interviewed and MEC examined,45,Male,Non-Hispanic Black,Former,29.7,116,115,115,115.33333333333333
119813,Both interviewed and MEC examined,60,Female,Non-Hispanic Black,Never,23.9,149,156,156,153.66666666666666
119814,Both interviewed and MEC examined,71,Female,Non-Hispanic Black,Current,28.1,123,118,112,117.66666666666667
119817,Both interviewed and MEC examined,50,Male,Non-Hispanic White,Never,29.1,108,112,112,110.66666666666667
119825,Both interviewed and MEC examined,51,Female,Non-Hispanic White,Current,25.2,114,105,105,108
119829,Both interviewed and MEC examined,35,Female,Non-Hispanic Black,Never,31.1,117,123,120,120
119830,Both interviewed and MEC examined,33,Female,Non-Hispanic Black,Never,20.9,105,102,105,104
119832,Both interviewed and MEC examined,41,Female,Other Hispanic,Never,28.3,NA,NA,NA,NA
119833,Both interviewed and MEC examined,39,Male,Non-Hispanic White,Never,24.6,112,115,112,113
119834,Both interviewed and MEC examined,52,Male,Non-Hispanic White,Never,34.4,138,135,146,139.66666666666666
119838,Both interviewed and MEC examined,33,Female,Non-Hispanic White,Current,25.5,NA,NA,NA,NA
119839,Both interviewed and MEC examined,68,Female,Other Hispanic,Never,30.2,150,145,147,147.33333333333334
119841,Both interviewed and MEC examined,45,Female,Non-Hispanic White,Never,32.7,106,113,103,107.33333333333333
119842,Both interviewed and MEC examined,40,Male,Non-Hispanic White,Never,37.8,130,125,128,127.66666666666667
119843,Both interviewed and MEC examined,58,Male,Non-Hispanic White,Never,33.7,123,120,117,120
119845,Both interviewed and MEC examined,70,Male,Non-Hispanic White,Former,27.9,142,146,161,149.66666666666666
119846,Both interviewed and MEC examined,37,Male,Non-Hispanic Black,Current,31.9,NA,NA,NA,NA
119848,Both interviewed and MEC examined,56,Female,Other Hispanic,Never,29.5,115,127,136,126
119852,Both interviewed and MEC examined,42,Male,Non-Hispanic Black,Current,27.6,115,115,118,116
119854,Both interviewed and MEC examined,46,Female,Non-Hispanic Asian,Never,22.9,107,115,108,110
119855,Both interviewed and MEC examined,50,Male,Non-Hispanic Asian,Current,25.9,115,114,116,115
119859,Both interviewed and MEC examined,25,Male,Non-Hispanic White,Former,32.1,110,110,107,109
119870,Both interviewed and MEC examined,65,Male,Non-Hispanic Black,Former,34.9,118,113,95,108.66666666666667
119871,Both interviewed and MEC examined,39,Female,Non-Hispanic Black,Never,47.6,140,138,136,138
119875,Both interviewed and MEC examined,36,Female,Non-Hispanic White,Current,20.6,105,101,99,101.66666666666667
119876,Both interviewed and MEC examined,60,Male,Non-Hispanic Asian,Never,23.3,117,115,118,116.66666666666667
119878,Both interviewed and MEC examined,30,Female,Non-Hispanic Black,Never,21.2,91,90,92,91
119879,Both interviewed and MEC examined,42,Female,Non-Hispanic White,Former,23.5,114,100,103,105.66666666666667
119880,Both interviewed and MEC examined,25,Female,Non-Hispanic White,Never,18.9,100,95,101,98.66666666666667
119882,Both interviewed and MEC examined,26,Female,Non-Hispanic Black,Never,50.5,108,103,104,105
119883,Both interviewed and MEC examined,61,Female,Non-Hispanic White,Current,39.7,121,117,111,116.33333333333333
119885,Both interviewed and MEC examined,58,Female,Non-Hispanic Black,Never,37.8,147,146,146,146.33333333333334
119886,Both interviewed and MEC examined,73,Female,Non-Hispanic Black,Never,31.5,175,166,162,167.66666666666666
119890,Both interviewed and MEC examined,51,Female,Non-Hispanic White,Former,32.9,102,109,103,104.66666666666667
119891,Both interviewed and MEC examined,30,Male,Non-Hispanic Black,Never,25.8,103,104,101,102.66666666666667
119892,Both interviewed and MEC examined,24,Female,Non-Hispanic Black,Never,34,94,99,97,96.66666666666667
119896,Both interviewed and MEC examined,43,Female,Non-Hispanic Black,Former,32.1,110,109,110,109.66666666666667
119897,Both interviewed and MEC examined,32,Male,Non-Hispanic Black,Never,27.9,111,115,109,111.66666666666667
119898,Both interviewed and MEC examined,28,Female,Non-Hispanic Black,Former,18,131,136,131,132.66666666666666
119899,Both interviewed and MEC examined,42,Male,Other Race - Including Multi-Racial,Former,39,121,125,130,125.33333333333333
119901,Both interviewed and MEC examined,30,Female,Non-Hispanic White,Current,20.9,106,107,107,106.66666666666667
119905,Both interviewed and MEC examined,52,Male,Non-Hispanic Black,Former,40.9,117,121,120,119.33333333333333
119907,Both interviewed and MEC examined,22,Female,Other Hispanic,Never,24.1,102,100,98,100
119911,Both interviewed and MEC examined,69,Male,Non-Hispanic White,Former,38.7,144,147,152,147.66666666666666
119915,Both interviewed and MEC examined,25,Male,Non-Hispanic Black,Never,19,108,100,101,103
119917,Both interviewed and MEC examined,55,Male,Mexican American,Former,28.6,136,132,141,136.33333333333334
119918,Both interviewed and MEC examined,68,Female,Non-Hispanic Black,Former,29.5,128,128,129,128.33333333333334
119923,Both interviewed and MEC examined,69,Female,Non-Hispanic White,Never,45.3,116,121,124,120.33333333333333
119928,Both interviewed and MEC examined,58,Female,Non-Hispanic Asian,Never,21.2,140,159,144,147.66666666666666
119932,Both interviewed and MEC examined,66,Male,Non-Hispanic White,Former,26.2,115,118,118,117
119934,Both interviewed and MEC examined,79,Male,Non-Hispanic Asian,Former,24.2,137,138,129,134.66666666666666
119935,Both interviewed and MEC examined,38,Female,Mexican American,Never,25.6,108,108,109,108.33333333333333
119936,Both interviewed and MEC examined,30,Female,Non-Hispanic Asian,Never,21.5,95,98,95,96
119937,Both interviewed and MEC examined,37,Female,Non-Hispanic Black,Never,82,NA,NA,NA,NA
119939,Both interviewed and MEC examined,58,Male,Non-Hispanic Asian,Former,29,105,103,101,103
119940,Both interviewed and MEC examined,63,Male,Non-Hispanic Black,Current,28.2,156,158,152,155.33333333333334
119942,Both interviewed and MEC examined,67,Female,Non-Hispanic Asian,Never,36,NA,NA,NA,NA
119944,Both interviewed and MEC examined,65,Female,Non-Hispanic Black,Never,58.2,140,137,144,140.33333333333334
119947,Both interviewed and MEC examined,40,Male,Other Hispanic,Former,27.3,145,145,149,146.33333333333334
119948,Both interviewed and MEC examined,62,Male,Non-Hispanic White,Former,26.5,115,118,123,118.66666666666667
119949,Both interviewed and MEC examined,24,Female,Mexican American,Never,27.5,NA,NA,NA,NA
119950,Both interviewed and MEC examined,37,Male,Non-Hispanic Black,Never,19.3,107,105,105,105.66666666666667
119951,Both interviewed and MEC examined,75,Male,Mexican American,Former,27.6,133,139,137,136.33333333333334
119953,Both interviewed and MEC examined,29,Female,Non-Hispanic Black,Never,38.9,112,109,110,110.33333333333333
119958,Both interviewed and MEC examined,30,Male,Non-Hispanic White,Former,44.9,130,122,125,125.66666666666667
119959,Both interviewed and MEC examined,59,Male,Non-Hispanic White,Never,29.3,119,124,124,122.33333333333333
119960,Both interviewed and MEC examined,45,Female,Non-Hispanic Black,Current,27.7,110,106,111,109
119961,Both interviewed and MEC examined,51,Male,Non-Hispanic White,Current,22.4,106,98,110,104.66666666666667
119964,Both interviewed and MEC examined,54,Male,Non-Hispanic Asian,Current,18.8,126,127,124,125.66666666666667
119965,Both interviewed and MEC examined,29,Male,Non-Hispanic White,Current,18.6,111,106,105,107.33333333333333
119966,Both interviewed and MEC examined,66,Male,Non-Hispanic Black,Never,26.2,139,145,139,141
119968,Both interviewed and MEC examined,70,Male,Non-Hispanic White,Former,43.2,140,133,150,141
119969,Both interviewed and MEC examined,48,Male,Non-Hispanic Asian,Current,23.4,123,119,122,121.33333333333333
119970,Both interviewed and MEC examined,36,Female,Other Hispanic,Former,21.3,108,110,105,107.66666666666667
119978,Both interviewed and MEC examined,29,Female,Non-Hispanic Black,Never,42.2,162,168,158,162.66666666666666
119979,Both interviewed and MEC examined,70,Female,Other Race - Including Multi-Racial,Never,NA,107,111,100,106
119980,Both interviewed and MEC examined,22,Male,Other Race - Including Multi-Racial,Never,24,119,120,119,119.33333333333333
119981,Both interviewed and MEC examined,33,Female,Mexican American,Never,20.7,119,114,115,116
119982,Both interviewed and MEC examined,32,Male,Non-Hispanic Black,Current,25.4,NA,NA,NA,NA
119984,Both interviewed and MEC examined,41,Female,Non-Hispanic White,Current,34.2,117,136,123,125.33333333333333
119987,Both interviewed and MEC examined,40,Male,Other Race - Including Multi-Racial,Never,29.9,132,131,130,131
119989,Both interviewed and MEC examined,33,Female,Non-Hispanic Black,Never,26.5,111,118,115,114.66666666666667
119994,Both interviewed and MEC examined,55,Female,Other Race - Including Multi-Racial,Never,22.3,163,164,162,163
119996,Both interviewed and MEC examined,53,Female,Non-Hispanic Black,Never,28.1,144,137,132,137.66666666666666
120000,Both interviewed and MEC examined,29,Female,Other Race - Including Multi-Racial,Never,42.7,104,106,106,105.33333333333333
120001,Both interviewed and MEC examined,57,Female,Non-Hispanic Black,Never,31.6,142,138,140,140
120003,Both interviewed and MEC examined,53,Male,Non-Hispanic Black,Current,34.7,119,116,116,117
120005,Both interviewed and MEC examined,41,Male,Non-Hispanic Black,Never,33.3,123,123,120,122
120010,Both interviewed and MEC examined,61,Female,Non-Hispanic White,Former,44.8,119,126,122,122.33333333333333
120011,Both interviewed and MEC examined,34,Male,Non-Hispanic Black,Never,28.5,132,134,133,133
120013,Both interviewed and MEC examined,62,Male,Other Hispanic,Never,39.5,161,164,160,161.66666666666666
120016,Both interviewed and MEC examined,33,Male,Non-Hispanic White,Current,42.9,135,134,138,135.66666666666666
120017,Both interviewed and MEC examined,45,Female,Non-Hispanic Asian,Never,30.9,128,125,126,126.33333333333333
120018,Both interviewed and MEC examined,30,Female,Non-Hispanic Black,Never,42.2,121,116,123,120
120019,Both interviewed and MEC examined,62,Female,Non-Hispanic Black,Never,23.9,141,139,141,140.33333333333334
120021,Both interviewed and MEC examined,56,Female,Non-Hispanic Black,Current,37.6,149,142,155,148.66666666666666
120022,Both interviewed and MEC examined,56,Male,Non-Hispanic White,Former,22.4,145,144,150,146.33333333333334
120025,Both interviewed and MEC examined,36,Female,Mexican American,Former,29.5,114,111,109,111.33333333333333
120026,Both interviewed and MEC examined,60,Female,Non-Hispanic Asian,Never,18.3,122,117,121,120
120027,Both interviewed and MEC examined,36,Male,Non-Hispanic Black,Never,26.2,112,110,109,110.33333333333333
120029,Both interviewed and MEC examined,28,Male,Non-Hispanic White,Current,23.7,108,106,102,105.33333333333333
120030,Both interviewed and MEC examined,34,Male,Non-Hispanic Black,Never,26,141,143,131,138.33333333333334
120039,Both interviewed and MEC examined,31,Male,Non-Hispanic White,Current,24.8,105,111,112,109.33333333333333
120040,Both interviewed and MEC examined,67,Male,Non-Hispanic Black,Former,38.1,137,136,155,142.66666666666666
120041,Both interviewed and MEC examined,62,Male,Non-Hispanic Black,Never,28.6,141,141,141,141
120043,Both interviewed and MEC examined,53,Male,Other Hispanic,Never,27,115,107,117,113
120045,Both interviewed and MEC examined,66,Female,Mexican American,Never,29.4,NA,NA,NA,NA
120047,Both interviewed and MEC examined,75,Male,Non-Hispanic White,Former,NA,NA,NA,NA,NA
120048,Both interviewed and MEC examined,23,Female,Non-Hispanic Black,Never,21.4,104,106,100,103.33333333333333
120049,Both interviewed and MEC examined,75,Male,Non-Hispanic White,Former,25.7,161,174,171,168.66666666666666
120052,Both interviewed and MEC examined,72,Male,Non-Hispanic White,Current,32.5,126,129,129,128
120053,Both interviewed and MEC examined,23,Female,Mexican American,Never,22.7,93,93,90,92
120055,Both interviewed and MEC examined,39,Female,Non-Hispanic White,Current,23.8,NA,NA,NA,NA
120056,Both interviewed and MEC examined,57,Female,Other Hispanic,Current,31.5,118,118,124,120
120062,Both interviewed and MEC examined,68,Female,Non-Hispanic White,Former,30,165,178,181,174.66666666666666
120063,Both interviewed and MEC examined,63,Male,Non-Hispanic White,Current,23.2,86,94,88,89.33333333333333
120064,Both interviewed and MEC examined,70,Male,Non-Hispanic White,Former,36.2,149,143,141,144.33333333333334
120065,Both interviewed and MEC examined,23,Female,Other Race - Including Multi-Racial,Never,21.6,119,125,129,124.33333333333333
120067,Both interviewed and MEC examined,67,Male,Non-Hispanic Black,Current,20,177,168,181,175.33333333333334
120068,Both interviewed and MEC examined,21,Female,Other Race - Including Multi-Racial,Never,26.5,104,109,103,105.33333333333333
120069,Both interviewed and MEC examined,23,Male,Mexican American,Current,38.3,133,131,137,133.66666666666666
120071,Both interviewed and MEC examined,29,Male,Non-Hispanic White,Current,36.7,133,131,139,134.33333333333334
120076,Both interviewed and MEC examined,45,Female,Non-Hispanic Black,Never,46,114,100,101,105
120078,Both interviewed and MEC examined,69,Female,Non-Hispanic Black,Former,31.7,126,129,132,129
120079,Both interviewed and MEC examined,24,Female,Non-Hispanic White,Never,27.7,108,106,115,109.66666666666667
120080,Both interviewed and MEC examined,61,Male,Other Hispanic,Never,36.1,139,132,129,133.33333333333334
120082,Both interviewed and MEC examined,36,Male,Non-Hispanic Black,Current,26.3,117,111,110,112.66666666666667
120084,Both interviewed and MEC examined,33,Female,Non-Hispanic White,Former,23.8,95,94,94,94.33333333333333
120087,Both interviewed and MEC examined,31,Female,Other Hispanic,Current,39.1,NA,NA,NA,NA
120089,Both interviewed and MEC examined,69,Male,Non-Hispanic Asian,Never,28.6,115,111,122,116
120090,Both interviewed and MEC examined,45,Female,Mexican American,Current,23.3,143,140,125,136
120091,Both interviewed and MEC examined,75,Female,Non-Hispanic Black,Never,23.3,119,124,129,124
120094,Both interviewed and MEC examined,53,Male,Non-Hispanic White,Current,35,95,96,99,96.66666666666667
120096,Both interviewed and MEC examined,71,Female,Non-Hispanic Black,Never,32,122,122,122,122
120097,Both interviewed and MEC examined,70,Female,Non-Hispanic Asian,Former,24,137,135,125,132.33333333333334
120101,Both interviewed and MEC examined,21,Male,Non-Hispanic Black,Never,22.4,115,114,116,115
120102,Both interviewed and MEC examined,24,Male,Non-Hispanic Black,Current,30.5,123,125,127,125
120103,Both interviewed and MEC examined,76,Male,Non-Hispanic White,Former,29,111,113,110,111.33333333333333
120104,Both interviewed and MEC examined,38,Female,Mexican American,Former,29.9,101,101,102,101.33333333333333
120105,Both interviewed and MEC examined,24,Male,Non-Hispanic Black,Never,62,112,105,92,103
120106,Both interviewed and MEC examined,30,Female,Non-Hispanic Black,Former,30.5,104,112,105,107
120107,Both interviewed and MEC examined,55,Male,Non-Hispanic Asian,Never,24.3,136,141,136,137.66666666666666
120109,Both interviewed and MEC examined,77,Female,Non-Hispanic Asian,Never,26.4,188,189,184,187
120110,Both interviewed and MEC examined,50,Female,Non-Hispanic Asian,Never,24,NA,NA,NA,NA
120111,Both interviewed and MEC examined,43,Male,Non-Hispanic White,Former,33,112,115,116,114.33333333333333
120115,Both interviewed and MEC examined,46,Female,Mexican American,Never,20,91,91,105,95.66666666666667
120116,Both interviewed and MEC examined,50,Male,Non-Hispanic Black,Former,27.7,142,141,139,140.66666666666666
120117,Both interviewed and MEC examined,68,Male,Other Hispanic,Never,33.6,123,124,120,122.33333333333333
120118,Both interviewed and MEC examined,61,Female,Non-Hispanic Black,Never,28.5,151,149,146,148.66666666666666
120119,Both interviewed and MEC examined,62,Male,Non-Hispanic Asian,Former,25.8,101,105,105,103.66666666666667
120120,Both interviewed and MEC examined,46,Male,Mexican American,Never,27.8,114,111,111,112
120121,Both interviewed and MEC examined,30,Male,Mexican American,Never,32.6,123,128,126,125.66666666666667
120123,Both interviewed and MEC examined,75,Female,Non-Hispanic Asian,Never,27,NA,NA,NA,NA
120124,Both interviewed and MEC examined,57,Male,Non-Hispanic White,Current,21.4,119,115,112,115.33333333333333
120126,Both interviewed and MEC examined,33,Male,Other Race - Including Multi-Racial,Never,68.2,129,112,121,120.66666666666667
120127,Both interviewed and MEC examined,62,Female,Non-Hispanic White,Former,32.2,100,126,99,108.33333333333333
120129,Both interviewed and MEC examined,37,Female,Other Hispanic,Never,18.9,118,109,104,110.33333333333333
120130,Both interviewed and MEC examined,25,Female,Non-Hispanic Asian,Never,38.1,104,103,103,103.33333333333333
120131,Both interviewed and MEC examined,50,Male,Non-Hispanic White,Current,18.4,114,111,121,115.33333333333333
120136,Both interviewed and MEC examined,68,Female,Non-Hispanic Asian,Never,21.9,123,122,125,123.33333333333333
120137,Both interviewed and MEC examined,35,Female,Non-Hispanic Asian,Never,29.1,NA,NA,NA,NA
120141,Both interviewed and MEC examined,67,Male,Non-Hispanic White,Current,30,128,124,134,128.66666666666666
120142,Both interviewed and MEC examined,45,Male,Non-Hispanic Black,Never,22.8,107,107,111,108.33333333333333
120145,Both interviewed and MEC examined,31,Male,Non-Hispanic Black,Former,31.8,118,122,122,120.66666666666667
120147,Both interviewed and MEC examined,35,Male,Mexican American,Never,25.5,107,114,107,109.33333333333333
120148,Both interviewed and MEC examined,65,Male,Non-Hispanic Black,Current,NA,160,155,149,154.66666666666666
120149,Both interviewed and MEC examined,42,Female,Non-Hispanic White,Never,31.6,98,98,94,96.66666666666667
120150,Both interviewed and MEC examined,67,Male,Other Hispanic,Never,27,132,130,130,130.66666666666666
120152,Both interviewed and MEC examined,21,Male,Other Hispanic,Never,34.9,138,139,133,136.66666666666666
120153,Both interviewed and MEC examined,23,Female,Other Hispanic,Never,29.6,NA,NA,NA,NA
120154,Both interviewed and MEC examined,23,Female,Non-Hispanic White,Former,17.9,97,94,98,96.33333333333333
120156,Both interviewed and MEC examined,60,Male,Non-Hispanic White,Former,21.7,119,116,119,118
120158,Both interviewed and MEC examined,66,Male,Non-Hispanic Black,Former,31,149,144,143,145.33333333333334
120160,Both interviewed and MEC examined,27,Female,Non-Hispanic Black,Never,39.2,112,119,115,115.33333333333333
120163,Both interviewed and MEC examined,46,Female,Non-Hispanic Asian,Never,23.1,NA,NA,NA,NA
120165,Both interviewed and MEC examined,44,Male,Non-Hispanic White,Never,18.1,115,115,121,117
120169,Both interviewed and MEC examined,61,Male,Non-Hispanic Black,Never,38.8,121,127,116,121.33333333333333
120171,Both interviewed and MEC examined,47,Female,Non-Hispanic Black,Never,NA,138,118,125,127
120173,Both interviewed and MEC examined,49,Male,Non-Hispanic Black,Never,40.3,159,158,163,160
120177,Both interviewed and MEC examined,72,Female,Non-Hispanic Asian,Never,25.8,143,139,137,139.66666666666666
120178,Both interviewed and MEC examined,33,Male,Mexican American,Never,47.9,113,109,115,112.33333333333333
120179,Both interviewed and MEC examined,23,Female,Non-Hispanic White,Current,19.5,109,117,111,112.33333333333333
120180,Both interviewed and MEC examined,72,Female,Non-Hispanic White,Former,39.4,136,119,129,128
120181,Both interviewed and MEC examined,29,Female,Other Hispanic,Never,27.2,112,101,110,107.66666666666667
120183,Both interviewed and MEC examined,47,Male,Mexican American,Never,38.8,124,125,120,123
120185,Both interviewed and MEC examined,48,Male,Other Hispanic,Never,39.4,111,118,117,115.33333333333333
120186,Both interviewed and MEC examined,66,Male,Non-Hispanic Black,Former,39,99,107,107,104.33333333333333
120188,Both interviewed and MEC examined,30,Male,Non-Hispanic White,Former,30.4,107,107,103,105.66666666666667
120191,Both interviewed and MEC examined,66,Male,Non-Hispanic White,Former,NA,118,123,126,122.33333333333333
120193,Both interviewed and MEC examined,52,Female,Other Race - Including Multi-Racial,Current,28.8,NA,NA,NA,NA
120194,Both interviewed and MEC examined,33,Female,Non-Hispanic Black,Never,27.9,169,176,181,175.33333333333334
120196,Both interviewed and MEC examined,54,Female,Non-Hispanic White,Current,28,134,133,128,131.66666666666666
120197,Both interviewed and MEC examined,58,Female,Non-Hispanic White,Never,25,127,129,117,124.33333333333333
120198,Both interviewed and MEC examined,29,Male,Mexican American,Never,38.7,126,121,123,123.33333333333333
120202,Both interviewed and MEC examined,37,Male,Non-Hispanic White,Never,30.8,100,96,109,101.66666666666667
120203,Both interviewed and MEC examined,41,Female,Non-Hispanic Black,Current,30.8,144,146,141,143.66666666666666
120204,Both interviewed and MEC examined,55,Female,Non-Hispanic Black,Never,38.1,172,167,161,166.66666666666666
120205,Both interviewed and MEC examined,66,Male,Non-Hispanic White,Current,28.4,NA,NA,NA,NA
120206,Both interviewed and MEC examined,41,Male,Non-Hispanic Black,Current,25.5,138,149,158,148.33333333333334
120207,Both interviewed and MEC examined,31,Male,Non-Hispanic Black,Never,29.6,120,124,120,121.33333333333333
120209,Both interviewed and MEC examined,23,Male,Non-Hispanic White,Never,38.8,123,119,119,120.33333333333333
120211,Both interviewed and MEC examined,52,Female,Non-Hispanic Asian,Former,28.7,133,140,135,136
120212,Both interviewed and MEC examined,61,Male,Non-Hispanic Black,Former,29.9,140,135,140,138.33333333333334
120214,Both interviewed and MEC examined,67,Female,Non-Hispanic White,Never,19.2,97,96,103,98.66666666666667
120218,Both interviewed and MEC examined,65,Male,Non-Hispanic Black,Current,35.2,144,145,139,142.66666666666666
120219,Both interviewed and MEC examined,74,Male,Non-Hispanic Asian,Current,29.7,104,101,103,102.66666666666667
120224,Both interviewed and MEC examined,68,Male,Non-Hispanic Black,Former,28.3,NA,NA,NA,NA
120228,Both interviewed and MEC examined,48,Male,Non-Hispanic Asian,Never,23.6,140,156,142,146
120229,Both interviewed and MEC examined,43,Male,Other Race - Including Multi-Racial,Never,26.7,106,105,117,109.33333333333333
120231,Both interviewed and MEC examined,33,Male,Other Hispanic,Current,35.2,147,148,143,146
120239,Both interviewed and MEC examined,23,Female,Non-Hispanic Black,Never,32.1,102,101,102,101.66666666666667
120241,Both interviewed and MEC examined,75,Female,Non-Hispanic Black,Never,36.7,124,137,145,135.33333333333334
120244,Both interviewed and MEC examined,28,Male,Non-Hispanic Black,Never,27.6,129,135,126,130
120246,Both interviewed and MEC examined,34,Male,Non-Hispanic White,Never,29.6,127,124,133,128
120247,Both interviewed and MEC examined,58,Male,Non-Hispanic Asian,Never,22.9,137,126,127,130
120248,Both interviewed and MEC examined,69,Female,Non-Hispanic White,Former,40.1,102,105,108,105
120249,Both interviewed and MEC examined,35,Male,Non-Hispanic White,Current,24.3,102,97,102,100.33333333333333
120251,Both interviewed and MEC examined,64,Female,Non-Hispanic White,Former,33.9,117,109,106,110.66666666666667
120252,Both interviewed and MEC examined,58,Male,Non-Hispanic White,Never,28.3,122,123,124,123
120257,Both interviewed and MEC examined,70,Male,Non-Hispanic White,Never,28.7,134,132,130,132
120258,Both interviewed and MEC examined,59,Female,Other Hispanic,Never,27.1,127,135,123,128.33333333333334
120259,Both interviewed and MEC examined,61,Female,Non-Hispanic Black,Never,37.7,145,150,150,148.33333333333334
120260,Both interviewed and MEC examined,40,Male,Other Hispanic,Never,34.4,NA,NA,NA,NA
120262,Both interviewed and MEC examined,40,Female,Non-Hispanic Black,Former,29.8,146,137,142,141.66666666666666
120268,Both interviewed and MEC examined,47,Female,Mexican American,Never,37.6,144,147,143,144.66666666666666
120270,Both interviewed and MEC examined,61,Male,Non-Hispanic White,Never,25.2,100,100,99,99.66666666666667
120273,Both interviewed and MEC examined,55,Female,Non-Hispanic White,Current,20.4,146,146,139,143.66666666666666
120276,Both interviewed and MEC examined,33,Female,Non-Hispanic Black,Current,72.9,121,117,120,119.33333333333333
120278,Both interviewed and MEC examined,64,Male,Non-Hispanic White,Former,25.5,143,140,137,140
120279,Both interviewed and MEC examined,52,Female,Non-Hispanic Asian,Never,23.7,123,123,130,125.33333333333333
120282,Both interviewed and MEC examined,61,Female,Other Hispanic,Never,26.8,116,117,119,117.33333333333333
120283,Both interviewed and MEC examined,22,Female,Other Hispanic,Current,21,111,109,112,110.66666666666667
120285,Both interviewed and MEC examined,68,Male,Other Hispanic,Never,24.9,129,128,129,128.66666666666666
120286,Both interviewed and MEC examined,62,Female,Mexican American,Never,27.3,135,137,135,135.66666666666666
120287,Both interviewed and MEC examined,72,Male,Non-Hispanic White,Former,27.6,99,96,97,97.33333333333333
120290,Both interviewed and MEC examined,34,Female,Mexican American,Never,40.1,NA,NA,NA,NA
120291,Both interviewed and MEC examined,37,Female,Non-Hispanic White,Never,24.6,103,107,109,106.33333333333333
120292,Both interviewed and MEC examined,60,Female,Non-Hispanic Black,Never,37.2,NA,NA,NA,NA
120293,Both interviewed and MEC examined,75,Female,Non-Hispanic White,Never,30.1,94,89,85,89.33333333333333
120296,Both interviewed and MEC examined,42,Female,Other Hispanic,Never,29.4,154,154,166,158
120299,Both interviewed and MEC examined,26,Male,Non-Hispanic Black,Former,21.8,123,123,120,122
120300,Both interviewed and MEC examined,71,Female,Non-Hispanic White,Never,38.4,173,170,169,170.66666666666666
120307,Both interviewed and MEC examined,64,Male,Non-Hispanic Asian,Current,26.2,122,126,123,123.66666666666667
120310,Both interviewed and MEC examined,52,Female,Non-Hispanic Black,Current,29.9,139,142,132,137.66666666666666
120311,Both interviewed and MEC examined,65,Female,Non-Hispanic White,Never,31.2,127,128,130,128.33333333333334
120312,Both interviewed and MEC examined,33,Male,Non-Hispanic White,Former,32.2,107,126,97,110
120313,Both interviewed and MEC examined,37,Female,Non-Hispanic Black,Never,28,123,124,132,126.33333333333333
120315,Both interviewed and MEC examined,61,Male,Other Hispanic,Never,33.5,117,114,114,115
120319,Both interviewed and MEC examined,76,Female,Non-Hispanic White,Never,25.4,134,123,132,129.66666666666666
120321,Both interviewed and MEC examined,49,Male,Non-Hispanic White,Never,29.7,129,128,129,128.66666666666666
120322,Both interviewed and MEC examined,72,Female,Non-Hispanic White,Former,41.5,131,139,141,137
120324,Both interviewed and MEC examined,24,Male,Other Race - Including Multi-Racial,Never,31.5,NA,NA,NA,NA
120325,Both interviewed and MEC examined,21,Female,Mexican American,Never,31.6,122,118,116,118.66666666666667
120327,Both interviewed and MEC examined,76,Male,Non-Hispanic White,Never,34.2,125,121,120,122
120329,Both interviewed and MEC examined,50,Male,Non-Hispanic Black,Current,21.7,119,120,110,116.33333333333333
120330,Both interviewed and MEC examined,50,Male,Non-Hispanic White,Never,30.4,120,124,109,117.66666666666667
120331,Both interviewed and MEC examined,23,Female,Non-Hispanic Black,Never,30.3,NA,NA,NA,NA
120332,Both interviewed and MEC examined,63,Female,Other Hispanic,Never,30.3,132,134,130,132
120333,Both interviewed and MEC examined,25,Male,Non-Hispanic White,Current,30.2,NA,NA,NA,NA
120334,Both interviewed and MEC examined,22,Female,Non-Hispanic White,Never,28.2,107,110,101,106
120335,Both interviewed and MEC examined,24,Female,Non-Hispanic Asian,Former,26.3,97,99,104,100
120336,Both interviewed and MEC examined,54,Male,Mexican American,Never,29.3,114,118,118,116.66666666666667
120338,Both interviewed and MEC examined,66,Female,Non-Hispanic White,Former,35.2,129,132,127,129.33333333333334
120339,Both interviewed and MEC examined,37,Male,Non-Hispanic Black,Never,29.3,118,121,123,120.66666666666667
120340,Both interviewed and MEC examined,78,Female,Non-Hispanic Black,Current,29,165,157,159,160.33333333333334
120343,Both interviewed and MEC examined,65,Female,Non-Hispanic Asian,Never,28.5,117,117,133,122.33333333333333
120345,Both interviewed and MEC examined,72,Male,Non-Hispanic White,Never,29.8,130,131,132,131
120346,Both interviewed and MEC examined,58,Female,Non-Hispanic Black,Current,44.3,121,127,136,128
120348,Both interviewed and MEC examined,53,Male,Non-Hispanic Black,Never,37.4,171,157,161,163
120350,Both interviewed and MEC examined,59,Female,Non-Hispanic White,Never,28.7,109,110,117,112
120354,Both interviewed and MEC examined,21,Male,Non-Hispanic Asian,Never,29.7,122,123,122,122.33333333333333
120355,Both interviewed and MEC examined,23,Female,Non-Hispanic Black,Current,18.4,96,94,96,95.33333333333333
120356,Both interviewed and MEC examined,59,Male,Non-Hispanic Black,Current,18.2,186,180,174,180
120358,Both interviewed and MEC examined,43,Male,Non-Hispanic Black,Never,34.9,134,137,130,133.66666666666666
120360,Both interviewed and MEC examined,48,Male,Other Race - Including Multi-Racial,Never,20,177,173,172,174
120361,Both interviewed and MEC examined,61,Female,Non-Hispanic Black,Never,25.5,143,152,147,147.33333333333334
120363,Both interviewed and MEC examined,45,Male,Non-Hispanic Black,Former,19,121,123,119,121
120364,Both interviewed and MEC examined,60,Male,Mexican American,Current,35.5,159,167,146,157.33333333333334
120366,Both interviewed and MEC examined,31,Male,Non-Hispanic White,Never,NA,119,114,116,116.33333333333333
120367,Both interviewed and MEC examined,23,Male,Other Hispanic,Never,27.9,100,108,107,105
120368,Both interviewed and MEC examined,25,Male,Other Race - Including Multi-Racial,Never,26.9,119,118,113,116.66666666666667
120369,Both interviewed and MEC examined,62,Female,Non-Hispanic Black,Former,25.4,123,116,118,119
120372,Both interviewed and MEC examined,39,Female,Other Hispanic,Never,18.6,102,98,96,98.66666666666667
120373,Both interviewed and MEC examined,24,Female,Non-Hispanic White,Never,33.8,117,115,113,115
120376,Both interviewed and MEC examined,50,Male,Non-Hispanic Black,Never,34,144,142,135,140.33333333333334
120377,Both interviewed and MEC examined,40,Male,Other Hispanic,Never,24.3,126,133,122,127
120379,Both interviewed and MEC examined,62,Female,Non-Hispanic White,Former,28.9,145,140,133,139.33333333333334
120380,Both interviewed and MEC examined,34,Male,Non-Hispanic White,Current,36.5,133,136,128,132.33333333333334
120381,Both interviewed and MEC examined,62,Male,Mexican American,Never,29.2,125,132,117,124.66666666666667
120382,Both interviewed and MEC examined,58,Female,Non-Hispanic Asian,Never,26.6,110,118,114,114
120384,Both interviewed and MEC examined,78,Female,Non-Hispanic White,Former,30.9,103,109,104,105.33333333333333
120386,Both interviewed and MEC examined,37,Female,Non-Hispanic Black,Never,46.1,99,96,90,95
120387,Both interviewed and MEC examined,65,Male,Non-Hispanic White,Never,28.8,129,132,133,131.33333333333334
120388,Both interviewed and MEC examined,61,Female,Non-Hispanic White,Former,26,117,122,115,118
120391,Both interviewed and MEC examined,61,Female,Non-Hispanic Black,Never,34,120,118,114,117.33333333333333
120392,Both interviewed and MEC examined,27,Female,Non-Hispanic White,Never,28.3,98,102,100,100
120393,Both interviewed and MEC examined,58,Female,Non-Hispanic Black,Never,28.1,152,139,140,143.66666666666666
120395,Both interviewed and MEC examined,33,Male,Other Race - Including Multi-Racial,Former,33.7,158,156,150,154.66666666666666
120396,Both interviewed and MEC examined,67,Female,Non-Hispanic Black,Never,35.9,131,134,132,132.33333333333334
120398,Both interviewed and MEC examined,30,Male,Non-Hispanic White,Current,37.9,120,119,117,118.66666666666667
120401,Both interviewed and MEC examined,77,Male,Non-Hispanic White,Current,18.5,111,112,112,111.66666666666667
120403,Both interviewed and MEC examined,51,Female,Non-Hispanic Black,Current,42.4,120,123,118,120.33333333333333
120404,Both interviewed and MEC examined,32,Female,Non-Hispanic White,Former,26.6,125,121,122,122.66666666666667
120405,Both interviewed and MEC examined,26,Male,Non-Hispanic White,Current,19.7,142,138,128,136
120407,Both interviewed and MEC examined,42,Male,Other Hispanic,Never,27.8,104,106,111,107
120410,Both interviewed and MEC examined,51,Female,Non-Hispanic White,Former,22.4,98,107,115,106.66666666666667
120411,Both interviewed and MEC examined,50,Female,Non-Hispanic Black,Never,54.5,120,113,123,118.66666666666667
120412,Both interviewed and MEC examined,52,Male,Non-Hispanic White,Never,35.3,141,141,132,138
120413,Both interviewed and MEC examined,28,Male,Other Race - Including Multi-Racial,Current,38.4,120,119,115,118
120414,Both interviewed and MEC examined,22,Female,Non-Hispanic White,Never,23.1,119,118,120,119
120415,Both interviewed and MEC examined,22,Male,Mexican American,Former,27,110,112,109,110.33333333333333
120416,Both interviewed and MEC examined,72,Male,Non-Hispanic White,Former,25.6,139,130,127,132
120418,Both interviewed and MEC examined,23,Male,Other Hispanic,Never,31.9,128,125,127,126.66666666666667
120419,Both interviewed and MEC examined,78,Male,Non-Hispanic White,Former,32.6,126,109,111,115.33333333333333
120420,Both interviewed and MEC examined,54,Male,Non-Hispanic White,Former,26.9,116,114,128,119.33333333333333
120422,Both interviewed and MEC examined,23,Male,Non-Hispanic White,Current,35.7,128,126,122,125.33333333333333
120426,Both interviewed and MEC examined,52,Female,Non-Hispanic Black,Never,64.7,NA,NA,NA,NA
120428,Both interviewed and MEC examined,45,Female,Non-Hispanic White,Current,31.1,131,125,133,129.66666666666666
120432,Both interviewed and MEC examined,55,Male,Mexican American,Never,26.5,107,111,109,109
120435,Both interviewed and MEC examined,59,Male,Non-Hispanic Black,Current,15.7,137,136,130,134.33333333333334
120436,Both interviewed and MEC examined,59,Female,Non-Hispanic White,Former,52,NA,NA,NA,NA
120440,Both interviewed and MEC examined,55,Female,Mexican American,Never,29.4,106,103,108,105.66666666666667
120441,Both interviewed and MEC examined,27,Female,Non-Hispanic Asian,Never,22.2,105,101,101,102.33333333333333
120442,Both interviewed and MEC examined,72,Male,Non-Hispanic White,Never,30,139,123,136,132.66666666666666
120444,Both interviewed and MEC examined,62,Female,Other Hispanic,Never,26.3,150,149,157,152
120447,Both interviewed and MEC examined,47,Male,Non-Hispanic White,Never,24.1,110,107,106,107.66666666666667
120450,Both interviewed and MEC examined,61,Female,Non-Hispanic White,Never,24,113,116,116,115
120451,Both interviewed and MEC examined,21,Female,Mexican American,Never,23.4,NA,NA,NA,NA
120452,Both interviewed and MEC examined,58,Female,Non-Hispanic Black,Never,43.1,127,135,132,131.33333333333334
120454,Both interviewed and MEC examined,40,Female,Mexican American,Former,28,99,93,99,97
120456,Both interviewed and MEC examined,54,Male,Other Hispanic,Never,31.9,121,121,114,118.66666666666667
120459,Both interviewed and MEC examined,51,Female,Non-Hispanic Black,Never,77.3,NA,NA,NA,NA
120462,Both interviewed and MEC examined,61,Female,Non-Hispanic White,Never,23.6,108,106,112,108.66666666666667
120463,Both interviewed and MEC examined,54,Male,Non-Hispanic White,Current,22.8,118,113,114,115
120464,Both interviewed and MEC examined,24,Female,Non-Hispanic Black,Never,34.3,95,100,101,98.66666666666667
120465,Both interviewed and MEC examined,46,Male,Non-Hispanic Black,Never,31.6,NA,NA,NA,NA
120467,Both interviewed and MEC examined,41,Male,Mexican American,Never,32.8,133,135,133,133.66666666666666
120468,Both interviewed and MEC examined,69,Male,Non-Hispanic Asian,Former,28.3,183,177,176,178.66666666666666
120471,Both interviewed and MEC examined,67,Female,Non-Hispanic Black,Never,24.7,118,113,115,115.33333333333333
120472,Both interviewed and MEC examined,59,Female,Non-Hispanic Black,Never,33.7,150,149,147,148.66666666666666
120475,Both interviewed and MEC examined,37,Male,Other Hispanic,Never,29.4,118,118,117,117.66666666666667
120476,Both interviewed and MEC examined,43,Male,Non-Hispanic White,Current,29.4,119,123,120,120.66666666666667
120478,Both interviewed and MEC examined,60,Male,Non-Hispanic Asian,Never,28.8,132,127,118,125.66666666666667
120479,Both interviewed and MEC examined,39,Male,Non-Hispanic Black,Current,30,123,124,131,126
120480,Both interviewed and MEC examined,45,Male,Non-Hispanic Black,Never,30.1,119,124,124,122.33333333333333
120481,Both interviewed and MEC examined,30,Female,Non-Hispanic Asian,Never,29,NA,NA,NA,NA
120483,Both interviewed and MEC examined,64,Female,Non-Hispanic White,Former,22.4,123,114,114,117
120484,Both interviewed and MEC examined,32,Male,Non-Hispanic Black,Never,27.8,109,115,110,111.33333333333333
120485,Both interviewed and MEC examined,25,Male,Non-Hispanic White,Never,33.5,134,125,139,132.66666666666666
120490,Both interviewed and MEC examined,40,Female,Non-Hispanic White,Current,26.9,NA,NA,NA,NA
120491,Both interviewed and MEC examined,38,Male,Non-Hispanic Black,Never,27.6,114,115,113,114
120494,Both interviewed and MEC examined,31,Female,Non-Hispanic White,Never,20.2,108,107,107,107.33333333333333
120497,Both interviewed and MEC examined,64,Male,Non-Hispanic Black,Current,31.5,115,112,120,115.66666666666667
120500,Both interviewed and MEC examined,55,Female,Non-Hispanic Black,Never,26.9,97,96,101,98
120501,Both interviewed and MEC examined,57,Female,Non-Hispanic Black,Never,38.4,140,138,142,140
120509,Both interviewed and MEC examined,64,Female,Non-Hispanic White,Never,31.9,125,134,140,133
120510,Both interviewed and MEC examined,50,Male,Non-Hispanic Black,Never,27.9,107,107,108,107.33333333333333
120511,Both interviewed and MEC examined,28,Male,Mexican American,Never,40.3,138,134,138,136.66666666666666
120512,Both interviewed and MEC examined,46,Female,Non-Hispanic Black,Never,26.8,90,101,96,95.66666666666667
120516,Both interviewed and MEC examined,63,Male,Non-Hispanic Black,Never,NA,NA,NA,NA,NA
120517,Both interviewed and MEC examined,29,Male,Non-Hispanic Black,Never,34.8,134,132,139,135
120519,Both interviewed and MEC examined,32,Female,Non-Hispanic Black,Never,41.7,101,102,102,101.66666666666667
120521,Both interviewed and MEC examined,73,Male,Non-Hispanic White,Never,30.7,126,127,132,128.33333333333334
120522,Both interviewed and MEC examined,62,Male,Mexican American,Former,24.7,117,127,134,126
120523,Both interviewed and MEC examined,38,Female,Non-Hispanic Asian,Never,22.8,97,93,90,93.33333333333333
120526,Both interviewed and MEC examined,26,Female,Non-Hispanic White,Current,20.4,NA,NA,NA,NA
120527,Both interviewed and MEC examined,55,Male,Mexican American,Former,29.8,122,136,125,127.66666666666667
120528,Both interviewed and MEC examined,59,Male,Non-Hispanic Asian,Former,23.7,103,112,117,110.66666666666667
120529,Both interviewed and MEC examined,21,Female,Mexican American,Never,28.2,108,108,106,107.33333333333333
120531,Both interviewed and MEC examined,58,Female,Other Hispanic,Never,33.2,136,129,121,128.66666666666666
120532,Both interviewed and MEC examined,33,Male,Non-Hispanic White,Never,42.5,120,115,118,117.66666666666667
120535,Both interviewed and MEC examined,70,Female,Non-Hispanic Black,Never,34.2,137,145,133,138.33333333333334
120538,Both interviewed and MEC examined,53,Female,Mexican American,Never,28.3,118,122,122,120.66666666666667
120540,Both interviewed and MEC examined,44,Male,Non-Hispanic Black,Never,28.5,131,123,132,128.66666666666666
120541,Both interviewed and MEC examined,31,Male,Non-Hispanic White,Current,25.3,116,115,116,115.66666666666667
120542,Both interviewed and MEC examined,59,Male,Non-Hispanic White,Never,22.4,118,109,110,112.33333333333333
120544,Both interviewed and MEC examined,70,Female,Non-Hispanic White,Never,28.8,139,152,154,148.33333333333334
120545,Both interviewed and MEC examined,55,Female,Other Hispanic,Never,33.7,119,122,125,122
120552,Both interviewed and MEC examined,21,Male,Mexican American,Never,47.5,125,116,121,120.66666666666667
120553,Both interviewed and MEC examined,32,Female,Other Race - Including Multi-Racial,Never,28,109,104,108,107
120556,Both interviewed and MEC examined,76,Male,Non-Hispanic White,Never,25.3,134,132,138,134.66666666666666
120558,Both interviewed and MEC examined,45,Male,Non-Hispanic Black,Never,33.9,137,129,122,129.33333333333334
120560,Both interviewed and MEC examined,25,Female,Non-Hispanic Black,Never,18.9,104,101,104,103
120561,Both interviewed and MEC examined,37,Male,Mexican American,Never,23.1,111,113,114,112.66666666666667
120563,Both interviewed and MEC examined,62,Male,Non-Hispanic Black,Never,35.5,130,129,126,128.33333333333334
120566,Both interviewed and MEC examined,42,Male,Non-Hispanic Black,Never,49.8,100,99,105,101.33333333333333
120567,Both interviewed and MEC examined,71,Male,Non-Hispanic Black,Current,19,130,128,125,127.66666666666667
120570,Both interviewed and MEC examined,65,Male,Non-Hispanic Black,Current,22.1,140,139,147,142
120571,Both interviewed and MEC examined,55,Female,Non-Hispanic Asian,Never,22.5,106,111,104,107
120573,Both interviewed and MEC examined,56,Female,Non-Hispanic Black,Never,35.4,160,157,156,157.66666666666666
120576,Both interviewed and MEC examined,28,Female,Mexican American,Former,27.1,109,109,107,108.33333333333333
120577,Both interviewed and MEC examined,56,Female,Non-Hispanic White,Former,34.3,133,127,130,130
120581,Both interviewed and MEC examined,37,Female,Other Hispanic,Never,28.4,149,131,135,138.33333333333334
120584,Both interviewed and MEC examined,63,Female,Non-Hispanic Asian,Current,26.2,133,134,130,132.33333333333334
120585,Both interviewed and MEC examined,44,Male,Non-Hispanic Black,Current,27.6,137,140,138,138.33333333333334
120591,Both interviewed and MEC examined,67,Female,Non-Hispanic Black,Never,21.8,157,154,148,153
120593,Both interviewed and MEC examined,68,Male,Non-Hispanic Black,Current,28.4,136,144,135,138.33333333333334
120594,Both interviewed and MEC examined,61,Male,Non-Hispanic Black,Former,28.9,120,110,124,118
120596,Both interviewed and MEC examined,42,Female,Non-Hispanic Asian,Never,21.5,97,104,95,98.66666666666667
120597,Both interviewed and MEC examined,63,Female,Non-Hispanic Black,Former,25.9,NA,NA,NA,NA
120598,Both interviewed and MEC examined,29,Female,Non-Hispanic Black,Former,39.5,109,105,107,107
120600,Both interviewed and MEC examined,72,Male,Non-Hispanic White,Never,32.3,117,119,124,120
120601,Both interviewed and MEC examined,24,Male,Mexican American,Current,32.4,98,114,110,107.33333333333333
120603,Both interviewed and MEC examined,64,Male,Other Hispanic,Never,24,119,119,116,118
120607,Both interviewed and MEC examined,49,Female,Non-Hispanic White,Former,40.1,117,104,112,111
120609,Both interviewed and MEC examined,39,Male,Non-Hispanic White,Never,24.6,112,113,108,111
120610,Both interviewed and MEC examined,57,Male,Non-Hispanic White,Never,28.4,127,121,124,124
120611,Both interviewed and MEC examined,76,Male,Non-Hispanic White,Former,27.6,140,138,143,140.33333333333334
120614,Both interviewed and MEC examined,23,Male,Non-Hispanic White,Never,27.5,124,119,135,126
120616,Both interviewed and MEC examined,60,Male,Non-Hispanic Black,Never,31.5,129,129,132,130
120617,Both interviewed and MEC examined,34,Male,Other Hispanic,Former,36.9,136,122,125,127.66666666666667
120618,Both interviewed and MEC examined,62,Female,Mexican American,Never,20.2,122,120,117,119.66666666666667
120623,Both interviewed and MEC examined,32,Male,Non-Hispanic Asian,Never,25,108,108,108,108
120624,Both interviewed and MEC examined,38,Female,Non-Hispanic Asian,Former,23.2,114,115,120,116.33333333333333
120625,Both interviewed and MEC examined,47,Male,Non-Hispanic White,Current,28.2,151,132,129,137.33333333333334
120629,Both interviewed and MEC examined,27,Female,Other Hispanic,Never,20,104,105,109,106
120631,Both interviewed and MEC examined,48,Female,Non-Hispanic White,Never,25.3,129,136,135,133.33333333333334
120633,Both interviewed and MEC examined,41,Male,Non-Hispanic Black,Never,22.8,101,100,101,100.66666666666667
120634,Both interviewed and MEC examined,79,Female,Non-Hispanic Asian,Former,22.9,178,174,183,178.33333333333334
120635,Both interviewed and MEC examined,34,Female,Non-Hispanic Black,Former,37.4,119,124,115,119.33333333333333
120636,Both interviewed and MEC examined,53,Male,Non-Hispanic Asian,Never,25.3,134,139,135,136
120640,Both interviewed and MEC examined,67,Female,Other Hispanic,Never,NA,NA,NA,NA,NA
120641,Both interviewed and MEC examined,41,Male,Non-Hispanic Asian,Never,28,123,123,111,119
120645,Both interviewed and MEC examined,47,Male,Non-Hispanic Black,Former,28.1,NA,NA,NA,NA
120648,Both interviewed and MEC examined,40,Male,Mexican American,Never,25,NA,NA,NA,NA
120650,Both interviewed and MEC examined,54,Female,Mexican American,Never,NA,NA,NA,NA,NA
120651,Both interviewed and MEC examined,68,Female,Non-Hispanic Black,Never,30.3,149,154,146,149.66666666666666
120652,Both interviewed and MEC examined,60,Female,Non-Hispanic Black,Never,28.1,134,136,129,133
120653,Both interviewed and MEC examined,78,Male,Mexican American,Former,22.9,NA,NA,NA,NA
120658,Both interviewed and MEC examined,65,Female,Non-Hispanic White,Former,17.5,98,104,108,103.33333333333333
120659,Both interviewed and MEC examined,24,Female,Other Hispanic,Never,20.7,84,82,81,82.33333333333333
120662,Both interviewed and MEC examined,46,Male,Mexican American,Former,31.4,NA,NA,NA,NA
120666,Both interviewed and MEC examined,49,Male,Non-Hispanic Black,Current,NA,130,129,130,129.66666666666666
120667,Both interviewed and MEC examined,68,Female,Non-Hispanic White,Never,28,105,107,100,104
120671,Both interviewed and MEC examined,57,Female,Non-Hispanic Black,Former,27.8,135,143,143,140.33333333333334
120675,Both interviewed and MEC examined,45,Female,Non-Hispanic Black,Never,NA,NA,NA,NA,NA
120676,Both interviewed and MEC examined,45,Female,Non-Hispanic White,Never,25.8,104,104,99,102.33333333333333
120677,Both interviewed and MEC examined,21,Male,Mexican American,Never,30.4,110,113,112,111.66666666666667
120678,Both interviewed and MEC examined,29,Male,Non-Hispanic Asian,Never,29.7,144,144,140,142.66666666666666
120683,Both interviewed and MEC examined,71,Male,Non-Hispanic White,Never,26.4,115,120,123,119.33333333333333
120684,Both interviewed and MEC examined,26,Female,Non-Hispanic White,Never,22.8,113,112,107,110.66666666666667
120685,Both interviewed and MEC examined,38,Male,Non-Hispanic White,Never,51,125,123,120,122.66666666666667
120687,Both interviewed and MEC examined,36,Female,Non-Hispanic Black,Current,20.6,124,124,134,127.33333333333333
120688,Both interviewed and MEC examined,54,Male,Non-Hispanic Black,Former,22.3,153,162,159,158
120692,Both interviewed and MEC examined,55,Male,Non-Hispanic White,Current,NA,NA,NA,NA,NA
120694,Both interviewed and MEC examined,54,Male,Non-Hispanic Asian,Never,28.5,115,117,119,117
120696,Both interviewed and MEC examined,39,Female,Non-Hispanic Black,Never,39.2,120,115,124,119.66666666666667
120699,Both interviewed and MEC examined,71,Female,Other Hispanic,Never,32.1,112,108,105,108.33333333333333
120700,Both interviewed and MEC examined,58,Male,Non-Hispanic Black,Never,44.1,119,113,128,120
120704,Both interviewed and MEC examined,53,Male,Non-Hispanic Asian,Never,26.2,NA,NA,NA,NA
120708,Both interviewed and MEC examined,55,Male,Non-Hispanic Black,Current,29.3,130,134,131,131.66666666666666
120709,Both interviewed and MEC examined,55,Male,Non-Hispanic Black,Current,31.6,118,121,128,122.33333333333333
120710,Both interviewed and MEC examined,53,Male,Non-Hispanic Black,Current,45.3,189,189,186,188
120711,Both interviewed and MEC examined,32,Male,Mexican American,Never,33.4,134,133,130,132.33333333333334
120712,Both interviewed and MEC examined,45,Male,Non-Hispanic Black,Never,38,147,146,152,148.33333333333334
120717,Both interviewed and MEC examined,36,Female,Non-Hispanic Black,Never,38.1,109,109,109,109
120720,Both interviewed and MEC examined,42,Male,Non-Hispanic White,Current,27.5,122,113,110,115
120723,Both interviewed and MEC examined,38,Female,Non-Hispanic White,Never,44.5,105,105,108,106
120727,Both interviewed and MEC examined,29,Female,Non-Hispanic White,Current,42.4,99,99,92,96.66666666666667
120731,Both interviewed and MEC examined,36,Female,Other Hispanic,Never,27.1,153,149,152,151.33333333333334
120733,Both interviewed and MEC examined,74,Female,Non-Hispanic Black,Never,28.1,133,126,132,130.33333333333334
120734,Both interviewed and MEC examined,62,Female,Other Hispanic,Never,31.3,118,114,117,116.33333333333333
120738,Both interviewed and MEC examined,61,Male,Non-Hispanic Asian,Never,25.5,139,136,131,135.33333333333334
120739,Both interviewed and MEC examined,63,Female,Non-Hispanic Black,Former,34,110,112,118,113.33333333333333
120742,Both interviewed and MEC examined,65,Female,Non-Hispanic Black,Never,35.6,140,137,144,140.33333333333334
120743,Both interviewed and MEC examined,66,Female,Non-Hispanic White,Never,29,113,108,112,111
120745,Both interviewed and MEC examined,32,Male,Non-Hispanic Asian,Former,26.1,121,117,111,116.33333333333333
120746,Both interviewed and MEC examined,34,Male,Non-Hispanic Black,Never,29.9,110,112,115,112.33333333333333
120748,Both interviewed and MEC examined,40,Male,Non-Hispanic Black,Never,40.8,109,116,112,112.33333333333333
120749,Both interviewed and MEC examined,31,Male,Other Race - Including Multi-Racial,Never,36.1,107,110,104,107
120752,Both interviewed and MEC examined,64,Male,Other Race - Including Multi-Racial,Former,28.1,135,136,135,135.33333333333334
120754,Both interviewed and MEC examined,63,Male,Non-Hispanic White,Former,33.4,107,110,115,110.66666666666667
120756,Both interviewed and MEC examined,67,Female,Non-Hispanic Black,Never,84.4,NA,NA,NA,NA
120761,Both interviewed and MEC examined,70,Male,Non-Hispanic Asian,Former,21,128,126,135,129.66666666666666
120762,Both interviewed and MEC examined,74,Female,Other Race - Including Multi-Racial,Former,35.4,182,171,175,176
120769,Both interviewed and MEC examined,47,Female,Non-Hispanic Asian,Former,32.4,119,122,119,120
120770,Both interviewed and MEC examined,54,Male,Non-Hispanic White,Current,18.4,150,144,144,146
120774,Both interviewed and MEC examined,22,Female,Non-Hispanic Black,Never,42.2,139,142,135,138.66666666666666
120778,Both interviewed and MEC examined,30,Female,Non-Hispanic Black,Current,30,111,109,108,109.33333333333333
120779,Both interviewed and MEC examined,56,Male,Non-Hispanic White,Former,35.6,128,130,125,127.66666666666667
120780,Both interviewed and MEC examined,40,Female,Other Hispanic,Never,22.9,NA,NA,NA,NA
120782,Both interviewed and MEC examined,21,Male,Mexican American,Former,32.9,130,126,129,128.33333333333334
120784,Both interviewed and MEC examined,49,Female,Other Hispanic,Never,33.2,106,106,112,108
120788,Both interviewed and MEC examined,54,Female,Non-Hispanic Asian,Never,20.9,125,118,116,119.66666666666667
120790,Both interviewed and MEC examined,56,Female,Non-Hispanic Black,Former,57.2,141,138,145,141.33333333333334
120791,Both interviewed and MEC examined,64,Female,Non-Hispanic Black,Never,27.4,107,112,109,109.33333333333333
120792,Both interviewed and MEC examined,47,Male,Non-Hispanic Black,Current,35.3,132,129,132,131
120793,Both interviewed and MEC examined,70,Female,Non-Hispanic Black,Former,37.5,125,116,130,123.66666666666667
120794,Both interviewed and MEC examined,51,Male,Non-Hispanic Black,Never,20.6,112,119,115,115.33333333333333
120796,Both interviewed and MEC examined,79,Female,Mexican American,Never,NA,NA,NA,NA,NA
120797,Both interviewed and MEC examined,71,Male,Non-Hispanic Black,Former,53.7,94,99,101,98
120798,Both interviewed and MEC examined,60,Male,Other Hispanic,Current,23.9,105,106,110,107
120799,Both interviewed and MEC examined,66,Male,Non-Hispanic White,Never,35.4,130,127,126,127.66666666666667
120802,Both interviewed and MEC examined,23,Male,Non-Hispanic White,Never,31.8,123,129,129,127
120804,Both interviewed and MEC examined,40,Female,Mexican American,Never,28.9,116,120,116,117.33333333333333
120814,Both interviewed and MEC examined,25,Male,Mexican American,Never,27.2,128,128,125,127
120817,Both interviewed and MEC examined,59,Male,Other Hispanic,Never,29,127,123,136,128.66666666666666
120819,Both interviewed and MEC examined,31,Female,Non-Hispanic White,Never,21.6,105,105,103,104.33333333333333
120823,Both interviewed and MEC examined,58,Male,Non-Hispanic Black,Never,28.8,134,134,139,135.66666666666666
120825,Both interviewed and MEC examined,56,Female,Non-Hispanic Black,Never,43.6,NA,NA,NA,NA
120826,Both interviewed and MEC examined,52,Female,Non-Hispanic White,Never,30.6,135,129,120,128
120827,Both interviewed and MEC examined,29,Male,Non-Hispanic Black,Current,18.8,110,103,114,109
120828,Both interviewed and MEC examined,75,Female,Non-Hispanic White,Never,22.9,154,154,153,153.66666666666666
120829,Both interviewed and MEC examined,53,Female,Non-Hispanic White,Current,52.8,104,105,113,107.33333333333333
120831,Both interviewed and MEC examined,60,Male,Non-Hispanic White,Former,28.6,104,110,113,109
120832,Both interviewed and MEC examined,60,Male,Non-Hispanic Black,Never,36.1,119,125,119,121
120836,Both interviewed and MEC examined,72,Male,Non-Hispanic White,Never,24.1,117,112,116,115
120837,Both interviewed and MEC examined,38,Female,Mexican American,Never,32.3,115,120,124,119.66666666666667
120840,Both interviewed and MEC examined,41,Male,Non-Hispanic White,Former,22.1,NA,NA,NA,NA
120841,Both interviewed and MEC examined,55,Male,Mexican American,Current,38.9,120,124,113,119
120842,Both interviewed and MEC examined,30,Female,Non-Hispanic White,Never,26.3,93,96,98,95.66666666666667
120843,Both interviewed and MEC examined,61,Male,Non-Hispanic Asian,Former,22.9,116,118,126,120
120846,Both interviewed and MEC examined,42,Male,Non-Hispanic Black,Never,30.8,136,136,140,137.33333333333334
120847,Both interviewed and MEC examined,76,Male,Non-Hispanic Black,Former,26.8,158,155,157,156.66666666666666
120848,Both interviewed and MEC examined,32,Female,Non-Hispanic White,Current,18.5,97,99,100,98.66666666666667
120849,Both interviewed and MEC examined,26,Male,Non-Hispanic White,Former,34,NA,NA,NA,NA
120851,Both interviewed and MEC examined,56,Female,Non-Hispanic Black,Current,25.1,161,161,143,155
120855,Both interviewed and MEC examined,31,Male,Non-Hispanic Black,Never,26.6,113,120,121,118
120859,Both interviewed and MEC examined,65,Female,Non-Hispanic White,Never,26.6,146,139,144,143
120860,Both interviewed and MEC examined,61,Male,Mexican American,Never,23.1,124,132,122,126
120862,Both interviewed and MEC examined,66,Male,Non-Hispanic Black,Former,23.2,125,124,119,122.66666666666667
120863,Both interviewed and MEC examined,54,Male,Other Race - Including Multi-Racial,Current,20.4,94,95,98,95.66666666666667
120864,Both interviewed and MEC examined,22,Male,Non-Hispanic Black,Never,31.1,118,117,118,117.66666666666667
120868,Both interviewed and MEC examined,70,Female,Non-Hispanic White,Former,31,136,143,147,142
120870,Both interviewed and MEC examined,66,Female,Non-Hispanic White,Former,23.4,131,129,130,130
120873,Both interviewed and MEC examined,75,Female,Non-Hispanic White,Never,25.7,NA,NA,NA,NA
120874,Both interviewed and MEC examined,32,Female,Mexican American,Never,28.4,NA,NA,NA,NA
120875,Both interviewed and MEC examined,41,Female,Mexican American,Current,NA,NA,NA,NA,NA
120876,Both interviewed and MEC examined,24,Male,Non-Hispanic White,Never,25.6,101,99,107,102.33333333333333
120878,Both interviewed and MEC examined,35,Male,Non-Hispanic Black,Never,38.3,119,119,112,116.66666666666667
120879,Both interviewed and MEC examined,61,Female,Non-Hispanic Black,Never,20.3,100,107,102,103
120881,Both interviewed and MEC examined,41,Male,Non-Hispanic Asian,Never,23.9,126,127,125,126
120882,Both interviewed and MEC examined,24,Male,Mexican American,Former,23.8,NA,NA,NA,NA
120883,Both interviewed and MEC examined,32,Female,Non-Hispanic Asian,Never,23.1,NA,NA,NA,NA
120885,Both interviewed and MEC examined,69,Male,Other Hispanic,Never,27.9,165,154,172,163.66666666666666
120886,Both interviewed and MEC examined,70,Male,Non-Hispanic White,Former,30.9,118,119,125,120.66666666666667
120887,Both interviewed and MEC examined,53,Female,Non-Hispanic Asian,Never,33,138,145,151,144.66666666666666
120888,Both interviewed and MEC examined,62,Female,Other Hispanic,Former,34.5,113,122,122,119
120889,Both interviewed and MEC examined,39,Female,Other Hispanic,Never,28.2,108,114,110,110.66666666666667
120890,Both interviewed and MEC examined,51,Female,Other Hispanic,Never,34,NA,NA,NA,NA
120894,Both interviewed and MEC examined,22,Female,Other Race - Including Multi-Racial,Former,44.9,NA,NA,NA,NA
120897,Both interviewed and MEC examined,44,Female,Non-Hispanic Asian,Never,31.9,155,149,151,151.66666666666666
120898,Both interviewed and MEC examined,60,Male,Non-Hispanic Black,Current,22.8,127,117,129,124.33333333333333
120899,Both interviewed and MEC examined,60,Female,Non-Hispanic Asian,Former,28.6,107,106,104,105.66666666666667
120901,Both interviewed and MEC examined,43,Female,Non-Hispanic White,Current,19.4,115,115,114,114.66666666666667
120904,Both interviewed and MEC examined,63,Male,Non-Hispanic White,Never,41.9,126,124,124,124.66666666666667
120905,Both interviewed and MEC examined,64,Female,Non-Hispanic Black,Current,29.5,137,129,134,133.33333333333334
120908,Both interviewed and MEC examined,22,Female,Mexican American,Former,25.9,103,105,105,104.33333333333333
120909,Both interviewed and MEC examined,67,Female,Non-Hispanic Asian,Never,21.7,NA,NA,NA,NA
120911,Both interviewed and MEC examined,41,Male,Non-Hispanic White,Former,41.7,126,112,118,118.66666666666667
120912,Both interviewed and MEC examined,66,Male,Mexican American,Never,26.2,130,131,138,133
120920,Both interviewed and MEC examined,30,Female,Non-Hispanic Black,Never,24.9,105,104,105,104.66666666666667
120921,Both interviewed and MEC examined,22,Female,Non-Hispanic White,Never,40.2,100,106,104,103.33333333333333
120922,Both interviewed and MEC examined,46,Male,Non-Hispanic Black,Never,32.4,125,117,118,120
120924,Both interviewed and MEC examined,50,Male,Mexican American,Current,32.8,127,125,130,127.33333333333333
120925,Both interviewed and MEC examined,28,Male,Non-Hispanic Black,Never,27.1,114,113,111,112.66666666666667
120927,Both interviewed and MEC examined,55,Female,Non-Hispanic Black,Never,42.2,120,123,131,124.66666666666667
120928,Both interviewed and MEC examined,23,Male,Mexican American,Current,22.4,107,106,108,107
120930,Both interviewed and MEC examined,62,Female,Non-Hispanic Black,Never,38.2,129,140,151,140
120933,Both interviewed and MEC examined,68,Male,Other Hispanic,Never,26.4,142,145,146,144.33333333333334
120934,Both interviewed and MEC examined,59,Female,Other Race - Including Multi-Racial,Current,20.6,126,123,116,121.66666666666667
120936,Both interviewed and MEC examined,61,Male,Non-Hispanic White,Never,39.8,161,161,165,162.33333333333334
120939,Both interviewed and MEC examined,63,Male,Mexican American,Current,31.3,145,148,147,146.66666666666666
120941,Both interviewed and MEC examined,67,Female,Other Hispanic,Never,21.3,118,113,120,117
120943,Both interviewed and MEC examined,68,Male,Non-Hispanic White,Former,22.7,121,119,114,118
120945,Both interviewed and MEC examined,25,Male,Non-Hispanic Black,Former,26.2,104,103,102,103
120946,Both interviewed and MEC examined,62,Female,Non-Hispanic Black,Never,37.5,175,168,168,170.33333333333334
120948,Both interviewed and MEC examined,33,Male,Non-Hispanic White,Former,40.6,141,133,137,137
120950,Both interviewed and MEC examined,34,Male,Mexican American,Never,32.9,123,124,123,123.33333333333333
120953,Both interviewed and MEC examined,61,Male,Non-Hispanic White,Never,37.3,110,113,113,112
120959,Both interviewed and MEC examined,69,Male,Mexican American,Former,34.7,168,157,160,161.66666666666666
120960,Both interviewed and MEC examined,61,Female,Non-Hispanic Black,Former,35.8,110,115,121,115.33333333333333
120962,Both interviewed and MEC examined,58,Male,Non-Hispanic Black,Never,25.5,130,126,126,127.33333333333333
120964,Both interviewed and MEC examined,71,Male,Non-Hispanic White,Former,30.3,134,127,129,130
120965,Both interviewed and MEC examined,55,Female,Non-Hispanic White,Never,23.6,101,104,105,103.33333333333333
120967,Both interviewed and MEC examined,57,Male,Non-Hispanic White,Former,35.2,151,147,158,152
120968,Both interviewed and MEC examined,70,Male,Non-Hispanic White,Former,30.9,116,120,126,120.66666666666667
120969,Both interviewed and MEC examined,46,Male,Other Race - Including Multi-Racial,Never,39.2,133,136,131,133.33333333333334
120971,Both interviewed and MEC examined,41,Female,Non-Hispanic Asian,Never,35.3,114,121,118,117.66666666666667
120972,Both interviewed and MEC examined,31,Male,Non-Hispanic White,Never,25.2,NA,NA,NA,NA
120973,Both interviewed and MEC examined,63,Male,Non-Hispanic White,Never,25,110,114,115,113
120974,Both interviewed and MEC examined,24,Male,Non-Hispanic Black,Never,53.9,NA,NA,NA,NA
120978,Both interviewed and MEC examined,53,Female,Mexican American,Never,27.4,114,118,120,117.33333333333333
120979,Both interviewed and MEC examined,62,Female,Other Hispanic,Never,32.3,144,144,140,142.66666666666666
120981,Both interviewed and MEC examined,68,Female,Non-Hispanic White,Never,31.9,130,129,115,124.66666666666667
120982,Both interviewed and MEC examined,29,Male,Mexican American,Current,31.5,119,117,123,119.66666666666667
120983,Both interviewed and MEC examined,60,Female,Other Hispanic,Former,29.2,111,115,121,115.66666666666667
120984,Both interviewed and MEC examined,39,Female,Non-Hispanic White,Never,33.2,111,108,107,108.66666666666667
120985,Both interviewed and MEC examined,44,Female,Non-Hispanic Black,Never,26.6,128,133,133,131.33333333333334
120987,Both interviewed and MEC examined,50,Female,Non-Hispanic Black,Never,38.7,94,98,92,94.66666666666667
120989,Both interviewed and MEC examined,46,Male,Mexican American,Former,22.3,NA,NA,NA,NA
120991,Both interviewed and MEC examined,27,Male,Non-Hispanic Black,Current,25.1,123,132,133,129.33333333333334
120992,Both interviewed and MEC examined,69,Female,Other Hispanic,Former,27.8,141,137,141,139.66666666666666
120994,Both interviewed and MEC examined,55,Female,Mexican American,Former,38.8,127,127,130,128
120999,Both interviewed and MEC examined,64,Male,Non-Hispanic Black,Former,20.8,131,126,132,129.66666666666666
121000,Both interviewed and MEC examined,46,Male,Other Hispanic,Never,26.3,150,157,145,150.66666666666666
121001,Both interviewed and MEC examined,64,Female,Non-Hispanic Black,Never,26,133,141,146,140
121002,Both interviewed and MEC examined,64,Male,Non-Hispanic White,Current,NA,NA,NA,NA,NA
121005,Both interviewed and MEC examined,66,Male,Non-Hispanic White,Current,42.9,161,153,156,156.66666666666666
121006,Both interviewed and MEC examined,74,Female,Non-Hispanic Asian,Never,24.6,136,135,128,133
121008,Both interviewed and MEC examined,46,Female,Non-Hispanic White,Former,23.4,113,115,116,114.66666666666667
121011,Both interviewed and MEC examined,23,Male,Non-Hispanic Asian,Never,22.6,98,100,97,98.33333333333333
121012,Both interviewed and MEC examined,22,Female,Other Hispanic,Never,32.3,100,100,102,100.66666666666667
121015,Both interviewed and MEC examined,29,Male,Mexican American,Never,30.1,NA,NA,NA,NA
121020,Both interviewed and MEC examined,55,Male,Non-Hispanic Asian,Never,29.6,128,128,133,129.66666666666666
121022,Both interviewed and MEC examined,39,Female,Non-Hispanic White,Former,26.1,95,99,98,97.33333333333333
121023,Both interviewed and MEC examined,60,Male,Non-Hispanic Black,Former,29.1,113,111,111,111.66666666666667
121029,Both interviewed and MEC examined,76,Male,Non-Hispanic Black,Former,NA,149,136,150,145
121030,Both interviewed and MEC examined,29,Female,Mexican American,Never,37.9,103,109,115,109
121032,Both interviewed and MEC examined,23,Female,Other Hispanic,Never,19.5,NA,NA,NA,NA
121037,Both interviewed and MEC examined,46,Female,Non-Hispanic White,Current,20.1,131,142,139,137.33333333333334
121038,Both interviewed and MEC examined,53,Male,Mexican American,Former,28.1,115,118,122,118.33333333333333
121041,Both interviewed and MEC examined,42,Male,Other Race - Including Multi-Racial,Never,47.9,159,153,151,154.33333333333334
121043,Both interviewed and MEC examined,26,Male,Mexican American,Never,38.8,130,120,122,124
121045,Both interviewed and MEC examined,27,Male,Non-Hispanic Black,Never,34.2,117,119,118,118
121047,Both interviewed and MEC examined,75,Male,Non-Hispanic Black,Former,22.5,NA,NA,NA,NA
121048,Both interviewed and MEC examined,47,Female,Non-Hispanic Black,Never,27.9,129,141,145,138.33333333333334
121052,Both interviewed and MEC examined,24,Female,Other Hispanic,Never,41.3,115,109,108,110.66666666666667
121053,Both interviewed and MEC examined,65,Female,Non-Hispanic Black,Never,29.2,165,169,168,167.33333333333334
121057,Both interviewed and MEC examined,25,Male,Non-Hispanic Black,Never,29.8,111,111,114,112
121058,Both interviewed and MEC examined,51,Male,Other Hispanic,Never,25.3,122,122,119,121
121059,Both interviewed and MEC examined,29,Male,Non-Hispanic White,Never,16.4,NA,NA,NA,NA
121060,Both interviewed and MEC examined,31,Male,Non-Hispanic Black,Never,23.8,165,162,162,163
121061,Both interviewed and MEC examined,62,Male,Non-Hispanic Black,Current,18.9,147,139,146,144
121063,Both interviewed and MEC examined,42,Female,Other Hispanic,Never,33.3,123,119,116,119.33333333333333
121064,Both interviewed and MEC examined,59,Male,Non-Hispanic White,Former,32.9,113,109,NA,111
121065,Both interviewed and MEC examined,74,Female,Other Hispanic,Never,33.5,142,142,140,141.33333333333334
121067,Both interviewed and MEC examined,60,Male,Other Hispanic,Never,35.2,106,103,101,103.33333333333333
121068,Both interviewed and MEC examined,54,Female,Non-Hispanic White,Never,25.8,122,124,124,123.33333333333333
121069,Both interviewed and MEC examined,31,Male,Non-Hispanic Black,Current,37,116,112,114,114
121070,Both interviewed and MEC examined,43,Female,Non-Hispanic Asian,Never,25.4,133,117,121,123.66666666666667
121071,Both interviewed and MEC examined,21,Female,Other Hispanic,Never,25.4,110,103,106,106.33333333333333
121073,Both interviewed and MEC examined,71,Male,Non-Hispanic White,Never,27.2,NA,NA,NA,NA
121074,Both interviewed and MEC examined,35,Male,Other Hispanic,Never,26.8,107,103,102,104
121077,Both interviewed and MEC examined,30,Male,Other Hispanic,Never,30.1,112,115,115,114
121078,Both interviewed and MEC examined,64,Male,Non-Hispanic Black,Former,36.7,133,132,126,130.33333333333334
121080,Both interviewed and MEC examined,32,Male,Other Hispanic,Never,25.4,NA,NA,NA,NA
121081,Both interviewed and MEC examined,51,Female,Non-Hispanic Asian,Never,27.5,113,108,114,111.66666666666667
121082,Both interviewed and MEC examined,48,Female,Non-Hispanic White,Current,23.1,109,107,109,108.33333333333333
121083,Both interviewed and MEC examined,24,Male,Other Race - Including Multi-Racial,Never,30.9,126,128,129,127.66666666666667
121088,Both interviewed and MEC examined,31,Female,Non-Hispanic White,Current,41,113,106,105,108
121089,Both interviewed and MEC examined,72,Female,Non-Hispanic White,Never,29,110,112,114,112
121092,Both interviewed and MEC examined,40,Female,Non-Hispanic Black,Never,38.5,NA,NA,NA,NA
121095,Both interviewed and MEC examined,67,Female,Non-Hispanic Black,Former,31.7,88,93,99,93.33333333333333
121098,Both interviewed and MEC examined,56,Male,Other Hispanic,Never,29.1,101,103,106,103.33333333333333
121101,Both interviewed and MEC examined,33,Male,Mexican American,Never,35.8,109,112,108,109.66666666666667
121102,Both interviewed and MEC examined,45,Male,Other Race - Including Multi-Racial,Current,28.9,119,114,122,118.33333333333333
121104,Both interviewed and MEC examined,66,Female,Non-Hispanic Black,Current,36.5,149,154,148,150.33333333333334
121105,Both interviewed and MEC examined,54,Male,Non-Hispanic Asian,Former,31.1,NA,NA,NA,NA
121106,Both interviewed and MEC examined,71,Male,Non-Hispanic Black,Former,29.9,133,135,134,134
121110,Both interviewed and MEC examined,41,Male,Non-Hispanic Black,Never,28.8,NA,NA,NA,NA
121111,Both interviewed and MEC examined,29,Male,Other Hispanic,Never,26.2,131,124,135,130
121114,Both interviewed and MEC examined,29,Female,Mexican American,Former,35.4,112,113,107,110.66666666666667
121115,Both interviewed and MEC examined,72,Male,Non-Hispanic Black,Former,36.2,135,129,132,132
121116,Both interviewed and MEC examined,42,Female,Non-Hispanic Asian,Never,27.9,106,105,100,103.66666666666667
121117,Both interviewed and MEC examined,50,Male,Non-Hispanic Black,Never,30.7,184,181,176,180.33333333333334
121120,Both interviewed and MEC examined,54,Female,Other Hispanic,Never,33.2,139,139,134,137.33333333333334
121122,Both interviewed and MEC examined,46,Male,Non-Hispanic White,Current,25.5,124,128,132,128
121123,Both interviewed and MEC examined,53,Female,Non-Hispanic Black,Never,33.3,136,134,135,135
121125,Both interviewed and MEC examined,22,Male,Mexican American,Never,39.5,119,115,112,115.33333333333333
121126,Both interviewed and MEC examined,53,Female,Non-Hispanic Asian,Never,20.3,123,127,130,126.66666666666667
121134,Both interviewed and MEC examined,56,Male,Non-Hispanic White,Former,31.1,153,145,150,149.33333333333334
121135,Both interviewed and MEC examined,40,Male,Non-Hispanic White,Never,33.8,111,115,106,110.66666666666667
121136,Both interviewed and MEC examined,79,Male,Non-Hispanic Asian,Never,24.9,139,137,140,138.66666666666666
121138,Both interviewed and MEC examined,32,Male,Mexican American,Never,30.3,137,136,150,141
121146,Both interviewed and MEC examined,26,Male,Non-Hispanic Asian,Never,23.1,124,125,132,127
121147,Both interviewed and MEC examined,50,Female,Non-Hispanic Asian,Never,25.2,115,111,107,111
121148,Both interviewed and MEC examined,53,Female,Non-Hispanic Black,Never,35.5,119,113,108,113.33333333333333
121149,Both interviewed and MEC examined,43,Female,Other Hispanic,Never,33.2,124,112,113,116.33333333333333
121153,Both interviewed and MEC examined,28,Male,Non-Hispanic White,Never,35.3,119,115,117,117
121154,Both interviewed and MEC examined,61,Female,Other Hispanic,Never,27.9,125,125,128,126
121156,Both interviewed and MEC examined,59,Female,Mexican American,Current,30.3,96,92,105,97.66666666666667
121157,Both interviewed and MEC examined,63,Female,Non-Hispanic Black,Never,24.2,139,133,130,134
121160,Both interviewed and MEC examined,72,Male,Non-Hispanic White,Former,29.6,102,100,95,99
121162,Both interviewed and MEC examined,42,Female,Non-Hispanic White,Former,32,114,120,119,117.66666666666667
121163,Both interviewed and MEC examined,72,Female,Other Hispanic,Former,54.4,161,151,143,151.66666666666666
121165,Both interviewed and MEC examined,22,Male,Non-Hispanic White,Current,21.6,123,119,123,121.66666666666667
121169,Both interviewed and MEC examined,31,Male,Other Race - Including Multi-Racial,Former,25,127,127,119,124.33333333333333
121171,Both interviewed and MEC examined,49,Female,Non-Hispanic Asian,Current,26.7,142,150,163,151.66666666666666
121172,Both interviewed and MEC examined,73,Female,Non-Hispanic White,Never,49.6,121,123,119,121
121173,Both interviewed and MEC examined,63,Female,Non-Hispanic Black,Former,37.8,121,125,128,124.66666666666667
121174,Both interviewed and MEC examined,55,Male,Non-Hispanic Asian,Never,30.4,189,189,189,189
121175,Both interviewed and MEC examined,63,Male,Non-Hispanic Black,Current,21,125,131,120,125.33333333333333
121176,Both interviewed and MEC examined,60,Female,Non-Hispanic Black,Former,33.6,123,116,108,115.66666666666667
121178,Both interviewed and MEC examined,72,Male,Non-Hispanic Black,Former,30,111,115,113,113
121181,Both interviewed and MEC examined,57,Male,Other Hispanic,Never,28.6,NA,NA,NA,NA
121182,Both interviewed and MEC examined,45,Male,Non-Hispanic Asian,Never,27,107,106,114,109
121183,Both interviewed and MEC examined,70,Male,Other Hispanic,Never,26.2,149,148,146,147.66666666666666
121185,Both interviewed and MEC examined,47,Female,Other Hispanic,Former,29.6,101,99,102,100.66666666666667
121187,Both interviewed and MEC examined,61,Female,Non-Hispanic Black,Never,37.1,131,131,136,132.66666666666666
121188,Both interviewed and MEC examined,35,Female,Other Race - Including Multi-Racial,Current,24.2,94,86,89,89.66666666666667
121194,Both interviewed and MEC examined,39,Female,Non-Hispanic Black,Never,26.1,121,123,125,123
121197,Both interviewed and MEC examined,61,Male,Non-Hispanic Black,Former,30,151,154,151,152
121199,Both interviewed and MEC examined,24,Female,Mexican American,Never,21.6,92,96,96,94.66666666666667
121200,Both interviewed and MEC examined,49,Female,Mexican American,Never,27.6,131,130,136,132.33333333333334
121201,Both interviewed and MEC examined,36,Male,Mexican American,Current,37.2,126,128,124,126
121204,Both interviewed and MEC examined,70,Female,Other Hispanic,Never,20.1,160,165,167,164
121205,Both interviewed and MEC examined,70,Male,Other Hispanic,Former,28.4,149,140,137,142
121207,Both interviewed and MEC examined,65,Male,Non-Hispanic Black,Current,17.7,108,112,108,109.33333333333333
121208,Both interviewed and MEC examined,40,Female,Other Hispanic,Never,NA,NA,NA,NA,NA
121209,Both interviewed and MEC examined,50,Female,Non-Hispanic Black,Never,20.4,120,122,122,121.33333333333333
121210,Both interviewed and MEC examined,24,Male,Other Hispanic,Never,27.7,128,128,128,128
121211,Both interviewed and MEC examined,37,Female,Non-Hispanic Black,Never,53.5,NA,NA,NA,NA
121213,Both interviewed and MEC examined,24,Female,Other Race - Including Multi-Racial,Never,26.6,122,130,123,125
121215,Both interviewed and MEC examined,32,Female,Mexican American,Never,24,94,97,94,95
121219,Both interviewed and MEC examined,41,Male,Non-Hispanic White,Never,27.7,120,130,126,125.33333333333333
121220,Both interviewed and MEC examined,36,Male,Non-Hispanic White,Former,28.5,110,111,107,109.33333333333333
121227,Both interviewed and MEC examined,65,Female,Non-Hispanic Black,Current,33.4,149,150,147,148.66666666666666
121228,Both interviewed and MEC examined,29,Female,Other Race - Including Multi-Racial,Never,19.9,118,112,117,115.66666666666667
121231,Both interviewed and MEC examined,60,Male,Other Race - Including Multi-Racial,Former,NA,127,127,136,130
121237,Both interviewed and MEC examined,63,Female,Non-Hispanic White,Current,30.6,129,135,137,133.66666666666666
121240,Both interviewed and MEC examined,44,Female,Non-Hispanic Black,Never,37.5,111,113,112,112
121242,Both interviewed and MEC examined,41,Female,Non-Hispanic Black,Never,32.4,NA,NA,NA,NA
121243,Both interviewed and MEC examined,62,Female,Non-Hispanic Asian,Never,24.1,132,129,143,134.66666666666666
121245,Both interviewed and MEC examined,24,Male,Non-Hispanic Black,Never,21,128,120,123,123.66666666666667
121246,Both interviewed and MEC examined,48,Female,Non-Hispanic White,Never,39.6,104,111,102,105.66666666666667
121247,Both interviewed and MEC examined,44,Male,Non-Hispanic Asian,Current,28.4,108,101,106,105
121249,Both interviewed and MEC examined,77,Male,Non-Hispanic Asian,Former,28.8,112,120,127,119.66666666666667
121253,Both interviewed and MEC examined,55,Female,Other Hispanic,Former,25,122,137,137,132
121254,Both interviewed and MEC examined,47,Male,Non-Hispanic White,Former,24.9,NA,NA,NA,NA
121255,Both interviewed and MEC examined,33,Female,Non-Hispanic Black,Former,39.5,123,117,123,121
121256,Both interviewed and MEC examined,23,Female,Non-Hispanic White,Former,34.5,115,116,126,119
121259,Both interviewed and MEC examined,35,Female,Non-Hispanic Black,Never,28,116,117,116,116.33333333333333
121260,Both interviewed and MEC examined,75,Female,Mexican American,Never,25.6,152,157,151,153.33333333333334
121262,Both interviewed and MEC examined,64,Female,Non-Hispanic Black,Former,33.2,NA,NA,NA,NA
121264,Both interviewed and MEC examined,42,Male,Non-Hispanic White,Current,26.3,131,131,130,130.66666666666666
121266,Both interviewed and MEC examined,34,Male,Mexican American,Current,26.4,NA,NA,NA,NA
121269,Both interviewed and MEC examined,53,Male,Other Hispanic,Never,31.7,122,124,127,124.33333333333333
121270,Both interviewed and MEC examined,24,Male,Non-Hispanic Black,Current,19.6,118,119,119,118.66666666666667
121274,Both interviewed and MEC examined,58,Male,Non-Hispanic Asian,Never,41.2,131,133,128,130.66666666666666
121276,Both interviewed and MEC examined,35,Female,Non-Hispanic Black,Never,46,115,112,107,111.33333333333333
121277,Both interviewed and MEC examined,60,Female,Non-Hispanic Black,Never,43.3,182,168,164,171.33333333333334
121279,Both interviewed and MEC examined,28,Female,Non-Hispanic White,Current,29.9,118,114,116,116
121284,Both interviewed and MEC examined,46,Male,Non-Hispanic White,Never,40.2,137,159,137,144.33333333333334
121286,Both interviewed and MEC examined,29,Female,Non-Hispanic White,Never,32.9,95,93,91,93
121287,Both interviewed and MEC examined,60,Male,Non-Hispanic Black,Former,28,133,131,134,132.66666666666666
121290,Both interviewed and MEC examined,58,Female,Non-Hispanic White,Never,26.1,110,109,106,108.33333333333333
121291,Both interviewed and MEC examined,65,Male,Non-Hispanic White,Former,30.4,159,154,146,153
121293,Both interviewed and MEC examined,25,Female,Non-Hispanic White,Former,44.3,NA,NA,NA,NA
121295,Both interviewed and MEC examined,66,Male,Non-Hispanic Asian,Never,23.4,137,139,153,143
121296,Both interviewed and MEC examined,57,Male,Non-Hispanic White,Never,26.5,103,109,110,107.33333333333333
121299,Both interviewed and MEC examined,64,Female,Other Hispanic,Former,33,115,120,119,118
121303,Both interviewed and MEC examined,46,Male,Non-Hispanic White,Never,25.6,118,117,116,117
121304,Both interviewed and MEC examined,58,Male,Other Hispanic,Never,28.1,135,128,129,130.66666666666666
121305,Both interviewed and MEC examined,44,Male,Other Race - Including Multi-Racial,Current,34.3,144,142,135,140.33333333333334
121308,Both interviewed and MEC examined,41,Female,Other Hispanic,Former,NA,NA,NA,NA,NA
121309,Both interviewed and MEC examined,70,Female,Non-Hispanic White,Never,29.3,106,108,116,110
121311,Both interviewed and MEC examined,38,Female,Other Hispanic,Never,27,125,121,131,125.66666666666667
121313,Both interviewed and MEC examined,55,Female,Non-Hispanic Black,Never,29.9,113,121,123,119
121315,Both interviewed and MEC examined,53,Male,Mexican American,Former,30.9,117,118,118,117.66666666666667
121317,Both interviewed and MEC examined,61,Male,Non-Hispanic Black,Never,29.6,143,140,141,141.33333333333334
121318,Both interviewed and MEC examined,21,Male,Non-Hispanic White,Current,20.8,132,129,125,128.66666666666666
121319,Both interviewed and MEC examined,47,Female,Non-Hispanic White,Current,30.5,116,118,116,116.66666666666667
121321,Both interviewed and MEC examined,63,Male,Non-Hispanic Black,Never,44.5,122,109,125,118.66666666666667
121322,Both interviewed and MEC examined,61,Female,Mexican American,Current,26,NA,NA,NA,NA
121324,Both interviewed and MEC examined,27,Female,Non-Hispanic Asian,Never,31.6,109,115,110,111.33333333333333
121325,Both interviewed and MEC examined,55,Male,Non-Hispanic Asian,Never,26.2,NA,NA,NA,NA
121326,Both interviewed and MEC examined,70,Female,Non-Hispanic Black,Never,27.1,137,126,130,131
121328,Both interviewed and MEC examined,66,Male,Non-Hispanic White,Former,31,127,131,137,131.66666666666666
121329,Both interviewed and MEC examined,63,Female,Non-Hispanic White,Current,18.6,144,142,145,143.66666666666666
121330,Both interviewed and MEC examined,61,Female,Non-Hispanic Black,Never,34.9,137,135,138,136.66666666666666
121333,Both interviewed and MEC examined,40,Female,Other Hispanic,Never,NA,NA,NA,NA,NA
121334,Both interviewed and MEC examined,69,Female,Non-Hispanic White,Never,24.7,124,135,133,130.66666666666666
121335,Both interviewed and MEC examined,26,Female,Non-Hispanic White,Former,36.3,NA,NA,NA,NA
121336,Both interviewed and MEC examined,73,Female,Non-Hispanic White,Never,30.8,105,108,101,104.66666666666667
121337,Both interviewed and MEC examined,72,Male,Non-Hispanic Black,Former,21.3,123,124,123,123.33333333333333
121339,Both interviewed and MEC examined,46,Male,Non-Hispanic Black,Former,26.6,120,117,126,121
121340,Both interviewed and MEC examined,37,Female,Non-Hispanic Black,Never,24.4,96,95,95,95.33333333333333
121341,Both interviewed and MEC examined,61,Male,Mexican American,Former,30.8,128,125,124,125.66666666666667
121343,Both interviewed and MEC examined,45,Female,Other Race - Including Multi-Racial,Never,31,105,103,108,105.33333333333333
121345,Both interviewed and MEC examined,34,Female,Non-Hispanic Black,Current,33.7,92,87,89,89.33333333333333
121346,Both interviewed and MEC examined,52,Male,Mexican American,Former,27.2,141,131,133,135
121348,Both interviewed and MEC examined,49,Female,Non-Hispanic Black,Never,37.3,124,129,126,126.33333333333333
121349,Both interviewed and MEC examined,75,Male,Mexican American,Never,23.9,176,171,155,167.33333333333334
121350,Both interviewed and MEC examined,42,Female,Mexican American,Current,35.1,112,116,108,112
121351,Both interviewed and MEC examined,41,Male,Non-Hispanic White,Former,24.8,125,118,123,122
121353,Both interviewed and MEC examined,63,Male,Non-Hispanic White,Current,25.3,144,142,141,142.33333333333334
121358,Both interviewed and MEC examined,29,Male,Non-Hispanic White,Never,44.8,152,179,159,163.33333333333334
121359,Both interviewed and MEC examined,76,Female,Non-Hispanic Asian,Never,33.8,NA,NA,NA,NA
121360,Both interviewed and MEC examined,58,Male,Non-Hispanic Black,Never,39.7,142,134,137,137.66666666666666
121361,Both interviewed and MEC examined,40,Female,Non-Hispanic White,Current,18.4,102,105,103,103.33333333333333
121364,Both interviewed and MEC examined,27,Female,Non-Hispanic Black,Never,37,NA,NA,NA,NA
121365,Both interviewed and MEC examined,37,Male,Non-Hispanic Asian,Never,22.7,139,130,132,133.66666666666666
121367,Both interviewed and MEC examined,45,Male,Non-Hispanic Black,Former,34.3,115,115,113,114.33333333333333
121368,Both interviewed and MEC examined,55,Male,Non-Hispanic Asian,Never,21.1,119,119,119,119
121371,Both interviewed and MEC examined,23,Male,Mexican American,Former,29.5,113,121,119,117.66666666666667
121373,Both interviewed and MEC examined,76,Male,Non-Hispanic Asian,Former,27.6,156,160,153,156.33333333333334
121374,Both interviewed and MEC examined,45,Female,Non-Hispanic Black,Never,27.3,117,115,114,115.33333333333333
121378,Both interviewed and MEC examined,45,Female,Non-Hispanic White,Never,22,104,111,111,108.66666666666667
121381,Both interviewed and MEC examined,23,Female,Non-Hispanic White,Former,60.3,101,96,91,96
121382,Both interviewed and MEC examined,38,Female,Non-Hispanic Black,Former,35,NA,NA,NA,NA
121383,Both interviewed and MEC examined,70,Male,Non-Hispanic White,Never,27.5,107,106,101,104.66666666666667
121384,Both interviewed and MEC examined,62,Male,Non-Hispanic White,Never,18.9,109,116,117,114
121386,Both interviewed and MEC examined,48,Male,Non-Hispanic White,Current,33.7,124,129,125,126
121391,Both interviewed and MEC examined,62,Female,Mexican American,Never,34.5,115,119,120,118
121393,Both interviewed and MEC examined,65,Female,Other Hispanic,Never,25.5,134,132,131,132.33333333333334
121394,Both interviewed and MEC examined,43,Female,Non-Hispanic Black,Current,34.3,100,106,105,103.66666666666667
121395,Both interviewed and MEC examined,54,Female,Mexican American,Never,40.8,91,89,91,90.33333333333333
121400,Both interviewed and MEC examined,33,Female,Non-Hispanic Black,Never,21,NA,NA,NA,NA
121401,Both interviewed and MEC examined,35,Female,Mexican American,Never,31.8,88,95,96,93
121405,Both interviewed and MEC examined,37,Female,Non-Hispanic White,Current,21.7,98,106,104,102.66666666666667
121406,Both interviewed and MEC examined,78,Female,Non-Hispanic Black,Never,28.9,125,121,128,124.66666666666667
121407,Both interviewed and MEC examined,54,Female,Non-Hispanic Black,Never,41,119,107,110,112
121408,Both interviewed and MEC examined,37,Male,Mexican American,Never,27.1,120,120,124,121.33333333333333
121410,Both interviewed and MEC examined,60,Female,Other Hispanic,Never,35.4,166,162,158,162
121414,Both interviewed and MEC examined,53,Female,Non-Hispanic Black,Former,29.5,104,104,102,103.33333333333333
121415,Both interviewed and MEC examined,60,Female,Non-Hispanic White,Never,20.6,119,115,115,116.33333333333333
121417,Both interviewed and MEC examined,49,Male,Non-Hispanic Asian,Never,20.6,135,131,128,131.33333333333334
121418,Both interviewed and MEC examined,77,Female,Non-Hispanic White,Never,22,118,119,121,119.33333333333333
121420,Both interviewed and MEC examined,69,Male,Non-Hispanic White,Current,26.8,136,141,136,137.66666666666666
121421,Both interviewed and MEC examined,46,Male,Non-Hispanic Black,Never,32.5,119,122,117,119.33333333333333
121422,Both interviewed and MEC examined,31,Female,Non-Hispanic Black,Never,30.8,97,103,102,100.66666666666667
121424,Both interviewed and MEC examined,49,Female,Non-Hispanic Black,Never,24.5,115,120,116,117
121425,Both interviewed and MEC examined,41,Female,Other Hispanic,Never,34,NA,NA,NA,NA
121426,Both interviewed and MEC examined,78,Female,Non-Hispanic Black,Former,27.6,179,180,183,180.66666666666666
121428,Both interviewed and MEC examined,36,Male,Non-Hispanic Asian,Never,26.7,126,121,119,122
121429,Both interviewed and MEC examined,39,Female,Non-Hispanic Black,Current,32.7,113,113,108,111.33333333333333
121432,Both interviewed and MEC examined,73,Male,Non-Hispanic White,Never,24.8,122,133,125,126.66666666666667
121435,Both interviewed and MEC examined,28,Male,Non-Hispanic Black,Current,23.2,129,124,137,130
121436,Both interviewed and MEC examined,69,Male,Non-Hispanic Black,Former,40,135,130,125,130
121438,Both interviewed and MEC examined,64,Female,Non-Hispanic White,Never,23.1,137,133,134,134.66666666666666
121442,Both interviewed and MEC examined,66,Male,Non-Hispanic Black,Never,32.8,123,125,130,126
121443,Both interviewed and MEC examined,40,Male,Non-Hispanic White,Current,24.3,136,128,133,132.33333333333334
121444,Both interviewed and MEC examined,44,Male,Non-Hispanic Black,Current,36.3,101,103,106,103.33333333333333
121445,Both interviewed and MEC examined,62,Male,Other Hispanic,Never,26.1,124,138,124,128.66666666666666
121451,Both interviewed and MEC examined,60,Female,Non-Hispanic Black,Current,29.3,114,111,114,113
121458,Both interviewed and MEC examined,41,Male,Non-Hispanic Black,Never,28.5,155,152,160,155.66666666666666
121459,Both interviewed and MEC examined,62,Male,Mexican American,Never,37.9,157,155,149,153.66666666666666
121460,Both interviewed and MEC examined,58,Female,Other Hispanic,Former,33.1,150,151,151,150.66666666666666
121461,Both interviewed and MEC examined,45,Female,Mexican American,Never,32.9,91,92,94,92.33333333333333
121462,Both interviewed and MEC examined,78,Female,Other Hispanic,Never,27.7,181,175,NA,178
121464,Both interviewed and MEC examined,33,Male,Non-Hispanic White,Never,35.6,114,116,118,116
121465,Both interviewed and MEC examined,71,Male,Other Race - Including Multi-Racial,Former,39.1,155,148,160,154.33333333333334
121467,Both interviewed and MEC examined,55,Female,Non-Hispanic White,Former,27.1,101,104,101,102
121468,Both interviewed and MEC examined,40,Male,Other Race - Including Multi-Racial,Never,39.3,NA,NA,NA,NA
121473,Both interviewed and MEC examined,66,Male,Non-Hispanic White,Never,21.4,129,136,126,130.33333333333334
121475,Both interviewed and MEC examined,55,Female,Other Race - Including Multi-Racial,Current,19.8,135,136,130,133.66666666666666
121476,Both interviewed and MEC examined,44,Female,Other Hispanic,Former,19.8,88,87,88,87.66666666666667
121479,Both interviewed and MEC examined,22,Female,Non-Hispanic White,Never,18.5,104,106,104,104.66666666666667
121480,Both interviewed and MEC examined,68,Male,Other Hispanic,Never,30.9,106,106,103,105
121484,Both interviewed and MEC examined,56,Female,Non-Hispanic Black,Current,27.9,118,115,118,117
121485,Both interviewed and MEC examined,21,Male,Non-Hispanic Black,Never,20.7,115,116,117,116
121486,Both interviewed and MEC examined,35,Female,Non-Hispanic Black,Current,33.7,133,128,125,128.66666666666666
121488,Both interviewed and MEC examined,26,Female,Non-Hispanic Black,Never,32,98,92,102,97.33333333333333
121490,Both interviewed and MEC examined,30,Female,Other Hispanic,Never,22.6,97,95,98,96.66666666666667
121493,Both interviewed and MEC examined,27,Male,Non-Hispanic Black,Never,29.5,110,109,107,108.66666666666667
121500,Both interviewed and MEC examined,30,Female,Non-Hispanic White,Never,26.2,109,111,105,108.33333333333333
121502,Both interviewed and MEC examined,33,Female,Mexican American,Never,18.7,97,91,93,93.66666666666667
121505,Both interviewed and MEC examined,27,Female,Non-Hispanic Black,Never,43.7,104,105,104,104.33333333333333
121506,Both interviewed and MEC examined,53,Male,Mexican American,Never,30,202,200,186,196
121507,Both interviewed and MEC examined,60,Male,Mexican American,Never,29.1,NA,NA,NA,NA
121508,Both interviewed and MEC examined,76,Female,Non-Hispanic Asian,Former,22.6,152,155,146,151
121509,Both interviewed and MEC examined,30,Female,Non-Hispanic Black,Never,24.7,111,108,119,112.66666666666667
121515,Both interviewed and MEC examined,36,Female,Non-Hispanic White,Never,21.3,104,107,103,104.66666666666667
121519,Both interviewed and MEC examined,69,Female,Non-Hispanic White,Never,24.7,141,135,139,138.33333333333334
121520,Both interviewed and MEC examined,57,Male,Non-Hispanic White,Never,29.1,113,113,110,112
121525,Both interviewed and MEC examined,65,Female,Other Hispanic,Current,29.4,111,111,110,110.66666666666667
121526,Both interviewed and MEC examined,56,Female,Non-Hispanic Asian,Never,29.9,112,112,112,112
121528,Both interviewed and MEC examined,23,Male,Non-Hispanic White,Current,19.4,138,138,134,136.66666666666666
121530,Both interviewed and MEC examined,30,Male,Mexican American,Former,30,133,144,136,137.66666666666666
121532,Both interviewed and MEC examined,27,Female,Other Hispanic,Never,47.9,99,95,98,97.33333333333333
121533,Both interviewed and MEC examined,22,Female,Non-Hispanic Black,Current,28.5,NA,NA,NA,NA
121534,Both interviewed and MEC examined,38,Female,Non-Hispanic Black,Never,26.5,118,113,114,115
121535,Both interviewed and MEC examined,45,Male,Non-Hispanic Asian,Former,25.4,109,108,107,108
121540,Both interviewed and MEC examined,48,Male,Non-Hispanic Asian,Never,28.4,109,111,115,111.66666666666667
121543,Both interviewed and MEC examined,61,Male,Other Hispanic,Former,46.5,150,155,151,152
121544,Both interviewed and MEC examined,46,Female,Mexican American,Never,34.7,109,111,108,109.33333333333333
121548,Both interviewed and MEC examined,68,Male,Non-Hispanic White,Former,26.2,120,122,117,119.66666666666667
121549,Both interviewed and MEC examined,72,Female,Other Hispanic,Never,27.5,127,129,126,127.33333333333333
121550,Both interviewed and MEC examined,32,Male,Other Race - Including Multi-Racial,Former,23.2,107,111,110,109.33333333333333
121551,Both interviewed and MEC examined,70,Female,Non-Hispanic White,Former,27.3,121,125,125,123.66666666666667
121554,Both interviewed and MEC examined,34,Male,Non-Hispanic White,Never,27.9,112,109,108,109.66666666666667
121556,Both interviewed and MEC examined,66,Female,Non-Hispanic Black,Never,36,155,156,157,156
121559,Both interviewed and MEC examined,52,Female,Non-Hispanic Asian,Never,25,116,118,116,116.66666666666667
121561,Both interviewed and MEC examined,72,Male,Non-Hispanic White,Never,23.8,131,124,135,130
121564,Both interviewed and MEC examined,38,Female,Non-Hispanic Asian,Never,28.7,95,96,93,94.66666666666667
121565,Both interviewed and MEC examined,24,Female,Non-Hispanic Black,Never,39.1,105,106,103,104.66666666666667
121569,Both interviewed and MEC examined,72,Male,Mexican American,Never,25,160,163,158,160.33333333333334
121570,Both interviewed and MEC examined,43,Female,Mexican American,Never,24,97,99,104,100
121571,Both interviewed and MEC examined,40,Male,Non-Hispanic Asian,Never,21.1,NA,NA,NA,NA
121576,Both interviewed and MEC examined,55,Female,Non-Hispanic White,Never,26.6,92,94,99,95
121578,Both interviewed and MEC examined,63,Male,Other Hispanic,Former,25.8,124,130,133,129
121579,Both interviewed and MEC examined,48,Female,Non-Hispanic White,Never,26.3,100,107,99,102
121580,Both interviewed and MEC examined,64,Female,Non-Hispanic White,Never,31.4,157,172,165,164.66666666666666
121581,Both interviewed and MEC examined,27,Female,Other Hispanic,Never,32.2,113,110,110,111
121582,Both interviewed and MEC examined,31,Female,Non-Hispanic Black,Current,28,105,109,105,106.33333333333333
121585,Both interviewed and MEC examined,44,Male,Mexican American,Current,19.7,105,103,104,104
121587,Both interviewed and MEC examined,23,Male,Other Race - Including Multi-Racial,Current,21.2,143,140,140,141
121590,Both interviewed and MEC examined,63,Female,Other Hispanic,Never,31.9,160,149,143,150.66666666666666
121591,Both interviewed and MEC examined,32,Female,Non-Hispanic Asian,Never,28.6,89,89,91,89.66666666666667
121592,Both interviewed and MEC examined,29,Female,Non-Hispanic Black,Never,40.8,140,141,152,144.33333333333334
121593,Both interviewed and MEC examined,63,Female,Non-Hispanic Black,Never,33.6,119,126,129,124.66666666666667
121595,Both interviewed and MEC examined,53,Female,Non-Hispanic White,Current,17.3,143,136,139,139.33333333333334
121597,Both interviewed and MEC examined,55,Male,Non-Hispanic White,Never,25.7,138,108,107,117.66666666666667
121603,Both interviewed and MEC examined,24,Male,Other Race - Including Multi-Racial,Current,30.8,104,107,107,106
121604,Both interviewed and MEC examined,37,Male,Other Race - Including Multi-Racial,Never,28.4,114,119,115,116
121606,Both interviewed and MEC examined,44,Female,Mexican American,Never,27.6,109,110,106,108.33333333333333
121607,Both interviewed and MEC examined,72,Male,Non-Hispanic White,Former,29.4,137,126,118,127
121610,Both interviewed and MEC examined,31,Female,Other Hispanic,Never,22,109,113,111,111
121616,Both interviewed and MEC examined,74,Female,Non-Hispanic White,Former,23.4,156,165,174,165
121618,Both interviewed and MEC examined,54,Female,Non-Hispanic Black,Former,39.9,128,132,134,131.33333333333334
121620,Both interviewed and MEC examined,51,Male,Non-Hispanic White,Current,25.8,153,150,155,152.66666666666666
121621,Both interviewed and MEC examined,70,Female,Non-Hispanic Asian,Never,23.4,125,125,130,126.66666666666667
121622,Both interviewed and MEC examined,38,Male,Non-Hispanic White,Former,25,106,107,105,106
121623,Both interviewed and MEC examined,63,Male,Non-Hispanic Asian,Never,32.5,151,157,133,147
121625,Both interviewed and MEC examined,68,Male,Non-Hispanic Asian,Never,27.3,110,106,113,109.66666666666667
121629,Both interviewed and MEC examined,56,Female,Other Hispanic,Never,28.8,105,113,117,111.66666666666667
121630,Both interviewed and MEC examined,50,Female,Non-Hispanic White,Former,47.1,116,115,118,116.33333333333333
121631,Both interviewed and MEC examined,28,Female,Non-Hispanic Black,Never,25.4,115,110,115,113.33333333333333
121634,Both interviewed and MEC examined,42,Female,Non-Hispanic White,Never,29.3,112,108,107,109
121635,Both interviewed and MEC examined,72,Female,Non-Hispanic White,Former,26.2,106,109,101,105.33333333333333
121637,Both interviewed and MEC examined,64,Female,Other Race - Including Multi-Racial,Never,33.7,131,132,125,129.33333333333334
121638,Both interviewed and MEC examined,21,Female,Non-Hispanic Black,Never,28.8,105,104,104,104.33333333333333
121641,Both interviewed and MEC examined,44,Female,Non-Hispanic White,Never,37.7,NA,NA,NA,NA
121642,Both interviewed and MEC examined,34,Female,Non-Hispanic White,Former,31.1,NA,NA,NA,NA
121643,Both interviewed and MEC examined,29,Male,Non-Hispanic Black,Never,21.9,166,167,163,165.33333333333334
121644,Both interviewed and MEC examined,52,Male,Non-Hispanic Black,Current,27.8,120,121,119,120
121646,Both interviewed and MEC examined,22,Male,Non-Hispanic Black,Current,20,120,119,121,120
121647,Both interviewed and MEC examined,63,Female,Non-Hispanic Black,Never,24.3,125,127,121,124.33333333333333
121648,Both interviewed and MEC examined,61,Male,Non-Hispanic Black,Never,35.5,133,123,119,125
121650,Both interviewed and MEC examined,38,Male,Other Hispanic,Never,26.7,110,115,112,112.33333333333333
121651,Both interviewed and MEC examined,66,Male,Non-Hispanic Black,Current,28.3,129,130,130,129.66666666666666
121652,Both interviewed and MEC examined,31,Female,Non-Hispanic White,Former,27.7,129,132,129,130
121653,Both interviewed and MEC examined,42,Male,Non-Hispanic Black,Former,29.4,118,119,115,117.33333333333333
121654,Both interviewed and MEC examined,45,Female,Non-Hispanic Black,Current,26.2,129,124,126,126.33333333333333
121657,Both interviewed and MEC examined,49,Female,Mexican American,Never,28.7,114,112,127,117.66666666666667
121660,Both interviewed and MEC examined,66,Female,Non-Hispanic Black,Former,39.1,164,150,154,156
121662,Both interviewed and MEC examined,29,Male,Non-Hispanic Asian,Never,33.3,119,119,121,119.66666666666667
121663,Both interviewed and MEC examined,34,Male,Other Hispanic,Never,25.3,112,113,116,113.66666666666667
121664,Both interviewed and MEC examined,40,Male,Non-Hispanic White,Current,28.5,205,219,204,209.33333333333334
121665,Both interviewed and MEC examined,29,Female,Non-Hispanic White,Never,37.6,139,122,134,131.66666666666666
121668,Both interviewed and MEC examined,67,Male,Other Hispanic,Current,30.6,196,195,194,195
121669,Both interviewed and MEC examined,61,Female,Non-Hispanic White,Never,23.7,108,100,103,103.66666666666667
121670,Both interviewed and MEC examined,60,Male,Non-Hispanic White,Never,39.3,120,119,128,122.33333333333333
121671,Both interviewed and MEC examined,34,Female,Non-Hispanic Black,Current,49.2,127,131,119,125.66666666666667
121674,Both interviewed and MEC examined,34,Female,Other Race - Including Multi-Racial,Never,20.2,NA,NA,NA,NA
121675,Both interviewed and MEC examined,60,Male,Non-Hispanic White,Never,31.3,120,117,126,121
121682,Both interviewed and MEC examined,76,Male,Non-Hispanic White,Never,35.8,140,144,142,142
121687,Both interviewed and MEC examined,26,Female,Non-Hispanic White,Never,39,113,96,120,109.66666666666667
121692,Both interviewed and MEC examined,58,Male,Non-Hispanic White,Current,19.6,NA,NA,NA,NA
121694,Both interviewed and MEC examined,76,Female,Non-Hispanic Black,Never,31.7,158,155,155,156
121695,Both interviewed and MEC examined,47,Male,Other Hispanic,Former,33.5,144,147,141,144
121696,Both interviewed and MEC examined,40,Male,Non-Hispanic Black,Former,33.4,125,120,122,122.33333333333333
121697,Both interviewed and MEC examined,68,Male,Non-Hispanic White,Former,37,128,128,121,125.66666666666667
121699,Both interviewed and MEC examined,71,Female,Non-Hispanic White,Never,31.3,157,153,158,156
121700,Both interviewed and MEC examined,47,Male,Non-Hispanic White,Former,40.1,125,120,126,123.66666666666667
121705,Both interviewed and MEC examined,52,Male,Mexican American,Never,33.1,116,116,121,117.66666666666667
121708,Both interviewed and MEC examined,65,Female,Mexican American,Never,29.6,136,135,136,135.66666666666666
121710,Both interviewed and MEC examined,25,Male,Mexican American,Never,32.7,119,118,113,116.66666666666667
121711,Both interviewed and MEC examined,38,Female,Non-Hispanic White,Current,23,103,105,106,104.66666666666667
121714,Both interviewed and MEC examined,27,Female,Non-Hispanic Black,Current,33.8,110,107,106,107.66666666666667
121716,Both interviewed and MEC examined,78,Male,Non-Hispanic White,Former,NA,138,142,144,141.33333333333334
121719,Both interviewed and MEC examined,50,Male,Other Race - Including Multi-Racial,Former,43.7,118,121,115,118
121720,Both interviewed and MEC examined,79,Female,Non-Hispanic White,Former,21.1,132,133,130,131.66666666666666
121721,Both interviewed and MEC examined,57,Female,Non-Hispanic White,Former,25.7,116,120,119,118.33333333333333
121722,Both interviewed and MEC examined,79,Male,Other Race - Including Multi-Racial,Former,27.8,116,123,127,122
121727,Both interviewed and MEC examined,71,Female,Mexican American,Never,48,NA,NA,NA,NA
121728,Both interviewed and MEC examined,62,Male,Non-Hispanic White,Current,34.1,124,118,121,121
121730,Both interviewed and MEC examined,54,Female,Other Hispanic,Never,35.6,117,118,115,116.66666666666667
121731,Both interviewed and MEC examined,42,Female,Non-Hispanic White,Current,48.2,116,121,104,113.66666666666667
121738,Both interviewed and MEC examined,44,Female,Non-Hispanic White,Never,20.2,119,113,109,113.66666666666667
121741,Both interviewed and MEC examined,77,Male,Non-Hispanic White,Former,27.2,130,113,118,120.33333333333333
121744,Both interviewed and MEC examined,61,Female,Non-Hispanic Black,Current,21,122,131,127,126.66666666666667
121746,Both interviewed and MEC examined,71,Female,Non-Hispanic Black,Current,28.4,114,108,103,108.33333333333333
121747,Both interviewed and MEC examined,56,Female,Non-Hispanic White,Current,27.2,137,134,131,134
121750,Both interviewed and MEC examined,60,Male,Non-Hispanic Black,Current,21.3,NA,NA,NA,NA
121751,Both interviewed and MEC examined,52,Male,Mexican American,Former,35.3,NA,NA,NA,NA
121754,Both interviewed and MEC examined,29,Male,Non-Hispanic White,Never,28.8,113,113,111,112.33333333333333
121758,Both interviewed and MEC examined,30,Female,Non-Hispanic White,Never,32.5,102,109,108,106.33333333333333
121761,Both interviewed and MEC examined,43,Male,Non-Hispanic Asian,Never,27.9,119,118,118,118.33333333333333
121762,Both interviewed and MEC examined,27,Female,Other Hispanic,Never,25.1,96,90,91,92.33333333333333
121763,Both interviewed and MEC examined,42,Female,Non-Hispanic White,Current,29.9,130,144,127,133.66666666666666
121767,Both interviewed and MEC examined,68,Female,Other Hispanic,Former,54,136,147,140,141
121771,Both interviewed and MEC examined,41,Male,Non-Hispanic Asian,Never,29.7,NA,NA,NA,NA
121773,Both interviewed and MEC examined,42,Male,Non-Hispanic Black,Never,33,143,140,137,140
121774,Both interviewed and MEC examined,72,Male,Non-Hispanic White,Former,31.3,NA,NA,NA,NA
121775,Both interviewed and MEC examined,59,Male,Non-Hispanic Black,Never,27.2,118,119,120,119
121776,Both interviewed and MEC examined,59,Female,Non-Hispanic White,Current,27.3,93,92,96,93.66666666666667
121778,Both interviewed and MEC examined,53,Female,Other Hispanic,Never,25.5,NA,NA,NA,NA
121779,Both interviewed and MEC examined,24,Male,Non-Hispanic Black,Never,26.6,117,119,109,115
121780,Both interviewed and MEC examined,65,Male,Non-Hispanic Black,Current,29.4,129,133,132,131.33333333333334
121782,Both interviewed and MEC examined,35,Male,Non-Hispanic Asian,Former,32.5,129,128,133,130
121783,Both interviewed and MEC examined,73,Male,Non-Hispanic Asian,Never,25.4,NA,NA,NA,NA
121784,Both interviewed and MEC examined,74,Female,Mexican American,Never,27.1,124,128,129,127
121785,Both interviewed and MEC examined,66,Male,Non-Hispanic White,Never,38.8,116,117,117,116.66666666666667
121786,Both interviewed and MEC examined,55,Male,Non-Hispanic White,Current,49.4,138,139,140,139
121789,Both interviewed and MEC examined,35,Male,Other Hispanic,Current,21.9,114,112,110,112
121791,Both interviewed and MEC examined,60,Female,Non-Hispanic Asian,Never,20.4,117,103,105,108.33333333333333
121793,Both interviewed and MEC examined,36,Female,Other Race - Including Multi-Racial,Current,33.5,109,117,113,113
121796,Both interviewed and MEC examined,57,Male,Non-Hispanic White,Current,22.7,105,103,103,103.66666666666667
121799,Both interviewed and MEC examined,30,Female,Non-Hispanic Asian,Never,22.2,NA,NA,NA,NA
121808,Both interviewed and MEC examined,23,Male,Non-Hispanic Black,Never,22.7,140,143,145,142.66666666666666
121809,Both interviewed and MEC examined,22,Male,Non-Hispanic Black,Never,21.6,125,129,117,123.66666666666667
121810,Both interviewed and MEC examined,31,Female,Non-Hispanic White,Never,42.7,107,111,111,109.66666666666667
121812,Both interviewed and MEC examined,57,Female,Non-Hispanic White,Never,28,156,156,153,155
121814,Both interviewed and MEC examined,41,Female,Non-Hispanic White,Current,44.5,103,103,101,102.33333333333333
121816,Both interviewed and MEC examined,78,Male,Non-Hispanic White,Former,28.4,143,133,141,139
121818,Both interviewed and MEC examined,44,Male,Non-Hispanic Asian,Current,29,131,134,131,132
121821,Both interviewed and MEC examined,58,Female,Mexican American,Never,45.7,128,129,116,124.33333333333333
121822,Both interviewed and MEC examined,57,Female,Non-Hispanic Black,Never,34.6,132,125,118,125
121824,Both interviewed and MEC examined,50,Female,Other Hispanic,Never,22.7,96,95,100,97
121826,Both interviewed and MEC examined,43,Male,Mexican American,Never,35.8,NA,NA,NA,NA
121827,Both interviewed and MEC examined,66,Female,Non-Hispanic White,Never,28.6,121,118,120,119.66666666666667
121830,Both interviewed and MEC examined,69,Female,Non-Hispanic White,Never,28.9,117,131,127,125
121831,Both interviewed and MEC examined,77,Female,Mexican American,Never,30.9,148,133,136,139
121833,Both interviewed and MEC examined,55,Female,Non-Hispanic Black,Current,31.7,124,127,126,125.66666666666667
121836,Both interviewed and MEC examined,27,Female,Other Hispanic,Never,23.9,120,114,113,115.66666666666667
121838,Both interviewed and MEC examined,38,Male,Non-Hispanic White,Former,29.8,120,125,123,122.66666666666667
121839,Both interviewed and MEC examined,78,Female,Non-Hispanic White,Never,39.7,151,157,153,153.66666666666666
121840,Both interviewed and MEC examined,64,Female,Other Race - Including Multi-Racial,Former,30.2,131,138,134,134.33333333333334
121841,Both interviewed and MEC examined,30,Female,Non-Hispanic White,Current,43.9,114,119,118,117
121842,Both interviewed and MEC examined,21,Male,Non-Hispanic Asian,Never,25.2,125,113,125,121
121844,Both interviewed and MEC examined,76,Female,Non-Hispanic White,Never,30.5,116,118,124,119.33333333333333
121845,Both interviewed and MEC examined,32,Male,Mexican American,Former,29.1,100,100,101,100.33333333333333
121846,Both interviewed and MEC examined,36,Female,Non-Hispanic White,Never,45.5,115,116,114,115
121848,Both interviewed and MEC examined,23,Male,Non-Hispanic Asian,Never,32.1,135,130,132,132.33333333333334
121850,Both interviewed and MEC examined,21,Male,Non-Hispanic Asian,Never,20.4,122,116,123,120.33333333333333
121851,Both interviewed and MEC examined,29,Female,Mexican American,Never,30.4,97,94,98,96.33333333333333
121854,Both interviewed and MEC examined,28,Female,Mexican American,Never,28.2,NA,NA,NA,NA
121855,Both interviewed and MEC examined,30,Male,Non-Hispanic Asian,Never,28.3,NA,NA,NA,NA
121864,Both interviewed and MEC examined,72,Male,Non-Hispanic White,Current,23,111,107,107,108.33333333333333
121865,Both interviewed and MEC examined,25,Male,Other Hispanic,Never,23.5,116,119,119,118
121866,Both interviewed and MEC examined,50,Female,Non-Hispanic White,Never,20.6,133,133,132,132.66666666666666
121867,Both interviewed and MEC examined,65,Male,Non-Hispanic Black,Current,26.9,126,126,135,129
121868,Both interviewed and MEC examined,31,Male,Other Race - Including Multi-Racial,Never,29.9,132,136,131,133
121871,Both interviewed and MEC examined,31,Female,Non-Hispanic Asian,Never,22.4,NA,NA,NA,NA
121872,Both interviewed and MEC examined,67,Male,Non-Hispanic White,Former,31.1,155,156,155,155.33333333333334
121873,Both interviewed and MEC examined,68,Female,Mexican American,Never,28.8,163,142,136,147
121874,Both interviewed and MEC examined,23,Female,Other Race - Including Multi-Racial,Never,40.9,NA,NA,NA,NA
121876,Both interviewed and MEC examined,49,Female,Other Hispanic,Never,24.3,128,126,123,125.66666666666667
121877,Both interviewed and MEC examined,33,Female,Non-Hispanic Asian,Never,33.7,107,100,99,102
121878,Both interviewed and MEC examined,74,Male,Non-Hispanic White,Never,31.9,131,126,129,128.66666666666666
121882,Both interviewed and MEC examined,38,Male,Mexican American,Former,29.9,126,125,120,123.66666666666667
121883,Both interviewed and MEC examined,70,Male,Non-Hispanic White,Current,25.2,135,146,128,136.33333333333334
121885,Both interviewed and MEC examined,27,Female,Mexican American,Never,24.4,107,105,103,105
121887,Both interviewed and MEC examined,66,Male,Non-Hispanic Black,Current,19.9,108,108,108,108
121888,Both interviewed and MEC examined,64,Female,Non-Hispanic Asian,Never,29.8,NA,NA,NA,NA
121891,Both interviewed and MEC examined,53,Female,Non-Hispanic White,Never,32.3,100,104,106,103.33333333333333
121892,Both interviewed and MEC examined,28,Female,Non-Hispanic Asian,Never,19,104,103,107,104.66666666666667
121893,Both interviewed and MEC examined,34,Male,Non-Hispanic White,Never,27.4,116,119,117,117.33333333333333
121894,Both interviewed and MEC examined,57,Male,Mexican American,Never,24.8,127,130,131,129.33333333333334
121895,Both interviewed and MEC examined,26,Male,Other Hispanic,Former,33.7,110,116,111,112.33333333333333
121896,Both interviewed and MEC examined,75,Male,Non-Hispanic Black,Former,22.2,118,110,118,115.33333333333333
121899,Both interviewed and MEC examined,47,Male,Non-Hispanic Black,Never,31.8,115,116,119,116.66666666666667
121901,Both interviewed and MEC examined,74,Female,Non-Hispanic Black,Never,26.1,161,158,154,157.66666666666666
121905,Both interviewed and MEC examined,63,Male,Non-Hispanic Black,Never,38.4,139,132,131,134
121906,Both interviewed and MEC examined,26,Male,Mexican American,Never,30.2,140,139,133,137.33333333333334
121907,Both interviewed and MEC examined,64,Male,Other Hispanic,Never,29.1,142,140,128,136.66666666666666
121913,Both interviewed and MEC examined,37,Female,Non-Hispanic White,Current,25,128,118,126,124
121917,Both interviewed and MEC examined,56,Female,Non-Hispanic White,Former,29.3,101,102,109,104
121918,Both interviewed and MEC examined,63,Male,Non-Hispanic Black,Current,21.1,125,115,118,119.33333333333333
121920,Both interviewed and MEC examined,30,Male,Non-Hispanic White,Current,24.1,112,110,111,111
121921,Both interviewed and MEC examined,30,Male,Other Race - Including Multi-Racial,Never,34.1,119,117,111,115.66666666666667
121922,Both interviewed and MEC examined,41,Female,Non-Hispanic White,Never,21,103,105,106,104.66666666666667
121923,Both interviewed and MEC examined,62,Female,Other Hispanic,Never,32.8,125,118,127,123.33333333333333
121924,Both interviewed and MEC examined,29,Female,Non-Hispanic Black,Never,32.3,94,100,103,99
121925,Both interviewed and MEC examined,47,Male,Mexican American,Never,30,113,114,114,113.66666666666667
121927,Both interviewed and MEC examined,71,Female,Mexican American,Former,43.4,145,153,154,150.66666666666666
121928,Both interviewed and MEC examined,60,Female,Mexican American,Never,47.1,140,133,136,136.33333333333334
121929,Both interviewed and MEC examined,64,Female,Other Race - Including Multi-Racial,Current,28,153,149,146,149.33333333333334
121931,Both interviewed and MEC examined,23,Female,Non-Hispanic Asian,Never,25.7,106,115,109,110
121932,Both interviewed and MEC examined,21,Female,Non-Hispanic Asian,Never,37.2,127,130,122,126.33333333333333
121936,Both interviewed and MEC examined,60,Male,Non-Hispanic Black,Current,25,95,95,93,94.33333333333333
121937,Both interviewed and MEC examined,22,Male,Non-Hispanic Black,Never,34.7,123,118,120,120.33333333333333
121938,Both interviewed and MEC examined,38,Female,Mexican American,Current,27.9,NA,NA,NA,NA
121943,Both interviewed and MEC examined,22,Male,Non-Hispanic Asian,Never,NA,NA,NA,NA,NA
121944,Both interviewed and MEC examined,56,Female,Non-Hispanic White,Former,29.7,122,122,123,122.33333333333333
121948,Both interviewed and MEC examined,51,Female,Non-Hispanic Black,Never,24.5,151,154,156,153.66666666666666
121949,Both interviewed and MEC examined,71,Female,Non-Hispanic Asian,Never,25.5,114,112,113,113
121950,Both interviewed and MEC examined,41,Female,Other Hispanic,Never,30,128,116,115,119.66666666666667
121951,Both interviewed and MEC examined,60,Male,Other Race - Including Multi-Racial,Current,29.8,145,143,145,144.33333333333334
121956,Both interviewed and MEC examined,24,Female,Non-Hispanic White,Never,19.8,109,104,110,107.66666666666667
121958,Both interviewed and MEC examined,30,Male,Non-Hispanic White,Current,34.2,110,113,116,113
121961,Both interviewed and MEC examined,41,Male,Non-Hispanic White,Never,30.9,112,122,110,114.66666666666667
121962,Both interviewed and MEC examined,54,Male,Mexican American,Never,33.9,130,133,130,131
121964,Both interviewed and MEC examined,73,Female,Other Hispanic,Former,25.1,152,141,140,144.33333333333334
121965,Both interviewed and MEC examined,73,Female,Non-Hispanic White,Current,22.8,160,157,153,156.66666666666666
121968,Both interviewed and MEC examined,69,Male,Other Hispanic,Former,34.9,139,140,139,139.33333333333334
121970,Both interviewed and MEC examined,32,Female,Non-Hispanic Black,Never,28.2,113,109,110,110.66666666666667
121971,Both interviewed and MEC examined,47,Female,Non-Hispanic Black,Never,42.9,116,118,117,117
121972,Both interviewed and MEC examined,38,Male,Non-Hispanic Asian,Never,25.7,135,132,123,130
121975,Both interviewed and MEC examined,62,Male,Non-Hispanic Black,Current,26.4,201,198,193,197.33333333333334
121976,Both interviewed and MEC examined,50,Male,Non-Hispanic Asian,Never,31.7,114,117,117,116
121977,Both interviewed and MEC examined,62,Male,Other Hispanic,Never,29.2,142,139,143,141.33333333333334
121978,Both interviewed and MEC examined,52,Male,Other Race - Including Multi-Racial,Former,35.5,140,134,132,135.33333333333334
121979,Both interviewed and MEC examined,50,Female,Non-Hispanic White,Former,22.3,101,102,100,101
121981,Both interviewed and MEC examined,68,Female,Non-Hispanic White,Never,28.3,160,158,150,156
121982,Both interviewed and MEC examined,27,Male,Non-Hispanic White,Current,26.8,112,108,110,110
121984,Both interviewed and MEC examined,61,Male,Non-Hispanic White,Never,23.4,119,117,130,122
121987,Both interviewed and MEC examined,57,Male,Other Race - Including Multi-Racial,Current,25.3,117,106,107,110
121988,Both interviewed and MEC examined,46,Male,Non-Hispanic White,Current,21.2,102,103,102,102.33333333333333
121989,Both interviewed and MEC examined,60,Male,Non-Hispanic Asian,Current,23.9,119,116,113,116
121990,Both interviewed and MEC examined,64,Male,Non-Hispanic Black,Current,19.4,129,127,124,126.66666666666667
121991,Both interviewed and MEC examined,26,Female,Other Hispanic,Never,37.8,104,109,114,109
121993,Both interviewed and MEC examined,79,Male,Mexican American,Former,21.6,114,114,113,113.66666666666667
121995,Both interviewed and MEC examined,51,Female,Non-Hispanic Asian,Never,21.7,109,117,119,115
121997,Both interviewed and MEC examined,24,Male,Other Hispanic,Never,42.3,130,125,123,126
122001,Both interviewed and MEC examined,48,Male,Mexican American,Current,29.4,109,108,109,108.66666666666667
122004,Both interviewed and MEC examined,40,Female,Non-Hispanic White,Current,29.7,123,126,109,119.33333333333333
122005,Both interviewed and MEC examined,33,Male,Other Race - Including Multi-Racial,Former,36.9,132,127,133,130.66666666666666
122011,Both interviewed and MEC examined,22,Male,Non-Hispanic Black,Current,17.9,122,107,113,114
122012,Both interviewed and MEC examined,29,Male,Non-Hispanic White,Never,27.8,125,111,112,116
122013,Both interviewed and MEC examined,69,Male,Non-Hispanic Asian,Never,23.7,116,115,115,115.33333333333333
122015,Both interviewed and MEC examined,39,Male,Mexican American,Current,NA,108,106,110,108
122018,Both interviewed and MEC examined,30,Female,Non-Hispanic White,Never,22.4,96,105,100,100.33333333333333
122019,Both interviewed and MEC examined,43,Female,Non-Hispanic White,Never,36.9,136,135,137,136
122021,Both interviewed and MEC examined,23,Male,Non-Hispanic Black,Never,27.6,108,102,106,105.33333333333333
122022,Both interviewed and MEC examined,47,Female,Non-Hispanic White,Never,50.8,123,120,116,119.66666666666667
122023,Both interviewed and MEC examined,59,Male,Other Hispanic,Never,24.7,107,121,107,111.66666666666667
122028,Both interviewed and MEC examined,33,Male,Mexican American,Never,30.1,NA,NA,NA,NA
122029,Both interviewed and MEC examined,29,Male,Non-Hispanic Asian,Current,27.5,118,116,116,116.66666666666667
122030,Both interviewed and MEC examined,65,Female,Other Hispanic,Never,34.1,129,136,124,129.66666666666666
122037,Both interviewed and MEC examined,68,Male,Non-Hispanic Black,Never,36.8,121,127,124,124
122038,Both interviewed and MEC examined,73,Female,Other Hispanic,Never,25.6,143,137,147,142.33333333333334
122039,Both interviewed and MEC examined,46,Male,Non-Hispanic Asian,Never,27.7,130,138,132,133.33333333333334
122041,Both interviewed and MEC examined,33,Female,Other Hispanic,Never,31.9,104,99,101,101.33333333333333
122043,Both interviewed and MEC examined,64,Female,Non-Hispanic Black,Former,33.6,147,146,145,146
122044,Both interviewed and MEC examined,41,Female,Other Race - Including Multi-Racial,Never,45.8,145,144,146,145
122048,Both interviewed and MEC examined,66,Female,Non-Hispanic White,Former,36.3,123,114,130,122.33333333333333
122052,Both interviewed and MEC examined,63,Female,Non-Hispanic White,Former,30.2,119,121,117,119
122053,Both interviewed and MEC examined,47,Female,Non-Hispanic White,Former,24.1,118,128,116,120.66666666666667
122054,Both interviewed and MEC examined,49,Male,Other Race - Including Multi-Racial,Never,29.3,152,154,151,152.33333333333334
122056,Both interviewed and MEC examined,61,Female,Other Hispanic,Never,28.9,149,148,148,148.33333333333334
122061,Both interviewed and MEC examined,74,Female,Non-Hispanic White,Never,27,142,147,135,141.33333333333334
122062,Both interviewed and MEC examined,31,Male,Non-Hispanic Black,Never,25.6,127,116,114,119
122063,Both interviewed and MEC examined,44,Female,Non-Hispanic White,Current,27.2,100,114,109,107.66666666666667
122070,Both interviewed and MEC examined,61,Male,Non-Hispanic Black,Current,30.4,163,156,172,163.66666666666666
122074,Both interviewed and MEC examined,63,Male,Other Hispanic,Former,27.7,106,107,107,106.66666666666667
122076,Both interviewed and MEC examined,24,Female,Non-Hispanic Black,Never,20.6,112,100,100,104
122077,Both interviewed and MEC examined,43,Male,Mexican American,Former,25.5,124,132,126,127.33333333333333
122078,Both interviewed and MEC examined,77,Female,Non-Hispanic White,Never,24.6,125,117,111,117.66666666666667
122079,Both interviewed and MEC examined,56,Female,Non-Hispanic White,Never,30.2,107,114,115,112
122081,Both interviewed and MEC examined,73,Male,Non-Hispanic White,Former,30,171,156,167,164.66666666666666
122083,Both interviewed and MEC examined,42,Male,Non-Hispanic Asian,Never,25.7,130,128,128,128.66666666666666
122089,Both interviewed and MEC examined,73,Female,Non-Hispanic Asian,Never,21.9,NA,NA,NA,NA
122091,Both interviewed and MEC examined,39,Male,Non-Hispanic White,Never,34,115,119,121,118.33333333333333
122093,Both interviewed and MEC examined,27,Female,Non-Hispanic Asian,Never,20.7,132,128,144,134.66666666666666
122094,Both interviewed and MEC examined,54,Male,Non-Hispanic White,Current,28.5,112,117,119,116
122095,Both interviewed and MEC examined,43,Female,Non-Hispanic Asian,Never,20.9,109,112,104,108.33333333333333
122096,Both interviewed and MEC examined,42,Male,Non-Hispanic Black,Never,21.9,133,126,142,133.66666666666666
122097,Both interviewed and MEC examined,38,Female,Non-Hispanic White,Former,25,103,100,98,100.33333333333333
122099,Both interviewed and MEC examined,57,Male,Non-Hispanic Black,Never,24.5,NA,NA,NA,NA
122101,Both interviewed and MEC examined,43,Male,Non-Hispanic White,Former,32.6,115,118,122,118.33333333333333
122102,Both interviewed and MEC examined,44,Male,Mexican American,Never,34.4,138,139,134,137
122105,Both interviewed and MEC examined,37,Male,Mexican American,Never,26.8,116,105,108,109.66666666666667
122107,Both interviewed and MEC examined,34,Female,Non-Hispanic Black,Never,40.5,119,120,121,120
122108,Both interviewed and MEC examined,73,Female,Non-Hispanic White,Former,26.5,133,134,129,132
122110,Both interviewed and MEC examined,43,Female,Non-Hispanic White,Former,51,111,114,107,110.66666666666667
122111,Both interviewed and MEC examined,33,Male,Non-Hispanic Asian,Never,24.9,108,111,113,110.66666666666667
122112,Both interviewed and MEC examined,25,Male,Other Race - Including Multi-Racial,Former,26.8,114,109,111,111.33333333333333
122113,Both interviewed and MEC examined,42,Male,Non-Hispanic Asian,Never,21.5,102,104,106,104
122115,Both interviewed and MEC examined,40,Male,Mexican American,Former,54.4,133,134,135,134
122116,Both interviewed and MEC examined,32,Female,Non-Hispanic Black,Current,25.2,NA,NA,NA,NA
122118,Both interviewed and MEC examined,24,Female,Other Hispanic,Never,24.8,103,101,101,101.66666666666667
122121,Both interviewed and MEC examined,64,Male,Non-Hispanic White,Former,28.3,139,141,142,140.66666666666666
122128,Both interviewed and MEC examined,37,Female,Non-Hispanic Black,Never,22.6,106,106,118,110
122129,Both interviewed and MEC examined,75,Male,Non-Hispanic White,Never,24,119,123,132,124.66666666666667
122136,Both interviewed and MEC examined,59,Female,Mexican American,Never,27.3,128,120,121,123
122138,Both interviewed and MEC examined,74,Male,Non-Hispanic White,Former,28.1,NA,NA,NA,NA
122139,Both interviewed and MEC examined,72,Male,Non-Hispanic Asian,Former,28.1,132,128,133,131
122140,Both interviewed and MEC examined,53,Female,Other Race - Including Multi-Racial,Current,28,129,133,131,131
122144,Both interviewed and MEC examined,69,Male,Non-Hispanic Black,Former,26.7,129,121,124,124.66666666666667
122146,Both interviewed and MEC examined,60,Male,Non-Hispanic Black,Never,22.7,140,135,142,139
122150,Both interviewed and MEC examined,60,Male,Non-Hispanic Black,Current,25.7,107,109,110,108.66666666666667
122152,Both interviewed and MEC examined,42,Female,Non-Hispanic White,Current,25.5,114,131,122,122.33333333333333
122153,Both interviewed and MEC examined,63,Male,Non-Hispanic White,Never,36.4,111,115,104,110
122154,Both interviewed and MEC examined,72,Male,Non-Hispanic White,Never,24.9,110,100,110,106.66666666666667
122156,Both interviewed and MEC examined,60,Male,Non-Hispanic White,Former,54.6,145,141,142,142.66666666666666
122159,Both interviewed and MEC examined,77,Female,Non-Hispanic Black,Former,51.6,NA,NA,NA,NA
122163,Both interviewed and MEC examined,31,Male,Non-Hispanic White,Never,21.6,133,123,123,126.33333333333333
122164,Both interviewed and MEC examined,31,Male,Non-Hispanic Black,Never,25.1,110,117,119,115.33333333333333
122166,Both interviewed and MEC examined,70,Male,Non-Hispanic Black,Former,37.4,114,108,108,110
122168,Both interviewed and MEC examined,62,Male,Other Hispanic,Never,27.3,119,119,120,119.33333333333333
122169,Both interviewed and MEC examined,62,Female,Mexican American,Never,23.6,136,143,126,135
122171,Both interviewed and MEC examined,34,Female,Non-Hispanic Black,Never,92.3,NA,NA,NA,NA
122175,Both interviewed and MEC examined,58,Female,Non-Hispanic Black,Never,31.8,114,122,126,120.66666666666667
122178,Both interviewed and MEC examined,32,Male,Other Hispanic,Former,NA,NA,NA,NA,NA
122180,Both interviewed and MEC examined,34,Female,Non-Hispanic Asian,Never,16.5,101,103,100,101.33333333333333
122184,Both interviewed and MEC examined,27,Male,Non-Hispanic White,Former,45.7,109,106,107,107.33333333333333
122188,Both interviewed and MEC examined,54,Female,Non-Hispanic Asian,Never,21.8,100,102,97,99.66666666666667
122189,Both interviewed and MEC examined,68,Female,Other Hispanic,Never,24.5,119,122,117,119.33333333333333
122192,Both interviewed and MEC examined,59,Male,Non-Hispanic Black,Never,35.8,146,141,143,143.33333333333334
122193,Both interviewed and MEC examined,54,Female,Non-Hispanic Black,Never,31.7,122,120,125,122.33333333333333
122196,Both interviewed and MEC examined,23,Female,Mexican American,Current,25.1,101,98,102,100.33333333333333
122199,Both interviewed and MEC examined,60,Female,Other Race - Including Multi-Racial,Current,33.8,190,160,167,172.33333333333334
122201,Both interviewed and MEC examined,36,Male,Non-Hispanic White,Never,51.9,116,112,115,114.33333333333333
122202,Both interviewed and MEC examined,49,Male,Non-Hispanic Black,Never,38.3,121,123,125,123
122203,Both interviewed and MEC examined,29,Male,Non-Hispanic Black,Current,33.5,120,121,118,119.66666666666667
122204,Both interviewed and MEC examined,34,Male,Non-Hispanic White,Never,28,112,121,118,117
122207,Both interviewed and MEC examined,43,Female,Non-Hispanic Asian,Never,14.6,95,98,105,99.33333333333333
122208,Both interviewed and MEC examined,71,Female,Non-Hispanic White,Never,33.9,136,144,132,137.33333333333334
122209,Both interviewed and MEC examined,31,Male,Non-Hispanic White,Current,24.7,109,104,113,108.66666666666667
122212,Both interviewed and MEC examined,36,Male,Other Hispanic,Former,25.4,110,112,108,110
122213,Both interviewed and MEC examined,36,Female,Non-Hispanic White,Current,22.8,113,107,105,108.33333333333333
122214,Both interviewed and MEC examined,76,Female,Non-Hispanic White,Former,30.4,116,124,122,120.66666666666667
122215,Both interviewed and MEC examined,42,Female,Non-Hispanic Asian,Never,30.2,111,104,113,109.33333333333333
122216,Both interviewed and MEC examined,44,Male,Other Hispanic,Former,27,122,125,118,121.66666666666667
122217,Both interviewed and MEC examined,49,Female,Non-Hispanic Black,Never,36.2,153,143,139,145
122218,Both interviewed and MEC examined,54,Female,Mexican American,Current,31.1,178,179,180,179
122219,Both interviewed and MEC examined,50,Male,Mexican American,Never,29.7,131,132,134,132.33333333333334
122222,Both interviewed and MEC examined,25,Male,Non-Hispanic White,Current,30.6,133,134,133,133.33333333333334
122223,Both interviewed and MEC examined,57,Male,Mexican American,Never,36.9,126,122,131,126.33333333333333
122227,Both interviewed and MEC examined,66,Male,Non-Hispanic Black,Current,21.2,148,173,171,164
122229,Both interviewed and MEC examined,69,Female,Non-Hispanic Black,Never,44.9,141,142,136,139.66666666666666
122234,Both interviewed and MEC examined,22,Male,Non-Hispanic Black,Never,32.6,136,140,135,137
122235,Both interviewed and MEC examined,50,Male,Non-Hispanic White,Never,32.3,117,116,115,116
122236,Both interviewed and MEC examined,29,Female,Other Race - Including Multi-Racial,Never,32.6,123,116,120,119.66666666666667
122237,Both interviewed and MEC examined,68,Female,Non-Hispanic Black,Never,26.3,181,179,180,180
122239,Both interviewed and MEC examined,35,Male,Non-Hispanic Black,Never,20.4,128,129,127,128
122240,Both interviewed and MEC examined,63,Female,Non-Hispanic White,Never,33.5,107,107,105,106.33333333333333
122241,Both interviewed and MEC examined,42,Male,Non-Hispanic White,Current,23.9,116,105,114,111.66666666666667
122244,Both interviewed and MEC examined,75,Male,Non-Hispanic Black,Former,36.5,138,143,141,140.66666666666666
122245,Both interviewed and MEC examined,54,Male,Non-Hispanic Black,Current,19.2,NA,NA,NA,NA
122246,Both interviewed and MEC examined,70,Male,Non-Hispanic Black,Current,34.6,145,148,144,145.66666666666666
122250,Both interviewed and MEC examined,66,Male,Other Hispanic,Never,32.1,114,114,114,114
122252,Both interviewed and MEC examined,70,Male,Non-Hispanic White,Never,32.1,131,120,134,128.33333333333334
122254,Both interviewed and MEC examined,32,Female,Non-Hispanic White,Current,26.8,125,129,131,128.33333333333334
122258,Both interviewed and MEC examined,22,Male,Mexican American,Never,43.1,110,110,112,110.66666666666667
122260,Both interviewed and MEC examined,62,Male,Non-Hispanic Black,Current,23.3,117,115,116,116
122263,Both interviewed and MEC examined,21,Female,Non-Hispanic Asian,Never,NA,NA,NA,NA,NA
122264,Both interviewed and MEC examined,41,Female,Non-Hispanic White,Former,29.4,128,129,131,129.33333333333334
122265,Both interviewed and MEC examined,22,Female,Non-Hispanic White,Current,32.8,91,93,93,92.33333333333333
122266,Both interviewed and MEC examined,43,Male,Non-Hispanic White,Never,24,108,109,112,109.66666666666667
122268,Both interviewed and MEC examined,64,Female,Mexican American,Current,41.8,142,147,152,147
122269,Both interviewed and MEC examined,70,Female,Non-Hispanic White,Never,31.8,144,137,138,139.66666666666666
122271,Both interviewed and MEC examined,22,Male,Non-Hispanic White,Former,31.2,141,144,137,140.66666666666666
122272,Both interviewed and MEC examined,55,Male,Non-Hispanic White,Former,33.3,106,111,111,109.33333333333333
122274,Both interviewed and MEC examined,30,Male,Other Race - Including Multi-Racial,Never,23.9,119,120,109,116
122276,Both interviewed and MEC examined,28,Female,Non-Hispanic Asian,Never,27.2,110,73,113,98.66666666666667
122282,Both interviewed and MEC examined,25,Female,Mexican American,Never,36.3,101,101,99,100.33333333333333
122283,Both interviewed and MEC examined,60,Male,Non-Hispanic Black,Former,25.6,109,112,116,112.33333333333333
122286,Both interviewed and MEC examined,64,Female,Non-Hispanic Asian,Former,36.1,129,135,125,129.66666666666666
122287,Both interviewed and MEC examined,64,Female,Non-Hispanic Asian,Never,18.6,NA,NA,NA,NA
122289,Both interviewed and MEC examined,57,Female,Non-Hispanic White,Current,22.1,108,101,104,104.33333333333333
122290,Both interviewed and MEC examined,61,Female,Non-Hispanic Black,Former,63.4,107,108,110,108.33333333333333
122291,Both interviewed and MEC examined,73,Male,Non-Hispanic White,Never,21.7,189,194,194,192.33333333333334
122293,Both interviewed and MEC examined,64,Female,Non-Hispanic Black,Never,32.1,130,128,124,127.33333333333333
122294,Both interviewed and MEC examined,30,Female,Non-Hispanic White,Former,26.3,112,111,112,111.66666666666667
122295,Both interviewed and MEC examined,70,Female,Non-Hispanic White,Never,39.4,115,119,125,119.66666666666667
122297,Both interviewed and MEC examined,59,Female,Non-Hispanic White,Former,26.9,123,129,124,125.33333333333333
122300,Both interviewed and MEC examined,47,Male,Non-Hispanic Asian,Never,24.5,126,123,NA,124.5
122301,Both interviewed and MEC examined,39,Female,Non-Hispanic Black,Former,24.8,98,102,95,98.33333333333333
122302,Both interviewed and MEC examined,23,Female,Non-Hispanic White,Never,20.5,97,97,99,97.66666666666667
122304,Both interviewed and MEC examined,65,Female,Mexican American,Former,26.8,151,149,156,152
122305,Both interviewed and MEC examined,33,Male,Non-Hispanic Asian,Current,53.7,103,109,111,107.66666666666667
122306,Both interviewed and MEC examined,38,Female,Non-Hispanic Black,Never,NA,NA,NA,NA,NA
122310,Both interviewed and MEC examined,48,Male,Other Race - Including Multi-Racial,Current,20.6,147,160,157,154.66666666666666
122314,Both interviewed and MEC examined,77,Female,Non-Hispanic Asian,Never,26.8,151,149,145,148.33333333333334
122318,Both interviewed and MEC examined,25,Female,Non-Hispanic White,Current,34.7,100,95,95,96.66666666666667
122319,Both interviewed and MEC examined,31,Female,Non-Hispanic Black,Current,32.8,156,155,151,154
122322,Both interviewed and MEC examined,39,Female,Non-Hispanic White,Never,63.5,100,96,98,98
122323,Both interviewed and MEC examined,48,Female,Non-Hispanic Black,Never,35.2,131,126,135,130.66666666666666
122324,Both interviewed and MEC examined,47,Male,Other Race - Including Multi-Racial,Former,23.9,151,137,132,140
122325,Both interviewed and MEC examined,40,Male,Non-Hispanic White,Current,36.5,116,118,116,116.66666666666667
122328,Both interviewed and MEC examined,55,Male,Non-Hispanic White,Never,39.8,137,133,129,133
122330,Both interviewed and MEC examined,27,Female,Non-Hispanic White,Never,23.7,125,133,124,127.33333333333333
122333,Both interviewed and MEC examined,39,Female,Mexican American,Never,41,93,95,92,93.33333333333333
122334,Both interviewed and MEC examined,29,Female,Mexican American,Never,27.7,108,101,100,103
122335,Both interviewed and MEC examined,28,Male,Non-Hispanic Black,Never,27.9,111,109,113,111
122337,Both interviewed and MEC examined,64,Male,Non-Hispanic Black,Current,24.6,129,128,137,131.33333333333334
122338,Both interviewed and MEC examined,34,Female,Non-Hispanic Black,Current,56.4,NA,NA,NA,NA
122339,Both interviewed and MEC examined,68,Male,Non-Hispanic Black,Former,27.4,92,90,91,91
122340,Both interviewed and MEC examined,36,Female,Other Hispanic,Never,24.3,105,102,101,102.66666666666667
122342,Both interviewed and MEC examined,63,Male,Non-Hispanic Black,Former,NA,94,79,77,83.33333333333333
122343,Both interviewed and MEC examined,69,Female,Non-Hispanic Asian,Former,52.6,144,138,138,140
122346,Both interviewed and MEC examined,33,Male,Non-Hispanic Black,Current,26.4,97,102,102,100.33333333333333
122348,Both interviewed and MEC examined,47,Male,Non-Hispanic Black,Never,27,121,118,119,119.33333333333333
122350,Both interviewed and MEC examined,39,Female,Non-Hispanic Asian,Never,19.7,NA,NA,NA,NA
122351,Both interviewed and MEC examined,57,Female,Other Race - Including Multi-Racial,Former,20.4,100,97,97,98
122354,Both interviewed and MEC examined,78,Male,Non-Hispanic White,Former,30.3,105,102,106,104.33333333333333
122355,Both interviewed and MEC examined,70,Female,Non-Hispanic White,Never,33.6,124,130,134,129.33333333333334
122356,Both interviewed and MEC examined,22,Female,Non-Hispanic White,Never,26.3,113,113,116,114
122357,Both interviewed and MEC examined,32,Female,Other Hispanic,Never,23.1,113,107,107,109
122359,Both interviewed and MEC examined,66,Male,Other Hispanic,Never,23.6,134,131,131,132
122361,Both interviewed and MEC examined,31,Male,Non-Hispanic Black,Current,48.6,111,107,106,108
122363,Both interviewed and MEC examined,39,Male,Non-Hispanic Asian,Never,23,114,109,110,111
122367,Both interviewed and MEC examined,59,Female,Non-Hispanic Black,Never,38.2,NA,NA,NA,NA
122369,Both interviewed and MEC examined,26,Female,Non-Hispanic Black,Current,21.9,118,118,117,117.66666666666667
122370,Both interviewed and MEC examined,36,Female,Other Hispanic,Former,28.3,111,112,112,111.66666666666667
122371,Both interviewed and MEC examined,62,Male,Non-Hispanic Black,Current,21.9,NA,NA,NA,NA
122373,Both interviewed and MEC examined,39,Female,Non-Hispanic Black,Current,22.3,140,141,146,142.33333333333334
122375,Both interviewed and MEC examined,57,Male,Non-Hispanic Asian,Former,21.2,167,162,160,163
122376,Both interviewed and MEC examined,74,Female,Non-Hispanic Black,Former,19.7,154,150,144,149.33333333333334
122379,Both interviewed and MEC examined,46,Female,Mexican American,Never,26,135,143,138,138.66666666666666
122383,Both interviewed and MEC examined,22,Female,Other Race - Including Multi-Racial,Former,23.4,108,106,110,108
122384,Both interviewed and MEC examined,43,Male,Non-Hispanic Black,Never,30.3,121,125,126,124
122385,Both interviewed and MEC examined,47,Female,Non-Hispanic Asian,Never,27.5,102,100,95,99
122387,Both interviewed and MEC examined,72,Male,Other Race - Including Multi-Racial,Former,41,105,108,103,105.33333333333333
122389,Both interviewed and MEC examined,28,Male,Mexican American,Current,27.3,114,114,116,114.66666666666667
122390,Both interviewed and MEC examined,41,Female,Non-Hispanic Black,Never,30.6,NA,NA,NA,NA
122392,Both interviewed and MEC examined,51,Female,Non-Hispanic Black,Never,38,NA,NA,NA,NA
122393,Both interviewed and MEC examined,23,Female,Other Race - Including Multi-Racial,Never,21.4,105,112,113,110
122394,Both interviewed and MEC examined,66,Female,Other Race - Including Multi-Racial,Former,28.8,126,126,125,125.66666666666667
122395,Both interviewed and MEC examined,38,Male,Mexican American,Never,31.8,123,121,118,120.66666666666667
122396,Both interviewed and MEC examined,53,Male,Non-Hispanic White,Never,28.9,124,126,123,124.33333333333333
122399,Both interviewed and MEC examined,78,Female,Non-Hispanic Black,Never,24.2,160,170,157,162.33333333333334
122400,Both interviewed and MEC examined,61,Male,Non-Hispanic Black,Never,45.1,140,141,141,140.66666666666666
122401,Both interviewed and MEC examined,43,Female,Other Race - Including Multi-Racial,Former,30.2,109,113,110,110.66666666666667
122405,Both interviewed and MEC examined,67,Male,Non-Hispanic Asian,Never,28.4,129,124,130,127.66666666666667
122407,Both interviewed and MEC examined,61,Male,Non-Hispanic Asian,Never,33.4,140,135,137,137.33333333333334
122408,Both interviewed and MEC examined,42,Female,Non-Hispanic White,Current,20.7,104,105,100,103
122409,Both interviewed and MEC examined,77,Female,Non-Hispanic Black,Former,33.1,159,166,164,163
122412,Both interviewed and MEC examined,49,Male,Non-Hispanic White,Current,18.3,109,116,112,112.33333333333333
122414,Both interviewed and MEC examined,56,Female,Other Hispanic,Current,28.5,153,152,135,146.66666666666666
122415,Both interviewed and MEC examined,60,Male,Non-Hispanic White,Never,34.6,126,123,123,124
122416,Both interviewed and MEC examined,28,Male,Non-Hispanic Asian,Former,25.1,116,117,114,115.66666666666667
122417,Both interviewed and MEC examined,62,Male,Non-Hispanic Black,Former,36.7,147,142,141,143.33333333333334
122418,Both interviewed and MEC examined,64,Female,Non-Hispanic Black,Never,75.7,199,193,198,196.66666666666666
122419,Both interviewed and MEC examined,61,Male,Non-Hispanic Black,Never,26.6,163,166,166,165
122420,Both interviewed and MEC examined,37,Female,Other Hispanic,Never,29.5,104,99,105,102.66666666666667
122423,Both interviewed and MEC examined,47,Male,Mexican American,Former,36.1,118,120,114,117.33333333333333
122424,Both interviewed and MEC examined,52,Female,Non-Hispanic Asian,Never,26.4,136,144,137,139
122428,Both interviewed and MEC examined,76,Female,Non-Hispanic Black,Never,33.3,115,114,116,115
122431,Both interviewed and MEC examined,57,Female,Mexican American,Never,28.7,110,110,102,107.33333333333333
122434,Both interviewed and MEC examined,74,Female,Other Hispanic,Former,35.4,141,142,138,140.33333333333334
122435,Both interviewed and MEC examined,48,Male,Non-Hispanic Black,Former,34.3,155,144,152,150.33333333333334
122436,Both interviewed and MEC examined,71,Male,Non-Hispanic White,Never,34.4,140,145,134,139.66666666666666
122438,Both interviewed and MEC examined,26,Male,Non-Hispanic White,Current,24.4,121,123,123,122.33333333333333
122439,Both interviewed and MEC examined,27,Male,Non-Hispanic White,Current,36.9,129,129,130,129.33333333333334
122440,Both interviewed and MEC examined,64,Female,Non-Hispanic Black,Never,27.8,154,148,145,149
122442,Both interviewed and MEC examined,62,Female,Non-Hispanic White,Former,21.7,120,126,123,123
122443,Both interviewed and MEC examined,26,Male,Non-Hispanic Black,Current,25.5,112,111,111,111.33333333333333
122448,Both interviewed and MEC examined,44,Male,Non-Hispanic Asian,Never,21.2,146,134,135,138.33333333333334
122449,Both interviewed and MEC examined,40,Male,Non-Hispanic White,Never,24.4,114,120,118,117.33333333333333
122451,Both interviewed and MEC examined,22,Female,Non-Hispanic Asian,Never,19.2,117,105,97,106.33333333333333
122453,Both interviewed and MEC examined,61,Male,Non-Hispanic Asian,Never,26.5,130,144,128,134
122454,Both interviewed and MEC examined,51,Female,Non-Hispanic White,Never,30.4,124,122,126,124
122456,Both interviewed and MEC examined,56,Female,Other Hispanic,Never,41.8,120,119,124,121
122458,Both interviewed and MEC examined,63,Female,Mexican American,Never,NA,NA,NA,NA,NA
122459,Both interviewed and MEC examined,25,Male,Non-Hispanic White,Current,19,107,108,107,107.33333333333333
122462,Both interviewed and MEC examined,30,Female,Non-Hispanic Asian,Former,20.7,109,107,108,108
122463,Both interviewed and MEC examined,53,Male,Non-Hispanic Black,Never,35.1,132,135,140,135.66666666666666
122468,Both interviewed and MEC examined,31,Male,Mexican American,Never,29.4,109,108,114,110.33333333333333
122472,Both interviewed and MEC examined,37,Male,Non-Hispanic White,Former,34.2,112,108,110,110
122473,Both interviewed and MEC examined,67,Female,Non-Hispanic White,Former,40,165,177,183,175
122474,Both interviewed and MEC examined,49,Female,Non-Hispanic Black,Never,27.1,132,135,138,135
122475,Both interviewed and MEC examined,62,Female,Mexican American,Never,28.7,163,169,164,165.33333333333334
122477,Both interviewed and MEC examined,35,Female,Other Hispanic,Never,21.3,103,104,99,102
122478,Both interviewed and MEC examined,42,Female,Non-Hispanic Asian,Never,26.5,107,107,107,107
122482,Both interviewed and MEC examined,69,Female,Non-Hispanic White,Former,23.3,130,133,131,131.33333333333334
122489,Both interviewed and MEC examined,48,Male,Non-Hispanic Black,Never,31.5,131,136,125,130.66666666666666
122490,Both interviewed and MEC examined,33,Male,Non-Hispanic White,Former,35.6,115,114,113,114
122493,Both interviewed and MEC examined,52,Female,Non-Hispanic Black,Former,34.1,111,115,109,111.66666666666667
122497,Both interviewed and MEC examined,27,Female,Non-Hispanic Black,Never,18.5,100,93,99,97.33333333333333
122499,Both interviewed and MEC examined,55,Female,Non-Hispanic White,Current,33.6,120,108,113,113.66666666666667
122500,Both interviewed and MEC examined,23,Female,Non-Hispanic White,Never,18.6,106,108,103,105.66666666666667
122501,Both interviewed and MEC examined,40,Male,Non-Hispanic White,Former,39.8,143,139,133,138.33333333333334
122502,Both interviewed and MEC examined,60,Female,Non-Hispanic White,Former,37.2,145,149,143,145.66666666666666
122503,Both interviewed and MEC examined,32,Female,Non-Hispanic Asian,Never,29,99,93,97,96.33333333333333
122504,Both interviewed and MEC examined,47,Male,Non-Hispanic Black,Never,26.7,126,126,132,128
122509,Both interviewed and MEC examined,41,Male,Non-Hispanic Black,Never,45.2,124,124,121,123
122511,Both interviewed and MEC examined,60,Male,Non-Hispanic White,Current,26.7,119,116,117,117.33333333333333
122512,Both interviewed and MEC examined,37,Female,Other Race - Including Multi-Racial,Never,26.6,94,100,98,97.33333333333333
122513,Both interviewed and MEC examined,28,Female,Non-Hispanic Black,Current,32.8,130,129,127,128.66666666666666
122516,Both interviewed and MEC examined,45,Female,Non-Hispanic Black,Never,62.8,136,138,133,135.66666666666666
122517,Both interviewed and MEC examined,67,Female,Non-Hispanic Black,Former,42.8,191,188,192,190.33333333333334
122520,Both interviewed and MEC examined,54,Male,Non-Hispanic White,Former,31.8,117,126,129,124
122522,Both interviewed and MEC examined,42,Female,Other Hispanic,Current,24.9,188,186,189,187.66666666666666
122524,Both interviewed and MEC examined,45,Female,Non-Hispanic White,Never,28.2,119,120,114,117.66666666666667
122525,Both interviewed and MEC examined,62,Male,Non-Hispanic Asian,Never,33.7,113,118,113,114.66666666666667
122526,Both interviewed and MEC examined,23,Male,Mexican American,Never,21.1,144,131,131,135.33333333333334
122534,Both interviewed and MEC examined,63,Male,Non-Hispanic Black,Current,25.7,124,121,117,120.66666666666667
122535,Both interviewed and MEC examined,23,Male,Non-Hispanic White,Current,31.1,115,109,116,113.33333333333333
122536,Both interviewed and MEC examined,54,Male,Non-Hispanic Black,Current,26.1,93,97,100,96.66666666666667
122537,Both interviewed and MEC examined,31,Male,Non-Hispanic White,Never,28.5,122,128,136,128.66666666666666
122539,Both interviewed and MEC examined,52,Female,Mexican American,Never,34.5,118,120,111,116.33333333333333
122540,Both interviewed and MEC examined,56,Male,Non-Hispanic Asian,Former,27.4,125,122,124,123.66666666666667
122543,Both interviewed and MEC examined,47,Male,Non-Hispanic White,Current,29.8,106,107,105,106
122546,Both interviewed and MEC examined,43,Male,Non-Hispanic White,Never,26.9,155,143,140,146
122549,Both interviewed and MEC examined,58,Female,Non-Hispanic Asian,Never,21.4,129,124,130,127.66666666666667
122552,Both interviewed and MEC examined,70,Female,Non-Hispanic White,Never,NA,NA,NA,NA,NA
122555,Both interviewed and MEC examined,33,Female,Non-Hispanic Black,Never,37.2,103,105,104,104
122556,Both interviewed and MEC examined,51,Male,Non-Hispanic White,Current,25.8,121,123,120,121.33333333333333
122557,Both interviewed and MEC examined,58,Male,Non-Hispanic White,Current,28.5,104,103,104,103.66666666666667
122559,Both interviewed and MEC examined,44,Male,Non-Hispanic Black,Current,34.9,131,131,130,130.66666666666666
122560,Both interviewed and MEC examined,71,Female,Non-Hispanic White,Former,28.7,130,136,140,135.33333333333334
122567,Both interviewed and MEC examined,71,Male,Non-Hispanic White,Former,18.4,134,130,137,133.66666666666666
122569,Both interviewed and MEC examined,54,Female,Mexican American,Never,28.1,112,120,121,117.66666666666667
122570,Both interviewed and MEC examined,42,Male,Non-Hispanic Black,Never,38.6,151,150,160,153.66666666666666
122571,Both interviewed and MEC examined,59,Male,Non-Hispanic White,Current,19,139,121,134,131.33333333333334
122572,Both interviewed and MEC examined,62,Male,Non-Hispanic White,Former,28,124,130,133,129
122574,Both interviewed and MEC examined,70,Female,Non-Hispanic Black,Never,20,169,165,172,168.66666666666666
122575,Both interviewed and MEC examined,62,Male,Non-Hispanic Black,Never,31.4,140,131,136,135.66666666666666
122576,Both interviewed and MEC examined,55,Female,Non-Hispanic Asian,Never,16.7,119,126,125,123.33333333333333
122578,Both interviewed and MEC examined,22,Female,Mexican American,Never,32.9,99,99,95,97.66666666666667
122581,Both interviewed and MEC examined,31,Female,Non-Hispanic Black,Never,29.6,92,94,92,92.66666666666667
122582,Both interviewed and MEC examined,29,Female,Non-Hispanic Black,Current,28.9,151,NA,NA,151
122584,Both interviewed and MEC examined,70,Male,Non-Hispanic White,Former,29.4,NA,NA,NA,NA
122585,Both interviewed and MEC examined,72,Male,Other Race - Including Multi-Racial,Former,30.1,135,141,138,138
122587,Both interviewed and MEC examined,48,Male,Non-Hispanic Black,Never,23.8,100,108,98,102
122592,Both interviewed and MEC examined,26,Female,Non-Hispanic Black,Current,29.4,NA,NA,NA,NA
122594,Both interviewed and MEC examined,59,Male,Non-Hispanic Black,Current,21.9,139,145,151,145
122595,Both interviewed and MEC examined,65,Male,Mexican American,Former,26.8,107,105,105,105.66666666666667
122596,Both interviewed and MEC examined,25,Male,Non-Hispanic White,Former,37.2,106,99,101,102
122597,Both interviewed and MEC examined,56,Male,Non-Hispanic White,Current,28.2,117,120,117,118
122598,Both interviewed and MEC examined,25,Female,Non-Hispanic Black,Never,24.8,100,97,102,99.66666666666667
122599,Both interviewed and MEC examined,55,Female,Non-Hispanic Black,Never,48.9,138,140,138,138.66666666666666
122600,Both interviewed and MEC examined,57,Male,Non-Hispanic Black,Never,30.5,121,128,128,125.66666666666667
122602,Both interviewed and MEC examined,22,Female,Non-Hispanic White,Current,31.3,93,90,94,92.33333333333333
122609,Both interviewed and MEC examined,44,Female,Non-Hispanic Asian,Never,20.7,85,89,88,87.33333333333333
122611,Both interviewed and MEC examined,44,Male,Other Hispanic,Former,40.6,111,113,113,112.33333333333333
122612,Both interviewed and MEC examined,67,Female,Non-Hispanic White,Never,23.3,115,124,117,118.66666666666667
122616,Both interviewed and MEC examined,48,Male,Non-Hispanic Asian,Never,25.5,145,145,143,144.33333333333334
122617,Both interviewed and MEC examined,25,Female,Non-Hispanic White,Current,34.4,92,94,95,93.66666666666667
122619,Both interviewed and MEC examined,31,Female,Non-Hispanic White,Never,47,116,100,100,105.33333333333333
122621,Both interviewed and MEC examined,72,Male,Non-Hispanic White,Never,32.2,185,188,181,184.66666666666666
122622,Both interviewed and MEC examined,28,Male,Non-Hispanic Black,Never,24.3,127,128,129,128
122624,Both interviewed and MEC examined,76,Male,Non-Hispanic White,Former,28,101,107,104,104
122625,Both interviewed and MEC examined,62,Male,Non-Hispanic Black,Current,34.5,144,155,153,150.66666666666666
122627,Both interviewed and MEC examined,31,Female,Non-Hispanic Black,Current,30.9,118,113,109,113.33333333333333
122629,Both interviewed and MEC examined,73,Male,Non-Hispanic White,Never,28.2,129,129,154,137.33333333333334
122630,Both interviewed and MEC examined,30,Male,Non-Hispanic White,Current,30,129,135,130,131.33333333333334
122631,Both interviewed and MEC examined,45,Female,Non-Hispanic White,Former,26,113,117,117,115.66666666666667
122634,Both interviewed and MEC examined,30,Female,Other Race - Including Multi-Racial,Never,21.8,103,106,100,103
122636,Both interviewed and MEC examined,61,Female,Non-Hispanic White,Former,29.3,130,131,132,131
122637,Both interviewed and MEC examined,24,Male,Other Hispanic,Current,25.8,132,130,124,128.66666666666666
122638,Both interviewed and MEC examined,45,Female,Non-Hispanic White,Former,26.1,98,107,99,101.33333333333333
122639,Both interviewed and MEC examined,48,Male,Non-Hispanic Asian,Current,25.5,109,110,109,109.33333333333333
122643,Both interviewed and MEC examined,28,Male,Non-Hispanic White,Current,38.8,129,129,124,127.33333333333333
122644,Both interviewed and MEC examined,44,Male,Other Hispanic,Never,27.7,109,116,114,113
122647,Both interviewed and MEC examined,60,Female,Non-Hispanic Black,Never,31.3,122,129,137,129.33333333333334
122651,Both interviewed and MEC examined,56,Female,Mexican American,Never,32.3,134,132,129,131.66666666666666
122652,Both interviewed and MEC examined,73,Female,Other Hispanic,Never,24.1,118,104,119,113.66666666666667
122653,Both interviewed and MEC examined,35,Female,Non-Hispanic White,Never,27,109,110,97,105.33333333333333
122654,Both interviewed and MEC examined,55,Male,Non-Hispanic Black,Current,31.5,130,133,136,133
122655,Both interviewed and MEC examined,56,Female,Other Race - Including Multi-Racial,Former,52.2,NA,NA,NA,NA
122657,Both interviewed and MEC examined,72,Male,Mexican American,Former,29.3,113,106,106,108.33333333333333
122659,Both interviewed and MEC examined,32,Male,Non-Hispanic Asian,Never,27.7,110,116,113,113
122660,Both interviewed and MEC examined,65,Female,Non-Hispanic Black,Never,25.9,119,123,116,119.33333333333333
122662,Both interviewed and MEC examined,35,Male,Non-Hispanic White,Current,25,121,121,120,120.66666666666667
122663,Both interviewed and MEC examined,24,Female,Other Hispanic,Never,23.4,111,111,109,110.33333333333333
122664,Both interviewed and MEC examined,52,Male,Non-Hispanic Asian,Former,26.3,155,149,151,151.66666666666666
122665,Both interviewed and MEC examined,61,Female,Non-Hispanic Black,Current,34.6,139,134,140,137.66666666666666
122670,Both interviewed and MEC examined,56,Male,Non-Hispanic White,Former,27.4,143,155,150,149.33333333333334
122672,Both interviewed and MEC examined,47,Male,Non-Hispanic White,Never,31.1,125,121,122,122.66666666666667
122673,Both interviewed and MEC examined,52,Female,Non-Hispanic White,Never,26.1,126,122,139,129
122675,Both interviewed and MEC examined,76,Male,Non-Hispanic White,Never,28.4,127,128,123,126
122676,Both interviewed and MEC examined,43,Male,Non-Hispanic Black,Never,39.8,114,121,121,118.66666666666667
122678,Both interviewed and MEC examined,61,Female,Non-Hispanic Black,Current,31,165,150,154,156.33333333333334
122683,Both interviewed and MEC examined,54,Male,Non-Hispanic Black,Former,25.4,160,167,153,160
122684,Both interviewed and MEC examined,26,Female,Other Hispanic,Former,35.2,121,121,135,125.66666666666667
122685,Both interviewed and MEC examined,61,Female,Non-Hispanic Black,Never,35,140,130,134,134.66666666666666
122686,Both interviewed and MEC examined,57,Female,Non-Hispanic Black,Never,53.1,NA,NA,NA,NA
122689,Both interviewed and MEC examined,38,Male,Mexican American,Former,26.9,116,112,115,114.33333333333333
122691,Both interviewed and MEC examined,42,Male,Other Race - Including Multi-Racial,Former,41.7,113,114,100,109
122692,Both interviewed and MEC examined,44,Female,Non-Hispanic Asian,Never,20.2,104,103,106,104.33333333333333
122694,Both interviewed and MEC examined,77,Male,Non-Hispanic Black,Former,31,122,121,120,121
122698,Both interviewed and MEC examined,33,Male,Non-Hispanic White,Current,23.7,116,120,124,120
122699,Both interviewed and MEC examined,29,Male,Other Hispanic,Never,28.5,117,118,124,119.66666666666667
122700,Both interviewed and MEC examined,35,Male,Non-Hispanic White,Never,27.4,106,108,104,106
122701,Both interviewed and MEC examined,27,Female,Non-Hispanic Black,Former,32.1,94,95,94,94.33333333333333
122703,Both interviewed and MEC examined,53,Female,Non-Hispanic White,Never,25.2,113,113,108,111.33333333333333
122707,Both interviewed and MEC examined,32,Male,Other Race - Including Multi-Racial,Current,28.7,121,119,124,121.33333333333333
122709,Both interviewed and MEC examined,54,Female,Non-Hispanic White,Never,26.1,112,114,104,110
122713,Both interviewed and MEC examined,54,Female,Other Hispanic,Former,36.3,111,116,119,115.33333333333333
122715,Both interviewed and MEC examined,41,Male,Non-Hispanic Asian,Never,26.2,110,99,106,105
122717,Both interviewed and MEC examined,57,Female,Other Race - Including Multi-Racial,Current,22.1,117,112,119,116
122718,Both interviewed and MEC examined,24,Male,Non-Hispanic Black,Never,29,146,150,154,150
122719,Both interviewed and MEC examined,78,Male,Mexican American,Former,26.1,115,122,113,116.66666666666667
122720,Both interviewed and MEC examined,54,Female,Mexican American,Never,35.3,119,123,124,122
122721,Both interviewed and MEC examined,64,Female,Non-Hispanic White,Former,24,104,101,99,101.33333333333333
122722,Both interviewed and MEC examined,22,Female,Non-Hispanic White,Never,38,108,101,105,104.66666666666667
122724,Both interviewed and MEC examined,49,Female,Non-Hispanic Black,Never,30.9,104,111,119,111.33333333333333
122725,Both interviewed and MEC examined,23,Female,Non-Hispanic Black,Never,36.7,109,111,108,109.33333333333333
122729,Both interviewed and MEC examined,32,Male,Non-Hispanic Black,Never,22,132,128,123,127.66666666666667
122730,Both interviewed and MEC examined,66,Male,Non-Hispanic White,Never,24.2,137,136,144,139
122731,Both interviewed and MEC examined,59,Male,Other Hispanic,Current,31.2,NA,NA,NA,NA
122732,Both interviewed and MEC examined,57,Male,Non-Hispanic Black,Current,26.1,186,178,168,177.33333333333334
122734,Both interviewed and MEC examined,69,Male,Non-Hispanic White,Former,35.3,155,157,153,155
122736,Both interviewed and MEC examined,54,Male,Non-Hispanic Black,Current,31.1,NA,NA,NA,NA
122737,Both interviewed and MEC examined,25,Female,Non-Hispanic White,Current,21.3,107,110,112,109.66666666666667
122740,Both interviewed and MEC examined,24,Female,Non-Hispanic White,Former,28.8,121,111,128,120
122741,Both interviewed and MEC examined,70,Female,Non-Hispanic Black,Never,26,149,146,151,148.66666666666666
122742,Both interviewed and MEC examined,57,Male,Mexican American,Never,38.8,NA,NA,NA,NA
122743,Both interviewed and MEC examined,75,Male,Non-Hispanic Black,Former,28.8,190,172,173,178.33333333333334
122744,Both interviewed and MEC examined,33,Male,Non-Hispanic Asian,Never,25.9,113,112,116,113.66666666666667
122745,Both interviewed and MEC examined,26,Female,Non-Hispanic Black,Never,34.3,108,108,109,108.33333333333333
122746,Both interviewed and MEC examined,34,Male,Non-Hispanic Asian,Never,28.1,122,121,123,122
122747,Both interviewed and MEC examined,64,Male,Non-Hispanic Black,Former,29.7,148,152,140,146.66666666666666
122749,Both interviewed and MEC examined,76,Male,Non-Hispanic Black,Current,28.3,101,90,80,90.33333333333333
122752,Both interviewed and MEC examined,54,Male,Other Race - Including Multi-Racial,Former,42,123,123,119,121.66666666666667
122753,Both interviewed and MEC examined,72,Male,Non-Hispanic White,Former,36.5,127,129,139,131.66666666666666
122759,Both interviewed and MEC examined,47,Male,Non-Hispanic Asian,Current,24,123,122,121,122
122760,Both interviewed and MEC examined,48,Male,Non-Hispanic Black,Current,31.3,144,142,152,146
122763,Both interviewed and MEC examined,65,Male,Non-Hispanic White,Former,37.9,159,158,154,157
122764,Both interviewed and MEC examined,25,Male,Non-Hispanic Black,Never,33.1,109,117,114,113.33333333333333
122766,Both interviewed and MEC examined,64,Female,Non-Hispanic White,Current,25.8,126,119,109,118
122769,Both interviewed and MEC examined,61,Female,Non-Hispanic Black,Never,31.5,135,128,132,131.66666666666666
122771,Both interviewed and MEC examined,25,Male,Non-Hispanic Asian,Never,23.2,125,122,119,122
122774,Both interviewed and MEC examined,66,Female,Non-Hispanic White,Current,21.7,110,117,111,112.66666666666667
122776,Both interviewed and MEC examined,63,Male,Mexican American,Former,28.7,NA,NA,NA,NA
122777,Both interviewed and MEC examined,31,Female,Other Hispanic,Current,40.5,116,117,112,115
122779,Both interviewed and MEC examined,47,Female,Non-Hispanic Asian,Never,24.9,102,93,98,97.66666666666667
122781,Both interviewed and MEC examined,71,Female,Other Hispanic,Never,39.6,NA,NA,NA,NA
122783,Both interviewed and MEC examined,71,Female,Non-Hispanic White,Former,22,139,139,131,136.33333333333334
122784,Both interviewed and MEC examined,47,Female,Non-Hispanic Asian,Never,23.5,NA,NA,NA,NA
122785,Both interviewed and MEC examined,52,Male,Mexican American,Former,32.4,NA,NA,NA,NA
122786,Both interviewed and MEC examined,47,Female,Non-Hispanic White,Never,28.4,91,100,97,96
122787,Both interviewed and MEC examined,42,Male,Non-Hispanic White,Former,29.3,107,99,112,106
122789,Both interviewed and MEC examined,74,Male,Mexican American,Former,30.1,129,136,114,126.33333333333333
122790,Both interviewed and MEC examined,28,Female,Non-Hispanic White,Never,27.1,108,103,103,104.66666666666667
122791,Both interviewed and MEC examined,52,Female,Other Race - Including Multi-Racial,Never,32.2,132,129,133,131.33333333333334
122792,Both interviewed and MEC examined,45,Female,Non-Hispanic Black,Never,41.6,108,118,118,114.66666666666667
122795,Both interviewed and MEC examined,58,Female,Other Hispanic,Never,28.2,121,123,119,121
122796,Both interviewed and MEC examined,64,Male,Non-Hispanic Black,Former,25.1,NA,NA,NA,NA
122800,Both interviewed and MEC examined,34,Female,Other Hispanic,Never,28.4,NA,NA,NA,NA
122802,Both interviewed and MEC examined,66,Male,Mexican American,Former,36.4,147,142,145,144.66666666666666
122803,Both interviewed and MEC examined,60,Male,Non-Hispanic Black,Current,23.9,126,124,118,122.66666666666667
122806,Both interviewed and MEC examined,45,Female,Other Race - Including Multi-Racial,Former,30.7,101,106,101,102.66666666666667
122807,Both interviewed and MEC examined,49,Male,Non-Hispanic Black,Current,22.8,119,118,115,117.33333333333333
122813,Both interviewed and MEC examined,73,Male,Other Race - Including Multi-Racial,Former,29.5,130,129,133,130.66666666666666
122814,Both interviewed and MEC examined,60,Female,Non-Hispanic Black,Never,30.2,126,130,126,127.33333333333333
122816,Both interviewed and MEC examined,37,Female,Non-Hispanic Black,Never,35.9,NA,NA,NA,NA
122820,Both interviewed and MEC examined,67,Male,Non-Hispanic Black,Former,27.6,110,106,113,109.66666666666667
122821,Both interviewed and MEC examined,55,Female,Non-Hispanic White,Never,24.2,112,106,117,111.66666666666667
122824,Both interviewed and MEC examined,36,Male,Non-Hispanic Black,Never,22,112,111,109,110.66666666666667
122826,Both interviewed and MEC examined,21,Female,Mexican American,Never,36.8,110,109,110,109.66666666666667
122828,Both interviewed and MEC examined,33,Female,Non-Hispanic Black,Current,31,147,137,130,138
122829,Both interviewed and MEC examined,34,Male,Non-Hispanic White,Current,43.5,132,136,136,134.66666666666666
122830,Both interviewed and MEC examined,64,Female,Other Hispanic,Current,33.9,137,132,127,132
122832,Both interviewed and MEC examined,65,Male,Non-Hispanic Black,Never,59.6,89,102,96,95.66666666666667
122833,Both interviewed and MEC examined,44,Female,Mexican American,Former,23.9,113,106,110,109.66666666666667
122838,Both interviewed and MEC examined,66,Female,Other Hispanic,Never,31,129,133,122,128
122839,Both interviewed and MEC examined,30,Female,Other Race - Including Multi-Racial,Never,23,101,110,100,103.66666666666667
122840,Both interviewed and MEC examined,39,Female,Non-Hispanic Black,Never,31.3,138,141,134,137.66666666666666
122842,Both interviewed and MEC examined,57,Female,Mexican American,Current,21.4,120,125,128,124.33333333333333
122843,Both interviewed and MEC examined,69,Female,Non-Hispanic White,Never,22.3,165,164,170,166.33333333333334
122845,Both interviewed and MEC examined,43,Male,Non-Hispanic White,Current,36.6,134,128,131,131
122846,Both interviewed and MEC examined,24,Female,Non-Hispanic White,Current,22.5,115,114,109,112.66666666666667
122848,Both interviewed and MEC examined,73,Male,Non-Hispanic Asian,Former,31.2,128,123,116,122.33333333333333
122849,Both interviewed and MEC examined,68,Female,Non-Hispanic White,Never,22.2,157,140,139,145.33333333333334
122851,Both interviewed and MEC examined,31,Female,Non-Hispanic Black,Never,53.2,100,69,92,87
122852,Both interviewed and MEC examined,36,Female,Other Race - Including Multi-Racial,Never,23,102,103,111,105.33333333333333
122855,Both interviewed and MEC examined,32,Male,Non-Hispanic White,Current,30.6,120,121,120,120.33333333333333
122859,Both interviewed and MEC examined,26,Female,Non-Hispanic Asian,Never,16.9,107,107,105,106.33333333333333
122864,Both interviewed and MEC examined,58,Male,Other Race - Including Multi-Racial,Never,29.1,117,119,122,119.33333333333333
122867,Both interviewed and MEC examined,22,Female,Mexican American,Never,20.8,97,98,106,100.33333333333333
122870,Both interviewed and MEC examined,32,Female,Mexican American,Never,32.2,104,105,105,104.66666666666667
122871,Both interviewed and MEC examined,52,Female,Non-Hispanic White,Current,29.3,NA,NA,NA,NA
122874,Both interviewed and MEC examined,35,Female,Non-Hispanic White,Never,21.6,108,116,109,111
122876,Both interviewed and MEC examined,61,Female,Non-Hispanic Black,Never,38.6,130,136,135,133.66666666666666
122878,Both interviewed and MEC examined,65,Male,Non-Hispanic Black,Former,20.2,159,155,157,157
122881,Both interviewed and MEC examined,56,Female,Non-Hispanic Asian,Never,30.3,119,132,128,126.33333333333333
122883,Both interviewed and MEC examined,44,Female,Mexican American,Never,32.5,103,101,102,102
122885,Both interviewed and MEC examined,22,Male,Non-Hispanic White,Never,24.5,116,108,114,112.66666666666667
122886,Both interviewed and MEC examined,31,Male,Non-Hispanic Black,Current,31.2,128,131,126,128.33333333333334
122888,Both interviewed and MEC examined,53,Male,Other Race - Including Multi-Racial,Current,36.5,112,110,111,111
122889,Both interviewed and MEC examined,53,Female,Non-Hispanic Asian,Never,31.5,129,123,117,123
122893,Both interviewed and MEC examined,45,Female,Non-Hispanic Black,Former,59.4,112,112,106,110
122894,Both interviewed and MEC examined,39,Male,Non-Hispanic Black,Current,18.9,116,114,111,113.66666666666667
122896,Both interviewed and MEC examined,74,Male,Other Hispanic,Never,28.3,123,119,120,120.66666666666667
122898,Both interviewed and MEC examined,75,Male,Non-Hispanic White,Former,NA,127,131,143,133.66666666666666
122900,Both interviewed and MEC examined,29,Female,Non-Hispanic Black,Never,16.6,NA,NA,NA,NA
122901,Both interviewed and MEC examined,47,Male,Non-Hispanic White,Never,34.2,133,124,124,127
122902,Both interviewed and MEC examined,57,Male,Non-Hispanic Black,Current,26.6,128,116,122,122
122905,Both interviewed and MEC examined,41,Male,Non-Hispanic White,Current,38.1,152,145,149,148.66666666666666
122906,Both interviewed and MEC examined,26,Female,Non-Hispanic White,Never,33.4,101,103,102,102
122909,Both interviewed and MEC examined,64,Female,Non-Hispanic Black,Never,26.2,148,148,156,150.66666666666666
122911,Both interviewed and MEC examined,27,Female,Mexican American,Former,28.3,108,102,102,104
122912,Both interviewed and MEC examined,41,Male,Non-Hispanic White,Former,32.3,127,129,123,126.33333333333333
122913,Both interviewed and MEC examined,27,Male,Non-Hispanic White,Never,41.3,106,109,106,107
122914,Both interviewed and MEC examined,36,Male,Non-Hispanic Black,Current,21.3,142,143,133,139.33333333333334
122915,Both interviewed and MEC examined,60,Female,Non-Hispanic Black,Never,36.2,136,144,141,140.33333333333334
122919,Both interviewed and MEC examined,24,Male,Mexican American,Former,30,121,122,120,121
122921,Both interviewed and MEC examined,76,Female,Non-Hispanic White,Never,32.1,148,137,127,137.33333333333334
122922,Both interviewed and MEC examined,73,Female,Non-Hispanic White,Never,27,116,121,120,119
122923,Both interviewed and MEC examined,61,Male,Non-Hispanic Black,Former,31.1,135,134,137,135.33333333333334
122924,Both interviewed and MEC examined,49,Male,Non-Hispanic White,Former,NA,203,199,206,202.66666666666666
122925,Both interviewed and MEC examined,57,Female,Other Hispanic,Never,33,126,131,127,128
122928,Both interviewed and MEC examined,50,Female,Mexican American,Never,28.6,106,115,118,113
122929,Both interviewed and MEC examined,26,Female,Non-Hispanic White,Current,28.6,105,104,103,104
122930,Both interviewed and MEC examined,77,Male,Non-Hispanic Black,Former,26.5,150,153,160,154.33333333333334
122931,Both interviewed and MEC examined,68,Female,Non-Hispanic White,Former,41.5,166,155,151,157.33333333333334
122932,Both interviewed and MEC examined,41,Male,Non-Hispanic White,Never,44.6,126,131,127,128
122933,Both interviewed and MEC examined,76,Female,Non-Hispanic Black,Never,31.8,139,140,146,141.66666666666666
122934,Both interviewed and MEC examined,32,Male,Non-Hispanic White,Never,35.7,105,106,103,104.66666666666667
122937,Both interviewed and MEC examined,41,Male,Other Hispanic,Never,42.8,125,129,122,125.33333333333333
122938,Both interviewed and MEC examined,66,Female,Non-Hispanic White,Current,26.5,138,146,146,143.33333333333334
122939,Both interviewed and MEC examined,26,Female,Non-Hispanic Asian,Never,20.4,100,96,101,99
122940,Both interviewed and MEC examined,42,Male,Non-Hispanic Asian,Never,21.1,117,114,113,114.66666666666667
122943,Both interviewed and MEC examined,78,Female,Other Hispanic,Former,24.7,131,118,115,121.33333333333333
122945,Both interviewed and MEC examined,63,Female,Non-Hispanic White,Never,27.3,113,114,109,112
122946,Both interviewed and MEC examined,36,Female,Non-Hispanic White,Former,26.9,99,99,98,98.66666666666667
122949,Both interviewed and MEC examined,43,Female,Non-Hispanic White,Never,22.2,NA,NA,NA,NA
122950,Both interviewed and MEC examined,50,Female,Other Hispanic,Never,45.5,103,104,100,102.33333333333333
122951,Both interviewed and MEC examined,25,Male,Non-Hispanic White,Former,19.6,102,101,102,101.66666666666667
122952,Both interviewed and MEC examined,34,Female,Non-Hispanic Black,Never,39.9,119,116,113,116
122953,Both interviewed and MEC examined,66,Male,Non-Hispanic White,Never,30.2,122,128,127,125.66666666666667
122954,Both interviewed and MEC examined,60,Male,Non-Hispanic Black,Current,26.6,NA,NA,NA,NA
122955,Both interviewed and MEC examined,31,Female,Non-Hispanic Black,Never,37.8,131,132,130,131
122956,Both interviewed and MEC examined,51,Female,Non-Hispanic White,Never,28.9,134,131,127,130.66666666666666
122959,Both interviewed and MEC examined,62,Male,Non-Hispanic Asian,Never,26,126,123,126,125
122960,Both interviewed and MEC examined,62,Female,Non-Hispanic Asian,Never,38.9,132,106,110,116
122962,Both interviewed and MEC examined,63,Female,Mexican American,Former,39.5,121,128,126,125
122963,Both interviewed and MEC examined,56,Female,Non-Hispanic Asian,Never,17.7,104,116,118,112.66666666666667
122970,Both interviewed and MEC examined,43,Male,Non-Hispanic White,Never,34.3,120,110,116,115.33333333333333
122972,Both interviewed and MEC examined,47,Female,Non-Hispanic White,Never,40,108,101,97,102
122973,Both interviewed and MEC examined,69,Male,Other Hispanic,Never,29.5,120,118,119,119
122974,Both interviewed and MEC examined,71,Male,Mexican American,Former,34,101,100,98,99.66666666666667
122975,Both interviewed and MEC examined,45,Female,Other Hispanic,Never,NA,NA,NA,NA,NA
122977,Both interviewed and MEC examined,53,Male,Non-Hispanic White,Never,38,122,136,130,129.33333333333334
122979,Both interviewed and MEC examined,63,Male,Other Race - Including Multi-Racial,Former,27.8,109,116,113,112.66666666666667
122982,Both interviewed and MEC examined,53,Male,Non-Hispanic Asian,Former,24.2,141,137,141,139.66666666666666
122984,Both interviewed and MEC examined,27,Female,Non-Hispanic Black,Never,19.7,NA,NA,NA,NA
122985,Both interviewed and MEC examined,26,Male,Mexican American,Former,25.6,113,109,113,111.66666666666667
122987,Both interviewed and MEC examined,46,Female,Non-Hispanic Asian,Former,23.6,160,149,150,153
122988,Both interviewed and MEC examined,54,Female,Non-Hispanic Asian,Current,30.8,125,132,135,130.66666666666666
122991,Both interviewed and MEC examined,79,Female,Non-Hispanic White,Never,23.7,177,179,173,176.33333333333334
122992,Both interviewed and MEC examined,45,Male,Non-Hispanic White,Never,39.6,170,166,170,168.66666666666666
122993,Both interviewed and MEC examined,54,Male,Non-Hispanic Black,Never,30.8,145,138,142,141.66666666666666
122995,Both interviewed and MEC examined,41,Male,Non-Hispanic Asian,Never,19.9,119,117,118,118
122996,Both interviewed and MEC examined,47,Female,Non-Hispanic Asian,Former,25.9,128,129,126,127.66666666666667
122998,Both interviewed and MEC examined,25,Male,Non-Hispanic Black,Never,37.4,111,111,112,111.33333333333333
123002,Both interviewed and MEC examined,62,Male,Other Hispanic,Former,37.4,106,104,104,104.66666666666667
123003,Both interviewed and MEC examined,45,Male,Mexican American,Never,44.8,127,129,134,130
123004,Both interviewed and MEC examined,42,Male,Non-Hispanic Black,Former,26.3,126,130,129,128.33333333333334
123005,Both interviewed and MEC examined,47,Female,Non-Hispanic Black,Never,42.8,159,154,161,158
123007,Both interviewed and MEC examined,35,Male,Non-Hispanic Asian,Current,25.5,109,109,111,109.66666666666667
123009,Both interviewed and MEC examined,43,Female,Non-Hispanic White,Former,36.5,115,125,111,117
123010,Both interviewed and MEC examined,66,Male,Non-Hispanic Black,Current,32.1,NA,NA,NA,NA
123015,Both interviewed and MEC examined,25,Female,Other Hispanic,Never,21.1,103,104,105,104
123021,Both interviewed and MEC examined,60,Female,Non-Hispanic White,Former,28.8,122,126,126,124.66666666666667
123023,Both interviewed and MEC examined,28,Male,Non-Hispanic Black,Current,19.1,116,120,122,119.33333333333333
123024,Both interviewed and MEC examined,71,Male,Non-Hispanic White,Former,34,129,126,127,127.33333333333333
123025,Both interviewed and MEC examined,72,Male,Non-Hispanic White,Current,19.6,139,145,135,139.66666666666666
123026,Both interviewed and MEC examined,65,Female,Mexican American,Never,28.4,143,138,128,136.33333333333334
123029,Both interviewed and MEC examined,43,Male,Non-Hispanic Black,Current,32.6,151,153,155,153
123031,Both interviewed and MEC examined,38,Male,Non-Hispanic White,Never,32.3,115,118,117,116.66666666666667
123032,Both interviewed and MEC examined,77,Male,Non-Hispanic Asian,Never,25.9,130,128,136,131.33333333333334
123033,Both interviewed and MEC examined,60,Female,Non-Hispanic Asian,Never,24.5,136,139,139,138
123035,Both interviewed and MEC examined,22,Female,Non-Hispanic White,Never,24.2,103,101,98,100.66666666666667
123037,Both interviewed and MEC examined,67,Male,Non-Hispanic White,Former,24.3,132,113,130,125
123038,Both interviewed and MEC examined,75,Male,Non-Hispanic Black,Former,34.1,119,122,123,121.33333333333333
123040,Both interviewed and MEC examined,64,Male,Mexican American,Never,29.4,148,149,142,146.33333333333334
123041,Both interviewed and MEC examined,66,Female,Non-Hispanic Black,Never,47.2,146,153,155,151.33333333333334
123042,Both interviewed and MEC examined,50,Female,Non-Hispanic Black,Never,33.5,125,118,123,122
123043,Both interviewed and MEC examined,54,Female,Other Hispanic,Never,38.5,141,149,139,143
123047,Both interviewed and MEC examined,39,Male,Non-Hispanic White,Former,25.7,135,129,140,134.66666666666666
123048,Both interviewed and MEC examined,52,Female,Non-Hispanic Black,Current,35.8,114,117,117,116
123049,Both interviewed and MEC examined,26,Male,Other Race - Including Multi-Racial,Never,30.1,127,125,124,125.33333333333333
123050,Both interviewed and MEC examined,73,Female,Other Hispanic,Never,25.3,114,115,112,113.66666666666667
123053,Both interviewed and MEC examined,46,Female,Other Race - Including Multi-Racial,Current,21.4,107,117,123,115.66666666666667
123059,Both interviewed and MEC examined,68,Female,Non-Hispanic Black,Former,40.2,132,124,124,126.66666666666667
123063,Both interviewed and MEC examined,68,Male,Non-Hispanic White,Current,27.9,100,103,96,99.66666666666667
123064,Both interviewed and MEC examined,44,Female,Non-Hispanic Black,Never,40.7,115,117,124,118.66666666666667
123068,Both interviewed and MEC examined,35,Female,Non-Hispanic White,Never,27.9,NA,NA,NA,NA
123070,Both interviewed and MEC examined,53,Male,Non-Hispanic White,Never,31,115,121,126,120.66666666666667
123073,Both interviewed and MEC examined,52,Male,Other Hispanic,Never,35.1,NA,NA,NA,NA
123075,Both interviewed and MEC examined,24,Male,Mexican American,Never,30.3,121,109,124,118
123077,Both interviewed and MEC examined,50,Male,Non-Hispanic Asian,Never,27.5,111,106,110,109
123078,Both interviewed and MEC examined,66,Male,Non-Hispanic White,Never,23.3,152,152,147,150.33333333333334
123079,Both interviewed and MEC examined,40,Female,Non-Hispanic White,Current,26.5,110,105,115,110
123082,Both interviewed and MEC examined,54,Female,Non-Hispanic White,Current,41.8,119,125,116,120
123083,Both interviewed and MEC examined,68,Female,Non-Hispanic White,Never,24.3,124,114,126,121.33333333333333
123084,Both interviewed and MEC examined,50,Male,Non-Hispanic Black,Current,27.8,139,142,139,140
123085,Both interviewed and MEC examined,60,Male,Non-Hispanic White,Former,41.4,NA,NA,NA,NA
123087,Both interviewed and MEC examined,21,Male,Mexican American,Never,21.1,112,112,117,113.66666666666667
123088,Both interviewed and MEC examined,77,Female,Non-Hispanic White,Former,24,113,125,119,119
123089,Both interviewed and MEC examined,56,Female,Non-Hispanic Asian,Never,20.8,110,110,104,108
123090,Both interviewed and MEC examined,58,Female,Non-Hispanic Black,Former,37.8,130,135,133,132.66666666666666
123091,Both interviewed and MEC examined,59,Female,Non-Hispanic Asian,Never,28.5,134,132,134,133.33333333333334
123094,Both interviewed and MEC examined,29,Female,Non-Hispanic White,Never,26.3,113,116,111,113.33333333333333
123096,Both interviewed and MEC examined,39,Female,Non-Hispanic Black,Never,37.1,NA,NA,NA,NA
123097,Both interviewed and MEC examined,48,Male,Non-Hispanic Asian,Current,38.8,127,125,134,128.66666666666666
123099,Both interviewed and MEC examined,34,Female,Other Hispanic,Former,21.8,97,98,99,98
123103,Both interviewed and MEC examined,23,Male,Non-Hispanic White,Never,17.7,137,141,144,140.66666666666666
123104,Both interviewed and MEC examined,62,Male,Non-Hispanic Black,Never,30.6,113,112,112,112.33333333333333
123105,Both interviewed and MEC examined,31,Male,Non-Hispanic White,Never,32.4,NA,NA,NA,NA
123108,Both interviewed and MEC examined,35,Female,Mexican American,Never,31.3,123,125,117,121.66666666666667
123109,Both interviewed and MEC examined,24,Female,Other Hispanic,Never,47.7,105,107,102,104.66666666666667
123111,Both interviewed and MEC examined,78,Male,Non-Hispanic Black,Current,16.7,173,167,179,173
123112,Both interviewed and MEC examined,56,Female,Non-Hispanic White,Former,80.6,104,117,115,112
123113,Both interviewed and MEC examined,36,Male,Non-Hispanic White,Former,34.4,122,125,124,123.66666666666667
123115,Both interviewed and MEC examined,46,Female,Mexican American,Never,27,106,96,110,104
123116,Both interviewed and MEC examined,79,Male,Other Hispanic,Former,27.3,128,116,126,123.33333333333333
123118,Both interviewed and MEC examined,27,Female,Non-Hispanic Black,Never,26.5,104,106,107,105.66666666666667
123119,Both interviewed and MEC examined,44,Male,Non-Hispanic Asian,Never,28.8,NA,NA,NA,NA
123120,Both interviewed and MEC examined,43,Female,Non-Hispanic Black,Never,33.5,109,112,115,112
123121,Both interviewed and MEC examined,39,Male,Non-Hispanic White,Never,37.7,125,132,131,129.33333333333334
123123,Both interviewed and MEC examined,58,Male,Non-Hispanic White,Current,40.9,147,136,146,143
123125,Both interviewed and MEC examined,44,Male,Non-Hispanic White,Former,25.4,117,114,114,115
123126,Both interviewed and MEC examined,68,Male,Non-Hispanic White,Former,28.4,147,147,162,152
123128,Both interviewed and MEC examined,58,Male,Non-Hispanic Black,Current,25.1,187,188,179,184.66666666666666
123129,Both interviewed and MEC examined,67,Female,Non-Hispanic Black,Current,20.3,132,149,161,147.33333333333334
123130,Both interviewed and MEC examined,72,Male,Non-Hispanic White,Never,23.2,127,124,117,122.66666666666667
123135,Both interviewed and MEC examined,69,Female,Non-Hispanic White,Never,28.1,165,149,165,159.66666666666666
123138,Both interviewed and MEC examined,61,Female,Non-Hispanic Asian,Never,20.9,NA,NA,NA,NA
123139,Both interviewed and MEC examined,55,Female,Non-Hispanic Asian,Never,22.6,132,140,140,137.33333333333334
123141,Both interviewed and MEC examined,55,Female,Non-Hispanic Black,Never,50.1,130,127,123,126.66666666666667
123142,Both interviewed and MEC examined,67,Female,Non-Hispanic Black,Never,33,135,138,139,137.33333333333334
123146,Both interviewed and MEC examined,63,Female,Other Hispanic,Current,25.4,129,124,125,126
123149,Both interviewed and MEC examined,50,Male,Non-Hispanic White,Never,27.1,116,115,116,115.66666666666667
123151,Both interviewed and MEC examined,38,Female,Non-Hispanic White,Never,27.1,102,100,98,100
123153,Both interviewed and MEC examined,42,Male,Mexican American,Current,25.5,NA,NA,NA,NA
123159,Both interviewed and MEC examined,31,Male,Other Race - Including Multi-Racial,Current,20.8,111,108,111,110
123160,Both interviewed and MEC examined,50,Male,Non-Hispanic Black,Never,40.9,NA,NA,NA,NA
123162,Both interviewed and MEC examined,69,Male,Non-Hispanic White,Never,30,142,132,129,134.33333333333334
123163,Both interviewed and MEC examined,67,Female,Mexican American,Never,37.4,129,133,139,133.66666666666666
123164,Both interviewed and MEC examined,56,Male,Non-Hispanic Asian,Never,23,135,133,134,134
123165,Both interviewed and MEC examined,34,Female,Non-Hispanic White,Never,24.7,111,115,118,114.66666666666667
123167,Both interviewed and MEC examined,25,Male,Non-Hispanic Black,Never,25.1,119,113,123,118.33333333333333
123169,Both interviewed and MEC examined,36,Male,Non-Hispanic Black,Never,25,103,105,105,104.33333333333333
123172,Both interviewed and MEC examined,55,Male,Non-Hispanic White,Former,35.9,142,150,149,147
123173,Both interviewed and MEC examined,60,Male,Non-Hispanic Black,Current,28.2,134,136,137,135.66666666666666
123175,Both interviewed and MEC examined,46,Male,Non-Hispanic White,Former,29.4,119,116,120,118.33333333333333
123179,Both interviewed and MEC examined,45,Male,Non-Hispanic Black,Never,39.4,144,149,145,146
123183,Both interviewed and MEC examined,54,Male,Non-Hispanic Asian,Former,32.6,108,105,113,108.66666666666667
123185,Both interviewed and MEC examined,53,Male,Other Race - Including Multi-Racial,Former,30.8,121,121,115,119
123186,Both interviewed and MEC examined,28,Female,Other Hispanic,Never,32.2,98,95,96,96.33333333333333
123190,Both interviewed and MEC examined,60,Female,Non-Hispanic Black,Never,34.6,130,126,124,126.66666666666667
123193,Both interviewed and MEC examined,63,Female,Other Hispanic,Never,22.3,141,130,130,133.66666666666666
123196,Both interviewed and MEC examined,65,Female,Non-Hispanic White,Never,38.9,130,136,150,138.66666666666666
123197,Both interviewed and MEC examined,68,Male,Non-Hispanic White,Former,25.5,118,117,124,119.66666666666667
123198,Both interviewed and MEC examined,48,Male,Non-Hispanic White,Never,27.1,124,129,130,127.66666666666667
123199,Both interviewed and MEC examined,54,Male,Non-Hispanic Black,Never,26.8,161,162,152,158.33333333333334
123202,Both interviewed and MEC examined,47,Female,Non-Hispanic Asian,Never,29,NA,NA,NA,NA
123203,Both interviewed and MEC examined,57,Female,Mexican American,Former,26.7,135,136,139,136.66666666666666
123204,Both interviewed and MEC examined,37,Male,Non-Hispanic White,Former,22.1,120,128,123,123.66666666666667
123210,Both interviewed and MEC examined,35,Male,Non-Hispanic Black,Never,29.7,118,116,121,118.33333333333333
123212,Both interviewed and MEC examined,71,Male,Non-Hispanic White,Never,30.7,144,121,147,137.33333333333334
123214,Both interviewed and MEC examined,39,Female,Non-Hispanic Asian,Never,21.1,121,135,120,125.33333333333333
123215,Both interviewed and MEC examined,57,Male,Non-Hispanic White,Never,28.4,120,122,124,122
123216,Both interviewed and MEC examined,47,Male,Non-Hispanic Asian,Never,30,140,120,129,129.66666666666666
123220,Both interviewed and MEC examined,31,Male,Mexican American,Former,26.5,137,140,135,137.33333333333334
123221,Both interviewed and MEC examined,78,Male,Non-Hispanic Black,Never,27,124,124,125,124.33333333333333
123222,Both interviewed and MEC examined,33,Female,Non-Hispanic Black,Never,35.6,100,101,107,102.66666666666667
123223,Both interviewed and MEC examined,52,Female,Non-Hispanic White,Current,43.3,147,138,149,144.66666666666666
123224,Both interviewed and MEC examined,40,Female,Non-Hispanic Asian,Never,24.8,108,115,112,111.66666666666667
123226,Both interviewed and MEC examined,33,Male,Other Hispanic,Current,19,96,98,95,96.33333333333333
123227,Both interviewed and MEC examined,26,Male,Non-Hispanic White,Never,31.7,116,113,116,115
123231,Both interviewed and MEC examined,67,Male,Non-Hispanic Black,Former,32.2,148,138,144,143.33333333333334
123233,Both interviewed and MEC examined,54,Female,Non-Hispanic Asian,Never,31.6,193,185,192,190
123234,Both interviewed and MEC examined,30,Male,Non-Hispanic White,Never,27.7,122,124,120,122
123235,Both interviewed and MEC examined,73,Female,Other Race - Including Multi-Racial,Former,27.5,154,159,149,154
123237,Both interviewed and MEC examined,40,Female,Non-Hispanic White,Former,22.7,111,113,115,113
123239,Both interviewed and MEC examined,27,Male,Non-Hispanic Black,Current,26.3,113,110,110,111
123240,Both interviewed and MEC examined,49,Female,Non-Hispanic Black,Current,36.7,98,96,93,95.66666666666667
123243,Both interviewed and MEC examined,44,Male,Other Race - Including Multi-Racial,Never,24.9,106,110,107,107.66666666666667
123244,Both interviewed and MEC examined,26,Male,Non-Hispanic Asian,Never,23.1,121,120,120,120.33333333333333
123245,Both interviewed and MEC examined,72,Female,Non-Hispanic White,Never,28.2,127,140,137,134.66666666666666
123247,Both interviewed and MEC examined,67,Female,Non-Hispanic White,Never,25.7,108,112,108,109.33333333333333
123248,Both interviewed and MEC examined,47,Male,Non-Hispanic White,Never,31.9,159,165,151,158.33333333333334
123249,Both interviewed and MEC examined,51,Female,Non-Hispanic White,Current,33.4,109,105,104,106
123251,Both interviewed and MEC examined,24,Male,Other Hispanic,Never,24,106,106,104,105.33333333333333
123252,Both interviewed and MEC examined,37,Female,Other Race - Including Multi-Racial,Current,35.1,112,107,107,108.66666666666667
123253,Both interviewed and MEC examined,37,Male,Non-Hispanic Asian,Current,32,123,124,126,124.33333333333333
123254,Both interviewed and MEC examined,53,Male,Mexican American,Never,29.2,117,118,120,118.33333333333333
123257,Both interviewed and MEC examined,38,Female,Non-Hispanic White,Never,30.1,122,123,121,122
123258,Both interviewed and MEC examined,77,Female,Non-Hispanic White,Current,29.2,126,128,124,126
123260,Both interviewed and MEC examined,39,Female,Mexican American,Current,36.2,90,92,96,92.66666666666667
123261,Both interviewed and MEC examined,50,Female,Non-Hispanic Black,Never,48.1,138,141,139,139.33333333333334
123263,Both interviewed and MEC examined,53,Male,Non-Hispanic Black,Former,24.2,146,142,149,145.66666666666666
123264,Both interviewed and MEC examined,56,Female,Other Hispanic,Never,28,153,149,148,150
123265,Both interviewed and MEC examined,22,Female,Non-Hispanic Black,Never,22.5,106,104,99,103
123266,Both interviewed and MEC examined,36,Male,Non-Hispanic Asian,Never,27.2,131,123,128,127.33333333333333
123267,Both interviewed and MEC examined,46,Male,Non-Hispanic Black,Former,42.2,145,145,143,144.33333333333334
123268,Both interviewed and MEC examined,63,Female,Other Hispanic,Former,29.6,105,108,106,106.33333333333333
123269,Both interviewed and MEC examined,22,Male,Other Hispanic,Never,30.9,117,120,116,117.66666666666667
123271,Both interviewed and MEC examined,63,Male,Mexican American,Never,32.7,131,133,133,132.33333333333334
123274,Both interviewed and MEC examined,32,Male,Other Race - Including Multi-Racial,Never,32.4,118,109,122,116.33333333333333
123275,Both interviewed and MEC examined,30,Male,Non-Hispanic Black,Never,33.5,146,145,146,145.66666666666666
123276,Both interviewed and MEC examined,66,Female,Non-Hispanic Black,Never,25,141,138,126,135
123277,Both interviewed and MEC examined,54,Male,Non-Hispanic White,Current,35.7,126,119,124,123
123278,Both interviewed and MEC examined,59,Male,Non-Hispanic Black,Never,30.7,147,147,146,146.66666666666666
123279,Both interviewed and MEC examined,62,Male,Non-Hispanic White,Former,30.7,NA,NA,NA,NA
123280,Both interviewed and MEC examined,71,Male,Non-Hispanic Black,Former,29.3,177,168,148,164.33333333333334
123282,Both interviewed and MEC examined,78,Female,Other Hispanic,Never,28.7,136,137,127,133.33333333333334
123284,Both interviewed and MEC examined,58,Female,Non-Hispanic White,Former,39.1,139,134,131,134.66666666666666
123287,Both interviewed and MEC examined,27,Male,Non-Hispanic White,Never,37.6,104,105,107,105.33333333333333
123290,Both interviewed and MEC examined,65,Female,Mexican American,Never,41.2,NA,NA,NA,NA
123291,Both interviewed and MEC examined,48,Female,Non-Hispanic White,Current,36.6,112,107,115,111.33333333333333
123294,Both interviewed and MEC examined,25,Male,Non-Hispanic White,Former,39.8,NA,NA,NA,NA
123295,Both interviewed and MEC examined,31,Female,Non-Hispanic White,Never,36.1,121,117,112,116.66666666666667
123296,Both interviewed and MEC examined,79,Male,Non-Hispanic Black,Never,37,120,120,123,121
123297,Both interviewed and MEC examined,58,Male,Non-Hispanic Black,Current,21.5,NA,NA,NA,NA
123298,Both interviewed and MEC examined,68,Male,Mexican American,Former,37.2,NA,NA,NA,NA
123299,Both interviewed and MEC examined,41,Female,Non-Hispanic Black,Former,29,109,113,110,110.66666666666667
123301,Both interviewed and MEC examined,23,Male,Non-Hispanic White,Never,43.3,111,111,112,111.33333333333333
123302,Both interviewed and MEC examined,69,Male,Non-Hispanic Asian,Former,25.6,112,107,103,107.33333333333333
123304,Both interviewed and MEC examined,33,Male,Non-Hispanic Black,Current,27.1,NA,NA,NA,NA
123306,Both interviewed and MEC examined,33,Male,Non-Hispanic White,Former,32.7,110,113,117,113.33333333333333
123310,Both interviewed and MEC examined,52,Female,Non-Hispanic Black,Former,50.4,122,122,130,124.66666666666667
123314,Both interviewed and MEC examined,59,Male,Non-Hispanic Black,Never,39,144,135,125,134.66666666666666
123315,Both interviewed and MEC examined,69,Female,Non-Hispanic Black,Former,32.9,110,107,103,106.66666666666667
123316,Both interviewed and MEC examined,38,Female,Non-Hispanic White,Former,53.7,NA,NA,NA,NA
123317,Both interviewed and MEC examined,69,Female,Non-Hispanic Black,Never,32.9,141,139,135,138.33333333333334
123318,Both interviewed and MEC examined,53,Female,Other Hispanic,Never,27.3,105,112,107,108
123319,Both interviewed and MEC examined,30,Male,Non-Hispanic White,Never,33.8,128,130,131,129.66666666666666
123321,Both interviewed and MEC examined,28,Female,Non-Hispanic Asian,Never,23.6,106,107,108,107
123322,Both interviewed and MEC examined,39,Female,Non-Hispanic Asian,Former,27.8,118,127,120,121.66666666666667
123323,Both interviewed and MEC examined,64,Male,Non-Hispanic White,Current,33.5,160,153,149,154
123324,Both interviewed and MEC examined,65,Male,Mexican American,Former,32.8,131,121,119,123.66666666666667
123325,Both interviewed and MEC examined,32,Male,Non-Hispanic White,Never,35.2,126,130,131,129
123326,Both interviewed and MEC examined,22,Male,Other Hispanic,Never,44.7,119,124,121,121.33333333333333
123329,Both interviewed and MEC examined,46,Female,Non-Hispanic Black,Never,34.2,NA,NA,NA,NA
123330,Both interviewed and MEC examined,38,Male,Non-Hispanic Black,Current,30.5,120,125,118,121
123332,Both interviewed and MEC examined,61,Female,Other Hispanic,Former,35.7,179,186,179,181.33333333333334
123335,Both interviewed and MEC examined,75,Female,Non-Hispanic Asian,Never,26.2,170,166,164,166.66666666666666
123336,Both interviewed and MEC examined,52,Female,Non-Hispanic Asian,Never,21.5,138,147,152,145.66666666666666
123338,Both interviewed and MEC examined,37,Female,Non-Hispanic White,Former,35.2,115,114,107,112
123342,Both interviewed and MEC examined,35,Female,Non-Hispanic White,Current,53.1,98,102,95,98.33333333333333
123343,Both interviewed and MEC examined,23,Male,Non-Hispanic White,Current,28.9,133,130,129,130.66666666666666
123346,Both interviewed and MEC examined,70,Male,Non-Hispanic White,Current,27.8,127,143,131,133.66666666666666
123347,Both interviewed and MEC examined,66,Male,Non-Hispanic White,Former,34.3,141,144,136,140.33333333333334
123349,Both interviewed and MEC examined,38,Female,Non-Hispanic Black,Former,24.2,111,107,115,111
123353,Both interviewed and MEC examined,44,Male,Non-Hispanic White,Never,24,124,119,123,122
123354,Both interviewed and MEC examined,34,Female,Non-Hispanic Black,Current,32.2,139,154,158,150.33333333333334
123355,Both interviewed and MEC examined,32,Male,Non-Hispanic White,Current,40.2,121,126,117,121.33333333333333
123359,Both interviewed and MEC examined,33,Male,Non-Hispanic White,Current,26.9,142,141,139,140.66666666666666
123360,Both interviewed and MEC examined,71,Female,Non-Hispanic White,Never,28.3,128,115,113,118.66666666666667
123361,Both interviewed and MEC examined,39,Male,Non-Hispanic White,Former,21.3,113,121,119,117.66666666666667
123362,Both interviewed and MEC examined,57,Male,Non-Hispanic White,Current,22.8,133,137,142,137.33333333333334
123363,Both interviewed and MEC examined,34,Female,Mexican American,Never,20.7,99,101,97,99
123364,Both interviewed and MEC examined,42,Female,Mexican American,Never,29.4,122,119,119,120
123369,Both interviewed and MEC examined,48,Female,Non-Hispanic Asian,Never,23.6,106,109,108,107.66666666666667
123372,Both interviewed and MEC examined,40,Male,Mexican American,Never,32.9,110,110,109,109.66666666666667
123373,Both interviewed and MEC examined,42,Female,Non-Hispanic White,Current,28.7,NA,NA,NA,NA
123374,Both interviewed and MEC examined,35,Male,Mexican American,Former,36.1,110,108,116,111.33333333333333
123375,Both interviewed and MEC examined,76,Female,Mexican American,Never,23.9,123,121,115,119.66666666666667
123378,Both interviewed and MEC examined,37,Male,Non-Hispanic Asian,Never,23.3,120,118,125,121
123380,Both interviewed and MEC examined,48,Female,Other Race - Including Multi-Racial,Former,32.3,101,102,105,102.66666666666667
123385,Both interviewed and MEC examined,21,Male,Non-Hispanic Black,Never,29.5,129,129,132,130
123386,Both interviewed and MEC examined,25,Female,Non-Hispanic Black,Never,34,100,101,98,99.66666666666667
123388,Both interviewed and MEC examined,63,Female,Non-Hispanic Black,Never,38.9,149,149,154,150.66666666666666
123389,Both interviewed and MEC examined,22,Female,Non-Hispanic Asian,Never,18.2,102,99,100,100.33333333333333
123391,Both interviewed and MEC examined,40,Female,Other Hispanic,Former,33.1,109,106,105,106.66666666666667
123396,Both interviewed and MEC examined,29,Male,Non-Hispanic Black,Current,35,NA,NA,NA,NA
123399,Both interviewed and MEC examined,69,Male,Non-Hispanic White,Former,31.2,113,117,116,115.33333333333333
123400,Both interviewed and MEC examined,71,Female,Non-Hispanic Black,Never,50.6,118,123,126,122.33333333333333
123401,Both interviewed and MEC examined,46,Male,Non-Hispanic Black,Current,24.6,124,123,125,124
123403,Both interviewed and MEC examined,47,Female,Non-Hispanic Black,Current,30,108,102,98,102.66666666666667
123405,Both interviewed and MEC examined,57,Male,Non-Hispanic Asian,Never,28,112,121,115,116
123408,Both interviewed and MEC examined,67,Female,Non-Hispanic White,Former,59.4,118,122,116,118.66666666666667
123409,Both interviewed and MEC examined,29,Male,Mexican American,Never,25.7,106,103,106,105
123411,Both interviewed and MEC examined,39,Female,Non-Hispanic Black,Never,45.4,133,135,133,133.66666666666666
123412,Both interviewed and MEC examined,52,Male,Non-Hispanic Black,Current,47,151,151,141,147.66666666666666
123413,Both interviewed and MEC examined,37,Female,Non-Hispanic Asian,Never,25.6,86,90,91,89
123416,Both interviewed and MEC examined,61,Male,Other Hispanic,Former,32.2,121,128,124,124.33333333333333
123423,Both interviewed and MEC examined,36,Female,Non-Hispanic Asian,Never,25,NA,NA,NA,NA
123426,Both interviewed and MEC examined,26,Female,Non-Hispanic White,Never,28,92,94,93,93
123431,Both interviewed and MEC examined,24,Female,Non-Hispanic Asian,Never,21.5,107,109,111,109
123432,Both interviewed and MEC examined,71,Male,Non-Hispanic White,Former,33,118,116,116,116.66666666666667
123433,Both interviewed and MEC examined,31,Female,Non-Hispanic White,Current,26.4,97,102,102,100.33333333333333
123434,Both interviewed and MEC examined,53,Female,Non-Hispanic White,Current,25.8,135,137,129,133.66666666666666
123435,Both interviewed and MEC examined,35,Female,Other Hispanic,Current,46.8,132,130,141,134.33333333333334
123436,Both interviewed and MEC examined,48,Female,Non-Hispanic Black,Current,24.7,146,154,161,153.66666666666666
123438,Both interviewed and MEC examined,22,Female,Non-Hispanic White,Never,27.7,111,117,119,115.66666666666667
123439,Both interviewed and MEC examined,61,Female,Non-Hispanic Black,Former,32.9,NA,NA,NA,NA
123440,Both interviewed and MEC examined,39,Female,Other Race - Including Multi-Racial,Former,38.8,119,123,117,119.66666666666667
123441,Both interviewed and MEC examined,60,Male,Non-Hispanic Black,Never,41.5,148,138,147,144.33333333333334
123445,Both interviewed and MEC examined,55,Male,Non-Hispanic Asian,Former,42.8,131,133,141,135
123446,Both interviewed and MEC examined,37,Female,Mexican American,Never,36.7,124,126,123,124.33333333333333
123447,Both interviewed and MEC examined,28,Female,Mexican American,Never,27.7,114,111,119,114.66666666666667
123452,Both interviewed and MEC examined,77,Male,Non-Hispanic Asian,Former,23.5,156,156,169,160.33333333333334
123453,Both interviewed and MEC examined,29,Male,Non-Hispanic White,Never,23.4,NA,NA,NA,NA
123454,Both interviewed and MEC examined,53,Male,Non-Hispanic Black,Former,30,142,151,135,142.66666666666666
123460,Both interviewed and MEC examined,41,Female,Non-Hispanic Black,Never,21.7,126,121,123,123.33333333333333
123463,Both interviewed and MEC examined,27,Female,Non-Hispanic Black,Never,24.2,97,95,96,96
123464,Both interviewed and MEC examined,79,Male,Non-Hispanic Black,Former,22,114,114,118,115.33333333333333
123466,Both interviewed and MEC examined,48,Male,Non-Hispanic Black,Former,22.9,145,148,138,143.66666666666666
123467,Both interviewed and MEC examined,66,Male,Non-Hispanic Black,Never,38.1,146,146,148,146.66666666666666
123468,Both interviewed and MEC examined,55,Male,Non-Hispanic Black,Never,43.1,120,108,135,121
123472,Both interviewed and MEC examined,39,Male,Other Race - Including Multi-Racial,Never,29.9,126,122,127,125
123474,Both interviewed and MEC examined,40,Male,Non-Hispanic White,Current,29.6,117,126,118,120.33333333333333
123475,Both interviewed and MEC examined,26,Female,Non-Hispanic Black,Never,44.2,141,134,137,137.33333333333334
123477,Both interviewed and MEC examined,57,Male,Non-Hispanic Black,Never,NA,164,165,172,167
123478,Both interviewed and MEC examined,38,Female,Non-Hispanic White,Never,36.8,114,111,120,115
123479,Both interviewed and MEC examined,46,Male,Non-Hispanic White,Never,25.9,122,119,122,121
123484,Both interviewed and MEC examined,60,Female,Non-Hispanic White,Former,22.8,119,131,116,122
123488,Both interviewed and MEC examined,66,Male,Mexican American,Never,35.9,151,156,151,152.66666666666666
123492,Both interviewed and MEC examined,69,Male,Non-Hispanic Black,Current,31.1,131,130,130,130.33333333333334
123493,Both interviewed and MEC examined,32,Female,Non-Hispanic Black,Never,21.1,122,123,123,122.66666666666667
123494,Both interviewed and MEC examined,44,Female,Other Hispanic,Never,33,117,119,114,116.66666666666667
123496,Both interviewed and MEC examined,73,Female,Non-Hispanic White,Never,23.2,140,122,122,128
123498,Both interviewed and MEC examined,27,Male,Non-Hispanic White,Current,22.2,120,120,111,117
123502,Both interviewed and MEC examined,75,Male,Non-Hispanic Black,Former,44.7,NA,NA,NA,NA
123503,Both interviewed and MEC examined,25,Female,Non-Hispanic Asian,Never,30.1,108,107,107,107.33333333333333
123504,Both interviewed and MEC examined,54,Male,Other Hispanic,Never,34.9,129,128,134,130.33333333333334
123505,Both interviewed and MEC examined,23,Female,Non-Hispanic White,Never,25.3,88,82,91,87
123506,Both interviewed and MEC examined,70,Female,Non-Hispanic Black,Never,33.6,127,121,121,123
123507,Both interviewed and MEC examined,28,Female,Non-Hispanic Asian,Never,42.7,129,126,130,128.33333333333334
123508,Both interviewed and MEC examined,59,Male,Non-Hispanic White,Never,26.6,106,107,112,108.33333333333333
123509,Both interviewed and MEC examined,48,Female,Non-Hispanic White,Never,28.7,126,127,122,125
123510,Both interviewed and MEC examined,26,Female,Non-Hispanic White,Never,57.4,101,98,94,97.66666666666667
123511,Both interviewed and MEC examined,35,Female,Non-Hispanic White,Current,29.6,115,119,118,117.33333333333333
123512,Both interviewed and MEC examined,34,Female,Other Hispanic,Former,28.6,NA,NA,NA,NA
123513,Both interviewed and MEC examined,28,Female,Non-Hispanic White,Never,37.1,NA,NA,NA,NA
123514,Both interviewed and MEC examined,41,Female,Mexican American,Never,22.1,101,101,99,100.33333333333333
123515,Both interviewed and MEC examined,72,Male,Non-Hispanic White,Current,20.6,136,129,116,127
123517,Both interviewed and MEC examined,37,Male,Other Race - Including Multi-Racial,Current,32.5,125,126,124,125
123518,Both interviewed and MEC examined,61,Male,Non-Hispanic Asian,Former,27.6,127,124,119,123.33333333333333
123519,Both interviewed and MEC examined,44,Female,Other Race - Including Multi-Racial,Current,29.2,121,121,116,119.33333333333333
123521,Both interviewed and MEC examined,50,Female,Mexican American,Current,34.8,NA,NA,NA,NA
123523,Both interviewed and MEC examined,50,Male,Non-Hispanic White,Current,37.2,160,169,149,159.33333333333334
123524,Both interviewed and MEC examined,46,Male,Non-Hispanic Black,Current,20.4,95,90,89,91.33333333333333
123525,Both interviewed and MEC examined,32,Male,Non-Hispanic White,Never,23.8,NA,NA,NA,NA
123526,Both interviewed and MEC examined,75,Female,Non-Hispanic Black,Former,38.3,114,111,115,113.33333333333333
123527,Both interviewed and MEC examined,40,Male,Non-Hispanic Asian,Never,27.4,118,118,112,116
123528,Both interviewed and MEC examined,60,Female,Non-Hispanic Black,Never,25.6,140,146,147,144.33333333333334
123531,Both interviewed and MEC examined,68,Female,Non-Hispanic White,Former,36.8,147,138,142,142.33333333333334
123534,Both interviewed and MEC examined,25,Female,Other Race - Including Multi-Racial,Never,19.6,100,97,100,99
123535,Both interviewed and MEC examined,61,Male,Non-Hispanic White,Current,39.4,107,100,101,102.66666666666667
123536,Both interviewed and MEC examined,65,Male,Non-Hispanic White,Former,37.1,161,168,168,165.66666666666666
123537,Both interviewed and MEC examined,45,Female,Non-Hispanic White,Never,23.5,138,129,141,136
123539,Both interviewed and MEC examined,60,Male,Non-Hispanic White,Current,38.3,142,148,149,146.33333333333334
123542,Both interviewed and MEC examined,62,Male,Non-Hispanic Black,Current,30.8,132,130,125,129
123545,Both interviewed and MEC examined,42,Female,Non-Hispanic Black,Current,37,118,118,118,118
123546,Both interviewed and MEC examined,32,Female,Non-Hispanic Black,Current,23.1,111,101,107,106.33333333333333
123548,Both interviewed and MEC examined,30,Male,Non-Hispanic Black,Current,22.7,116,120,118,118
123549,Both interviewed and MEC examined,52,Male,Other Hispanic,Never,29.9,132,128,129,129.66666666666666
123551,Both interviewed and MEC examined,21,Female,Non-Hispanic Black,Never,29.7,118,132,119,123
123552,Both interviewed and MEC examined,59,Male,Non-Hispanic White,Never,36.2,124,118,110,117.33333333333333
123553,Both interviewed and MEC examined,45,Male,Non-Hispanic White,Never,29.3,128,127,128,127.66666666666667
123554,Both interviewed and MEC examined,42,Female,Non-Hispanic Asian,Never,21.5,108,104,105,105.66666666666667
123560,Both interviewed and MEC examined,64,Male,Non-Hispanic Black,Former,NA,174,176,182,177.33333333333334
123562,Both interviewed and MEC examined,43,Female,Non-Hispanic White,Former,35.1,133,133,130,132
123564,Both interviewed and MEC examined,33,Female,Non-Hispanic White,Never,21.7,103,102,114,106.33333333333333
123566,Both interviewed and MEC examined,37,Female,Mexican American,Former,34,129,118,124,123.66666666666667
123568,Both interviewed and MEC examined,68,Female,Non-Hispanic Black,Never,26.4,138,125,119,127.33333333333333
123569,Both interviewed and MEC examined,72,Male,Mexican American,Former,30.8,134,133,134,133.66666666666666
123570,Both interviewed and MEC examined,74,Female,Non-Hispanic White,Never,28,110,117,110,112.33333333333333
123571,Both interviewed and MEC examined,54,Male,Mexican American,Former,29.6,127,133,131,130.33333333333334
123574,Both interviewed and MEC examined,70,Male,Non-Hispanic White,Never,23.7,121,113,115,116.33333333333333
123576,Both interviewed and MEC examined,36,Male,Non-Hispanic Asian,Current,26.5,128,128,126,127.33333333333333
123577,Both interviewed and MEC examined,55,Male,Other Hispanic,Former,41.7,145,132,146,141
123578,Both interviewed and MEC examined,68,Male,Non-Hispanic Black,Current,30.9,128,127,126,127
123580,Both interviewed and MEC examined,21,Female,Other Hispanic,Never,22,100,104,100,101.33333333333333
123582,Both interviewed and MEC examined,65,Female,Non-Hispanic White,Former,26.9,149,156,150,151.66666666666666
123583,Both interviewed and MEC examined,67,Male,Other Race - Including Multi-Racial,Former,26.7,112,117,106,111.66666666666667
123584,Both interviewed and MEC examined,67,Male,Non-Hispanic Black,Former,31.2,133,132,136,133.66666666666666
123587,Both interviewed and MEC examined,43,Female,Non-Hispanic White,Current,18.9,116,109,110,111.66666666666667
123593,Both interviewed and MEC examined,77,Female,Non-Hispanic White,Never,28.8,151,144,142,145.66666666666666
123600,Both interviewed and MEC examined,63,Male,Other Hispanic,Never,29.7,126,130,131,129
123602,Both interviewed and MEC examined,34,Female,Non-Hispanic Black,Never,28.4,NA,NA,NA,NA
123604,Both interviewed and MEC examined,42,Female,Non-Hispanic White,Former,56.6,113,124,131,122.66666666666667
123606,Both interviewed and MEC examined,31,Female,Other Race - Including Multi-Racial,Current,39.5,138,126,138,134
123607,Both interviewed and MEC examined,55,Female,Non-Hispanic White,Never,33.4,112,113,115,113.33333333333333
123609,Both interviewed and MEC examined,60,Female,Other Hispanic,Never,26.1,95,93,99,95.66666666666667
123610,Both interviewed and MEC examined,39,Female,Non-Hispanic Black,Never,24.1,115,126,115,118.66666666666667
123614,Both interviewed and MEC examined,27,Male,Mexican American,Never,20.8,117,115,114,115.33333333333333
123617,Both interviewed and MEC examined,29,Male,Other Hispanic,Former,26.1,107,110,111,109.33333333333333
123619,Both interviewed and MEC examined,61,Male,Mexican American,Current,32.6,113,110,108,110.33333333333333
123622,Both interviewed and MEC examined,24,Male,Non-Hispanic White,Never,49.5,109,110,108,109
123624,Both interviewed and MEC examined,72,Male,Mexican American,Former,31.5,121,116,119,118.66666666666667
123627,Both interviewed and MEC examined,43,Male,Non-Hispanic Black,Current,28.7,107,110,114,110.33333333333333
123628,Both interviewed and MEC examined,40,Female,Non-Hispanic Asian,Never,24.2,127,128,129,128
123632,Both interviewed and MEC examined,21,Female,Other Race - Including Multi-Racial,Never,22.7,107,106,105,106
123635,Both interviewed and MEC examined,25,Male,Non-Hispanic Black,Current,36.8,107,118,107,110.66666666666667
123636,Both interviewed and MEC examined,32,Female,Mexican American,Former,51.8,NA,NA,NA,NA
123637,Both interviewed and MEC examined,77,Female,Non-Hispanic Black,Never,NA,NA,NA,NA,NA
123638,Both interviewed and MEC examined,54,Male,Non-Hispanic Black,Former,32.1,136,143,136,138.33333333333334
123639,Both interviewed and MEC examined,65,Male,Non-Hispanic Black,Never,37.8,150,148,150,149.33333333333334
123641,Both interviewed and MEC examined,43,Male,Mexican American,Never,35.5,123,113,121,119
123643,Both interviewed and MEC examined,24,Female,Non-Hispanic Black,Never,29,104,101,98,101
123644,Both interviewed and MEC examined,60,Female,Mexican American,Former,27.4,161,173,163,165.66666666666666
123646,Both interviewed and MEC examined,62,Female,Non-Hispanic Black,Never,25.1,133,127,124,128
123647,Both interviewed and MEC examined,48,Female,Non-Hispanic Black,Never,32.6,105,105,111,107
123648,Both interviewed and MEC examined,54,Male,Non-Hispanic Asian,Never,27,145,143,142,143.33333333333334
123651,Both interviewed and MEC examined,43,Male,Non-Hispanic Asian,Former,23.5,NA,NA,NA,NA
123652,Both interviewed and MEC examined,58,Female,Non-Hispanic White,Current,33.9,141,140,139,140
123654,Both interviewed and MEC examined,53,Female,Non-Hispanic White,Never,49.7,125,124,121,123.33333333333333
123656,Both interviewed and MEC examined,54,Male,Mexican American,Current,31.6,112,110,111,111
123660,Both interviewed and MEC examined,53,Female,Non-Hispanic White,Never,27.6,133,133,137,134.33333333333334
123662,Both interviewed and MEC examined,65,Female,Non-Hispanic Black,Former,27.3,158,165,159,160.66666666666666
123664,Both interviewed and MEC examined,28,Male,Other Race - Including Multi-Racial,Current,33.3,108,104,106,106
123668,Both interviewed and MEC examined,59,Male,Non-Hispanic White,Current,24,153,172,161,162
123669,Both interviewed and MEC examined,60,Female,Non-Hispanic White,Former,32.4,NA,NA,NA,NA
123672,Both interviewed and MEC examined,47,Male,Mexican American,Never,27.6,104,107,101,104
123673,Both interviewed and MEC examined,71,Female,Non-Hispanic Black,Never,22.8,174,187,178,179.66666666666666
123674,Both interviewed and MEC examined,59,Male,Non-Hispanic Black,Never,37.6,132,128,124,128
123677,Both interviewed and MEC examined,51,Male,Non-Hispanic White,Current,24.7,128,125,128,127
123678,Both interviewed and MEC examined,42,Female,Non-Hispanic White,Never,28.8,126,114,120,120
123680,Both interviewed and MEC examined,30,Female,Non-Hispanic White,Never,19.6,104,109,124,112.33333333333333
123686,Both interviewed and MEC examined,21,Female,Mexican American,Never,40.6,98,94,102,98
123687,Both interviewed and MEC examined,33,Male,Mexican American,Never,20.3,157,145,146,149.33333333333334
123688,Both interviewed and MEC examined,24,Female,Non-Hispanic White,Never,26.4,112,107,109,109.33333333333333
123689,Both interviewed and MEC examined,58,Female,Non-Hispanic Black,Former,31.2,120,122,123,121.66666666666667
123692,Both interviewed and MEC examined,33,Female,Non-Hispanic Asian,Never,25,112,117,120,116.33333333333333
123693,Both interviewed and MEC examined,38,Female,Mexican American,Never,32.8,107,103,117,109
123694,Both interviewed and MEC examined,24,Female,Other Hispanic,Never,34.8,92,92,92,92
123695,Both interviewed and MEC examined,21,Female,Non-Hispanic Asian,Never,33.8,104,103,107,104.66666666666667
123698,Both interviewed and MEC examined,64,Male,Other Hispanic,Former,26.5,142,140,140,140.66666666666666
123703,Both interviewed and MEC examined,34,Male,Non-Hispanic Black,Never,44.2,113,108,116,112.33333333333333
123704,Both interviewed and MEC examined,44,Female,Non-Hispanic Asian,Never,24.3,115,125,123,121
123705,Both interviewed and MEC examined,60,Female,Non-Hispanic Black,Former,33.9,118,118,124,120
123706,Both interviewed and MEC examined,36,Female,Non-Hispanic White,Never,19.3,94,93,90,92.33333333333333
123709,Both interviewed and MEC examined,51,Female,Other Hispanic,Never,21.8,112,107,110,109.66666666666667
123711,Both interviewed and MEC examined,64,Female,Non-Hispanic White,Former,41.4,147,155,145,149
123712,Both interviewed and MEC examined,21,Female,Non-Hispanic White,Former,24.4,113,115,115,114.33333333333333
123713,Both interviewed and MEC examined,50,Female,Non-Hispanic Asian,Never,29.5,125,126,131,127.33333333333333
123719,Both interviewed and MEC examined,22,Male,Mexican American,Current,22.3,104,100,100,101.33333333333333
123720,Both interviewed and MEC examined,33,Male,Non-Hispanic White,Former,34.9,128,126,121,125
123722,Both interviewed and MEC examined,43,Male,Other Race - Including Multi-Racial,Current,17.4,113,113,112,112.66666666666667
123723,Both interviewed and MEC examined,25,Male,Non-Hispanic Asian,Never,24.1,126,128,128,127.33333333333333
123726,Both interviewed and MEC examined,41,Female,Non-Hispanic Black,Current,28.6,128,127,128,127.66666666666667
123728,Both interviewed and MEC examined,58,Female,Non-Hispanic White,Former,26.4,115,107,103,108.33333333333333
123729,Both interviewed and MEC examined,78,Female,Non-Hispanic Black,Former,41,197,192,198,195.66666666666666
123735,Both interviewed and MEC examined,59,Male,Non-Hispanic White,Former,36.1,101,101,104,102
123736,Both interviewed and MEC examined,23,Female,Non-Hispanic White,Never,35.6,101,106,104,103.66666666666667
123738,Both interviewed and MEC examined,68,Female,Non-Hispanic White,Never,35.3,161,161,162,161.33333333333334
123740,Both interviewed and MEC examined,54,Female,Mexican American,Current,27.1,108,108,103,106.33333333333333
123745,Both interviewed and MEC examined,42,Male,Non-Hispanic White,Current,27.4,104,103,107,104.66666666666667
123746,Both interviewed and MEC examined,33,Female,Other Race - Including Multi-Racial,Former,47.5,NA,NA,NA,NA
123748,Both interviewed and MEC examined,22,Male,Mexican American,Never,28.7,106,108,120,111.33333333333333
123749,Both interviewed and MEC examined,35,Male,Non-Hispanic White,Former,36.3,110,112,110,110.66666666666667
123754,Both interviewed and MEC examined,69,Male,Non-Hispanic White,Former,34.5,166,162,155,161
123758,Both interviewed and MEC examined,46,Male,Other Race - Including Multi-Racial,Never,45,96,91,93,93.33333333333333
123760,Both interviewed and MEC examined,47,Male,Non-Hispanic White,Never,30.2,121,117,125,121
123761,Both interviewed and MEC examined,27,Female,Non-Hispanic White,Current,33.8,99,100,99,99.33333333333333
123766,Both interviewed and MEC examined,35,Female,Non-Hispanic Black,Never,43.4,104,103,106,104.33333333333333
123767,Both interviewed and MEC examined,68,Female,Non-Hispanic Asian,Never,25.7,117,119,113,116.33333333333333
123769,Both interviewed and MEC examined,41,Female,Non-Hispanic Black,Never,30.4,102,104,106,104
123770,Both interviewed and MEC examined,55,Male,Non-Hispanic Asian,Former,21.8,125,125,130,126.66666666666667
123773,Both interviewed and MEC examined,26,Female,Non-Hispanic Black,Never,29.2,94,100,91,95
123774,Both interviewed and MEC examined,24,Male,Non-Hispanic White,Never,22.5,116,114,115,115
123780,Both interviewed and MEC examined,67,Male,Non-Hispanic Black,Former,22.3,107,112,111,110
123781,Both interviewed and MEC examined,25,Female,Non-Hispanic Black,Never,28.5,132,129,130,130.33333333333334
123783,Both interviewed and MEC examined,21,Male,Non-Hispanic Black,Never,24.2,127,119,124,123.33333333333333
123785,Both interviewed and MEC examined,71,Male,Non-Hispanic White,Never,35.6,132,137,135,134.66666666666666
123787,Both interviewed and MEC examined,56,Male,Non-Hispanic White,Former,26.9,107,124,111,114
123788,Both interviewed and MEC examined,63,Female,Non-Hispanic Asian,Former,31.4,160,155,153,156
123791,Both interviewed and MEC examined,60,Female,Non-Hispanic White,Former,24.7,NA,NA,NA,NA
123795,Both interviewed and MEC examined,71,Female,Non-Hispanic White,Never,30.5,125,114,122,120.33333333333333
123796,Both interviewed and MEC examined,28,Female,Non-Hispanic Black,Never,27.2,112,111,111,111.33333333333333
123797,Both interviewed and MEC examined,32,Male,Non-Hispanic Asian,Never,25.2,105,105,105,105
123798,Both interviewed and MEC examined,73,Female,Non-Hispanic White,Never,29.4,131,138,141,136.66666666666666
123799,Both interviewed and MEC examined,78,Female,Non-Hispanic Black,Former,28.5,117,116,119,117.33333333333333
123800,Both interviewed and MEC examined,45,Female,Mexican American,Never,35.7,103,109,113,108.33333333333333
123801,Both interviewed and MEC examined,58,Male,Non-Hispanic White,Current,24.7,107,113,115,111.66666666666667
123802,Both interviewed and MEC examined,70,Male,Non-Hispanic Black,Never,29.1,120,117,113,116.66666666666667
123803,Both interviewed and MEC examined,45,Female,Non-Hispanic Asian,Never,28.6,108,117,110,111.66666666666667
123804,Both interviewed and MEC examined,64,Female,Mexican American,Never,29.2,114,112,113,113
123808,Both interviewed and MEC examined,61,Female,Other Hispanic,Never,26.9,127,126,113,122
123810,Both interviewed and MEC examined,56,Female,Non-Hispanic Black,Current,33.4,116,131,130,125.66666666666667
123811,Both interviewed and MEC examined,62,Male,Non-Hispanic White,Former,23.8,107,106,108,107
123812,Both interviewed and MEC examined,37,Male,Non-Hispanic White,Current,31,139,146,146,143.66666666666666
123813,Both interviewed and MEC examined,22,Male,Non-Hispanic Black,Never,22,100,101,118,106.33333333333333
123815,Both interviewed and MEC examined,73,Female,Non-Hispanic Black,Former,23.4,178,158,175,170.33333333333334
123821,Both interviewed and MEC examined,60,Male,Mexican American,Current,28.7,141,140,147,142.66666666666666
123825,Both interviewed and MEC examined,23,Male,Other Hispanic,Never,21.6,135,129,127,130.33333333333334
123827,Both interviewed and MEC examined,78,Male,Other Race - Including Multi-Racial,Former,32.1,139,136,139,138
123830,Both interviewed and MEC examined,46,Male,Non-Hispanic White,Never,29.1,148,152,164,154.66666666666666
123833,Both interviewed and MEC examined,34,Female,Non-Hispanic White,Never,25.1,102,97,105,101.33333333333333
123834,Both interviewed and MEC examined,57,Female,Non-Hispanic White,Current,22.1,111,107,104,107.33333333333333
123837,Both interviewed and MEC examined,22,Female,Other Hispanic,Never,23.9,103,100,98,100.33333333333333
123838,Both interviewed and MEC examined,47,Male,Non-Hispanic Black,Never,24,122,122,127,123.66666666666667
123840,Both interviewed and MEC examined,46,Female,Non-Hispanic White,Never,25,91,99,113,101
123841,Both interviewed and MEC examined,69,Male,Other Race - Including Multi-Racial,Current,27.8,159,144,155,152.66666666666666
123842,Both interviewed and MEC examined,71,Male,Non-Hispanic White,Current,27.3,111,112,116,113
123843,Both interviewed and MEC examined,48,Male,Non-Hispanic Black,Never,34,151,152,152,151.66666666666666
123844,Both interviewed and MEC examined,52,Male,Other Race - Including Multi-Racial,Current,21.5,NA,NA,NA,NA
123845,Both interviewed and MEC examined,60,Male,Other Hispanic,Never,56.6,120,121,124,121.66666666666667
123846,Both interviewed and MEC examined,24,Female,Non-Hispanic Black,Never,24.4,109,108,110,109
123847,Both interviewed and MEC examined,29,Female,Non-Hispanic Black,Current,44.2,106,100,95,100.33333333333333
123849,Both interviewed and MEC examined,53,Male,Non-Hispanic Asian,Former,21.9,NA,NA,NA,NA
123850,Both interviewed and MEC examined,32,Male,Mexican American,Never,30.8,125,124,122,123.66666666666667
123852,Both interviewed and MEC examined,60,Female,Non-Hispanic White,Former,19.1,138,129,124,130.33333333333334
123853,Both interviewed and MEC examined,67,Male,Non-Hispanic Black,Former,25.9,96,99,101,98.66666666666667
123854,Both interviewed and MEC examined,52,Male,Non-Hispanic Black,Never,49.6,132,130,128,130
123856,Both interviewed and MEC examined,26,Male,Non-Hispanic Asian,Never,27.3,105,104,96,101.66666666666667
123858,Both interviewed and MEC examined,24,Male,Non-Hispanic Asian,Never,24.8,115,113,118,115.33333333333333
123859,Both interviewed and MEC examined,60,Male,Non-Hispanic Asian,Never,27.6,115,117,117,116.33333333333333
123860,Both interviewed and MEC examined,61,Female,Non-Hispanic White,Never,27.3,114,112,111,112.33333333333333
123861,Both interviewed and MEC examined,42,Male,Non-Hispanic Black,Former,31.6,116,123,117,118.66666666666667
123862,Both interviewed and MEC examined,73,Male,Non-Hispanic White,Former,29.7,151,143,147,147
123863,Both interviewed and MEC examined,72,Male,Non-Hispanic Asian,Never,24.2,155,153,150,152.66666666666666
123866,Both interviewed and MEC examined,41,Male,Non-Hispanic White,Former,22.6,132,133,137,134
123867,Both interviewed and MEC examined,68,Female,Mexican American,Never,33.7,142,137,151,143.33333333333334
123868,Both interviewed and MEC examined,60,Female,Non-Hispanic Black,Former,28.9,NA,NA,NA,NA
123870,Both interviewed and MEC examined,26,Male,Non-Hispanic Black,Never,31.8,125,130,121,125.33333333333333
123871,Both interviewed and MEC examined,55,Female,Non-Hispanic White,Never,27.3,120,118,124,120.66666666666667
123873,Both interviewed and MEC examined,47,Female,Non-Hispanic Asian,Never,19.6,104,92,95,97
123874,Both interviewed and MEC examined,58,Female,Non-Hispanic Black,Former,49.9,135,131,133,133
123876,Both interviewed and MEC examined,34,Male,Other Hispanic,Never,28.6,116,114,117,115.66666666666667
123877,Both interviewed and MEC examined,28,Male,Mexican American,Never,30.2,129,120,117,122
123881,Both interviewed and MEC examined,38,Female,Non-Hispanic White,Never,28.1,NA,NA,NA,NA
123884,Both interviewed and MEC examined,64,Male,Non-Hispanic Black,Current,37.5,128,129,127,128
123885,Both interviewed and MEC examined,67,Female,Non-Hispanic White,Current,35.8,171,166,164,167
123886,Both interviewed and MEC examined,63,Male,Other Hispanic,Current,33.1,122,123,119,121.33333333333333
123890,Both interviewed and MEC examined,60,Male,Mexican American,Never,36.7,114,112,105,110.33333333333333
123891,Both interviewed and MEC examined,70,Female,Other Hispanic,Current,25.5,141,140,138,139.66666666666666
123898,Both interviewed and MEC examined,26,Female,Non-Hispanic White,Former,50.6,97,100,104,100.33333333333333
123899,Both interviewed and MEC examined,54,Female,Non-Hispanic Black,Former,25.2,NA,NA,NA,NA
123900,Both interviewed and MEC examined,73,Male,Non-Hispanic White,Former,34.1,133,124,126,127.66666666666667
123902,Both interviewed and MEC examined,34,Female,Other Race - Including Multi-Racial,Current,41.1,108,110,118,112
123903,Both interviewed and MEC examined,75,Female,Non-Hispanic Black,Never,48.1,144,146,147,145.66666666666666
123904,Both interviewed and MEC examined,22,Female,Non-Hispanic Black,Never,41.3,128,125,127,126.66666666666667
123912,Both interviewed and MEC examined,72,Male,Non-Hispanic Black,Former,24,97,95,102,98
123913,Both interviewed and MEC examined,62,Male,Other Hispanic,Former,27.6,103,102,112,105.66666666666667
123914,Both interviewed and MEC examined,69,Female,Non-Hispanic Black,Never,31.9,149,141,143,144.33333333333334
123915,Both interviewed and MEC examined,27,Female,Non-Hispanic Asian,Never,22.5,107,108,108,107.66666666666667
123918,Both interviewed and MEC examined,54,Female,Other Hispanic,Current,32.3,136,140,137,137.66666666666666
123919,Both interviewed and MEC examined,30,Male,Non-Hispanic White,Former,32.6,120,123,122,121.66666666666667
123920,Both interviewed and MEC examined,29,Male,Mexican American,Never,33.8,115,113,125,117.66666666666667
123922,Both interviewed and MEC examined,60,Female,Mexican American,Never,29.7,120,125,125,123.33333333333333
123926,Both interviewed and MEC examined,21,Male,Non-Hispanic Black,Never,21.9,124,125,121,123.33333333333333
123927,Both interviewed and MEC examined,32,Male,Non-Hispanic White,Never,23.2,115,120,116,117
123928,Both interviewed and MEC examined,50,Male,Non-Hispanic Black,Never,31,145,150,151,148.66666666666666
123931,Both interviewed and MEC examined,63,Male,Non-Hispanic Black,Former,21.8,110,107,108,108.33333333333333
123932,Both interviewed and MEC examined,32,Female,Non-Hispanic Black,Former,31,111,111,110,110.66666666666667
123933,Both interviewed and MEC examined,61,Female,Non-Hispanic Black,Former,26.5,119,111,116,115.33333333333333
123934,Both interviewed and MEC examined,67,Male,Other Race - Including Multi-Racial,Former,28.7,128,132,131,130.33333333333334
123935,Both interviewed and MEC examined,50,Female,Mexican American,Never,37.7,NA,NA,NA,NA
123936,Both interviewed and MEC examined,51,Male,Non-Hispanic Black,Never,37.6,122,132,117,123.66666666666667
123937,Both interviewed and MEC examined,50,Female,Mexican American,Never,24.6,122,128,124,124.66666666666667
123940,Both interviewed and MEC examined,41,Male,Mexican American,Current,40.1,129,124,126,126.33333333333333
123943,Both interviewed and MEC examined,78,Male,Non-Hispanic White,Never,23,142,147,148,145.66666666666666
123945,Both interviewed and MEC examined,50,Male,Non-Hispanic White,Former,21.8,129,128,127,128
123947,Both interviewed and MEC examined,67,Female,Non-Hispanic Black,Former,38.8,144,136,140,140
123948,Both interviewed and MEC examined,50,Male,Non-Hispanic Asian,Current,31.6,111,110,115,112
123949,Both interviewed and MEC examined,66,Male,Other Hispanic,Never,31.4,126,127,125,126
123950,Both interviewed and MEC examined,54,Female,Non-Hispanic Black,Never,43.4,130,128,124,127.33333333333333
123951,Both interviewed and MEC examined,62,Female,Non-Hispanic Asian,Never,23.9,133,135,136,134.66666666666666
123953,Both interviewed and MEC examined,41,Male,Mexican American,Never,36.2,132,129,127,129.33333333333334
123956,Both interviewed and MEC examined,32,Female,Non-Hispanic White,Never,21.8,102,99,98,99.66666666666667
123959,Both interviewed and MEC examined,27,Female,Mexican American,Never,32.3,91,93,88,90.66666666666667
123960,Both interviewed and MEC examined,64,Female,Non-Hispanic Black,Current,31.4,119,115,117,117
123962,Both interviewed and MEC examined,24,Female,Non-Hispanic White,Never,25.6,128,128,127,127.66666666666667
123965,Both interviewed and MEC examined,52,Male,Non-Hispanic Black,Never,39.9,102,100,102,101.33333333333333
123966,Both interviewed and MEC examined,64,Female,Non-Hispanic White,Never,21.3,114,108,110,110.66666666666667
123968,Both interviewed and MEC examined,25,Female,Non-Hispanic Black,Never,26.9,102,103,108,104.33333333333333
123969,Both interviewed and MEC examined,27,Female,Other Race - Including Multi-Racial,Never,31.9,121,117,112,116.66666666666667
123970,Both interviewed and MEC examined,48,Male,Mexican American,Never,31.2,121,137,123,127
123972,Both interviewed and MEC examined,60,Male,Non-Hispanic Asian,Former,26.5,138,145,135,139.33333333333334
123975,Both interviewed and MEC examined,57,Male,Non-Hispanic White,Never,30.7,160,153,155,156
123976,Both interviewed and MEC examined,72,Female,Other Hispanic,Former,35.2,123,121,116,120
123978,Both interviewed and MEC examined,59,Female,Mexican American,Never,35,NA,NA,NA,NA
123980,Both interviewed and MEC examined,22,Male,Other Hispanic,Never,21.5,NA,NA,NA,NA
123982,Both interviewed and MEC examined,68,Male,Non-Hispanic Asian,Former,25.4,147,147,143,145.66666666666666
123983,Both interviewed and MEC examined,65,Male,Non-Hispanic Black,Current,23.6,111,112,117,113.33333333333333
123984,Both interviewed and MEC examined,65,Male,Mexican American,Former,24,166,160,163,163
123986,Both interviewed and MEC examined,29,Female,Non-Hispanic Asian,Never,25.2,90,91,94,91.66666666666667
123988,Both interviewed and MEC examined,46,Female,Other Race - Including Multi-Racial,Former,33.5,120,121,124,121.66666666666667
123992,Both interviewed and MEC examined,62,Male,Non-Hispanic Black,Never,22.4,158,163,168,163
123993,Both interviewed and MEC examined,74,Male,Other Hispanic,Former,28.9,142,137,145,141.33333333333334
123994,Both interviewed and MEC examined,64,Female,Mexican American,Never,33.8,117,113,124,118
123995,Both interviewed and MEC examined,31,Male,Mexican American,Never,30.1,99,109,112,106.66666666666667
123998,Both interviewed and MEC examined,32,Female,Non-Hispanic Black,Never,22.9,NA,NA,NA,NA
123999,Both interviewed and MEC examined,71,Female,Mexican American,Never,46.2,117,113,107,112.33333333333333
124000,Both interviewed and MEC examined,59,Male,Non-Hispanic White,Former,32.4,128,126,118,124
124004,Both interviewed and MEC examined,40,Male,Other Race - Including Multi-Racial,Current,32.7,106,104,104,104.66666666666667
124007,Both interviewed and MEC examined,61,Male,Non-Hispanic Asian,Former,30.7,126,108,121,118.33333333333333
124008,Both interviewed and MEC examined,39,Female,Other Hispanic,Never,30.6,NA,NA,NA,NA
124009,Both interviewed and MEC examined,37,Male,Non-Hispanic White,Never,33.5,115,117,121,117.66666666666667
124010,Both interviewed and MEC examined,33,Male,Non-Hispanic White,Never,26.2,122,125,121,122.66666666666667
124011,Both interviewed and MEC examined,59,Male,Non-Hispanic White,Never,31.1,115,114,118,115.66666666666667
124012,Both interviewed and MEC examined,36,Female,Mexican American,Never,30.2,104,108,103,105
124014,Both interviewed and MEC examined,53,Female,Other Race - Including Multi-Racial,Current,22.6,157,157,155,156.33333333333334
124015,Both interviewed and MEC examined,54,Male,Non-Hispanic White,Never,24.6,102,112,110,108
124019,Both interviewed and MEC examined,34,Male,Mexican American,Never,28.3,128,124,129,127
124024,Both interviewed and MEC examined,45,Female,Non-Hispanic Black,Current,33.2,110,111,105,108.66666666666667
124025,Both interviewed and MEC examined,59,Female,Non-Hispanic Black,Former,34,165,164,159,162.66666666666666
124026,Both interviewed and MEC examined,24,Female,Mexican American,Never,26.8,100,96,99,98.33333333333333
124028,Both interviewed and MEC examined,62,Male,Non-Hispanic White,Never,24.1,127,132,128,129
124030,Both interviewed and MEC examined,35,Male,Non-Hispanic Asian,Current,35.3,121,124,126,123.66666666666667
124034,Both interviewed and MEC examined,47,Male,Non-Hispanic White,Never,34.4,NA,NA,NA,NA
124037,Both interviewed and MEC examined,41,Male,Non-Hispanic White,Former,46.1,116,119,124,119.66666666666667
124039,Both interviewed and MEC examined,40,Male,Non-Hispanic Asian,Current,24.1,114,111,113,112.66666666666667
124040,Both interviewed and MEC examined,78,Male,Non-Hispanic Black,Never,24.7,123,122,126,123.66666666666667
124041,Both interviewed and MEC examined,37,Female,Non-Hispanic Asian,Never,24.6,99,98,96,97.66666666666667
124043,Both interviewed and MEC examined,64,Female,Other Hispanic,Current,24.7,135,131,139,135
124044,Both interviewed and MEC examined,44,Female,Mexican American,Current,32.8,109,103,102,104.66666666666667
124045,Both interviewed and MEC examined,72,Male,Mexican American,Former,34.4,165,159,157,160.33333333333334
124047,Both interviewed and MEC examined,47,Female,Other Race - Including Multi-Racial,Never,20.2,105,102,102,103
124048,Both interviewed and MEC examined,48,Female,Non-Hispanic Black,Current,31.2,130,132,134,132
124051,Both interviewed and MEC examined,23,Female,Non-Hispanic White,Former,42.4,NA,NA,NA,NA
124052,Both interviewed and MEC examined,37,Female,Other Hispanic,Current,26,NA,NA,NA,NA
124053,Both interviewed and MEC examined,45,Male,Other Hispanic,Never,26.5,107,108,112,109
124054,Both interviewed and MEC examined,28,Male,Non-Hispanic Black,Never,31.1,133,140,135,136
124056,Both interviewed and MEC examined,45,Male,Other Hispanic,Never,24.5,128,128,124,126.66666666666667
124057,Both interviewed and MEC examined,39,Female,Other Hispanic,Never,39.6,107,109,109,108.33333333333333
124060,Both interviewed and MEC examined,33,Female,Non-Hispanic Asian,Never,22.2,86,89,92,89
124061,Both interviewed and MEC examined,55,Female,Mexican American,Never,28.1,139,145,149,144.33333333333334
124062,Both interviewed and MEC examined,59,Female,Non-Hispanic White,Former,30.7,106,117,115,112.66666666666667
124063,Both interviewed and MEC examined,49,Male,Non-Hispanic Black,Current,26.6,132,133,129,131.33333333333334
124066,Both interviewed and MEC examined,36,Male,Non-Hispanic White,Former,30.8,115,117,114,115.33333333333333
124068,Both interviewed and MEC examined,39,Female,Non-Hispanic Asian,Never,23.9,136,117,116,123
124069,Both interviewed and MEC examined,23,Female,Mexican American,Never,30.7,93,100,96,96.33333333333333
124071,Both interviewed and MEC examined,50,Female,Other Hispanic,Never,27.1,NA,NA,NA,NA
124072,Both interviewed and MEC examined,75,Male,Non-Hispanic Black,Never,30.3,98,89,96,94.33333333333333
124073,Both interviewed and MEC examined,30,Male,Non-Hispanic Black,Former,44.2,163,156,161,160
124076,Both interviewed and MEC examined,29,Male,Non-Hispanic Black,Never,24.3,106,104,104,104.66666666666667
124078,Both interviewed and MEC examined,57,Male,Non-Hispanic Black,Never,36.8,131,131,127,129.66666666666666
124080,Both interviewed and MEC examined,35,Female,Non-Hispanic White,Never,34,130,122,126,126
124085,Both interviewed and MEC examined,60,Male,Other Race - Including Multi-Racial,Current,26.8,163,164,157,161.33333333333334
124086,Both interviewed and MEC examined,23,Male,Non-Hispanic White,Never,46,108,101,108,105.66666666666667
124087,Both interviewed and MEC examined,41,Male,Non-Hispanic White,Never,34,119,115,125,119.66666666666667
124088,Both interviewed and MEC examined,29,Male,Non-Hispanic White,Never,30.4,127,124,123,124.66666666666667
124089,Both interviewed and MEC examined,30,Female,Non-Hispanic Black,Never,19.1,124,120,116,120
124090,Both interviewed and MEC examined,65,Female,Other Hispanic,Former,52.9,144,149,162,151.66666666666666
124091,Both interviewed and MEC examined,61,Male,Mexican American,Never,34.4,147,142,142,143.66666666666666
124092,Both interviewed and MEC examined,38,Female,Non-Hispanic White,Current,32.5,120,139,135,131.33333333333334
124094,Both interviewed and MEC examined,40,Female,Non-Hispanic Asian,Never,25,122,127,128,125.66666666666667
124096,Both interviewed and MEC examined,53,Male,Mexican American,Former,30.6,NA,NA,NA,NA
124100,Both interviewed and MEC examined,61,Female,Other Hispanic,Never,28.7,133,121,133,129
124101,Both interviewed and MEC examined,58,Female,Non-Hispanic White,Never,34.5,132,133,130,131.66666666666666
124102,Both interviewed and MEC examined,65,Male,Non-Hispanic White,Former,20.2,NA,NA,NA,NA
124104,Both interviewed and MEC examined,55,Male,Mexican American,Former,32.9,NA,NA,NA,NA
124106,Both interviewed and MEC examined,40,Female,Non-Hispanic Black,Never,25.9,135,131,134,133.33333333333334
124107,Both interviewed and MEC examined,28,Female,Non-Hispanic Black,Never,31.5,98,100,96,98
124108,Both interviewed and MEC examined,56,Male,Mexican American,Former,28.6,121,119,118,119.33333333333333
124109,Both interviewed and MEC examined,52,Male,Non-Hispanic Asian,Current,27,144,140,139,141
124110,Both interviewed and MEC examined,24,Female,Non-Hispanic Black,Never,19.5,104,102,105,103.66666666666667
124111,Both interviewed and MEC examined,26,Male,Non-Hispanic Black,Never,18.4,116,117,115,116
124113,Both interviewed and MEC examined,44,Female,Non-Hispanic White,Never,33.4,110,114,116,113.33333333333333
124115,Both interviewed and MEC examined,60,Male,Non-Hispanic White,Never,30.4,135,130,127,130.66666666666666
124118,Both interviewed and MEC examined,29,Female,Non-Hispanic Asian,Never,20.7,92,91,92,91.66666666666667
124119,Both interviewed and MEC examined,71,Male,Non-Hispanic Black,Current,18.1,123,119,123,121.66666666666667
124120,Both interviewed and MEC examined,73,Male,Non-Hispanic Black,Never,22.5,105,110,109,108
124121,Both interviewed and MEC examined,39,Female,Non-Hispanic White,Never,35.6,118,118,115,117
124122,Both interviewed and MEC examined,57,Female,Non-Hispanic White,Current,33.7,130,124,125,126.33333333333333
124124,Both interviewed and MEC examined,50,Male,Other Hispanic,Never,33,NA,NA,NA,NA
124126,Both interviewed and MEC examined,36,Female,Non-Hispanic Black,Current,18.8,102,100,106,102.66666666666667
124127,Both interviewed and MEC examined,40,Female,Non-Hispanic Asian,Never,21.5,NA,NA,NA,NA
124128,Both interviewed and MEC examined,42,Male,Mexican American,Never,26.5,114,106,112,110.66666666666667
124129,Both interviewed and MEC examined,28,Female,Mexican American,Never,30,99,102,99,100
124135,Both interviewed and MEC examined,31,Male,Non-Hispanic Black,Never,27.8,110,110,111,110.33333333333333
124138,Both interviewed and MEC examined,36,Male,Non-Hispanic Asian,Former,29.5,110,107,120,112.33333333333333
124142,Both interviewed and MEC examined,53,Female,Non-Hispanic Black,Never,29.1,126,122,125,124.33333333333333
124144,Both interviewed and MEC examined,52,Female,Non-Hispanic White,Never,36.9,155,153,158,155.33333333333334
124148,Both interviewed and MEC examined,60,Female,Mexican American,Never,35.9,122,123,124,123
124149,Both interviewed and MEC examined,21,Male,Non-Hispanic Black,Never,43.6,116,113,116,115
124151,Both interviewed and MEC examined,35,Male,Non-Hispanic Black,Current,32.9,126,128,124,126
124152,Both interviewed and MEC examined,44,Male,Other Hispanic,Never,26,NA,NA,NA,NA
124153,Both interviewed and MEC examined,23,Female,Non-Hispanic Black,Never,24.9,107,105,107,106.33333333333333
124156,Both interviewed and MEC examined,60,Male,Non-Hispanic Black,Current,33.2,118,118,115,117
124157,Both interviewed and MEC examined,44,Male,Mexican American,Never,36.1,104,109,108,107
124158,Both interviewed and MEC examined,54,Male,Non-Hispanic Black,Never,34.6,136,136,132,134.66666666666666
124159,Both interviewed and MEC examined,62,Female,Non-Hispanic White,Never,30.2,112,119,116,115.66666666666667
124160,Both interviewed and MEC examined,76,Female,Non-Hispanic Asian,Former,20.7,126,114,124,121.33333333333333
124161,Both interviewed and MEC examined,65,Female,Non-Hispanic Asian,Never,35.4,175,186,179,180
124163,Both interviewed and MEC examined,50,Female,Non-Hispanic Asian,Never,22.8,138,136,124,132.66666666666666
124165,Both interviewed and MEC examined,76,Male,Non-Hispanic White,Current,36.4,135,138,137,136.66666666666666
124168,Both interviewed and MEC examined,21,Female,Non-Hispanic Black,Never,24.5,109,111,107,109
124170,Both interviewed and MEC examined,69,Female,Non-Hispanic White,Former,29.3,109,107,107,107.66666666666667
124172,Both interviewed and MEC examined,29,Female,Non-Hispanic Asian,Never,22.6,124,123,121,122.66666666666667
124174,Both interviewed and MEC examined,30,Female,Non-Hispanic Asian,Never,30.1,97,96,99,97.33333333333333
124175,Both interviewed and MEC examined,66,Male,Non-Hispanic White,Never,24.1,107,122,119,116
124176,Both interviewed and MEC examined,32,Female,Non-Hispanic Black,Never,28.7,87,94,93,91.33333333333333
124177,Both interviewed and MEC examined,35,Female,Non-Hispanic White,Former,20,99,97,97,97.66666666666667
124178,Both interviewed and MEC examined,54,Male,Non-Hispanic Black,Current,35.4,166,163,173,167.33333333333334
124179,Both interviewed and MEC examined,60,Female,Non-Hispanic White,Never,26.5,104,103,99,102
124181,Both interviewed and MEC examined,21,Male,Other Race - Including Multi-Racial,Current,33.2,117,128,119,121.33333333333333
124182,Both interviewed and MEC examined,42,Male,Non-Hispanic Black,Never,30.5,145,152,150,149
124183,Both interviewed and MEC examined,33,Female,Other Hispanic,Never,32.4,91,97,97,95
124188,Both interviewed and MEC examined,66,Male,Non-Hispanic Asian,Never,24.2,116,115,119,116.66666666666667
124189,Both interviewed and MEC examined,44,Male,Non-Hispanic Asian,Current,29.7,113,126,121,120
124190,Both interviewed and MEC examined,47,Male,Non-Hispanic White,Current,26.7,121,123,125,123
124191,Both interviewed and MEC examined,57,Male,Non-Hispanic White,Former,25.4,135,150,154,146.33333333333334
124194,Both interviewed and MEC examined,38,Male,Non-Hispanic Black,Former,28.5,125,124,113,120.66666666666667
124195,Both interviewed and MEC examined,31,Female,Non-Hispanic White,Never,32.3,107,110,109,108.66666666666667
124196,Both interviewed and MEC examined,75,Female,Other Race - Including Multi-Racial,Former,20.5,125,142,153,140
124197,Both interviewed and MEC examined,69,Male,Non-Hispanic Black,Current,21.9,126,125,127,126
124198,Both interviewed and MEC examined,56,Female,Non-Hispanic White,Never,52.6,103,108,93,101.33333333333333
124203,Both interviewed and MEC examined,73,Female,Other Hispanic,Never,39.6,142,142,137,140.33333333333334
124205,Both interviewed and MEC examined,60,Female,Other Hispanic,Never,32.3,127,122,127,125.33333333333333
124207,Both interviewed and MEC examined,66,Female,Mexican American,Never,36.3,207,192,201,200
124208,Both interviewed and MEC examined,79,Female,Non-Hispanic Black,Never,30.7,155,156,150,153.66666666666666
124211,Both interviewed and MEC examined,29,Male,Non-Hispanic White,Former,24.9,120,116,123,119.66666666666667
124212,Both interviewed and MEC examined,39,Male,Non-Hispanic White,Current,25.4,121,116,115,117.33333333333333
124215,Both interviewed and MEC examined,52,Male,Non-Hispanic Black,Current,30.4,148,139,139,142
124218,Both interviewed and MEC examined,54,Female,Non-Hispanic Black,Current,39.8,126,127,129,127.33333333333333
124219,Both interviewed and MEC examined,71,Male,Mexican American,Former,36.6,NA,NA,NA,NA
124221,Both interviewed and MEC examined,62,Male,Other Hispanic,Former,32.9,137,133,135,135
124223,Both interviewed and MEC examined,66,Male,Non-Hispanic Black,Never,27,NA,NA,NA,NA
124224,Both interviewed and MEC examined,50,Male,Other Hispanic,Current,42.4,122,126,130,126
124225,Both interviewed and MEC examined,32,Male,Non-Hispanic White,Never,24.7,121,119,121,120.33333333333333
124226,Both interviewed and MEC examined,55,Male,Non-Hispanic Black,Never,31.6,108,112,117,112.33333333333333
124228,Both interviewed and MEC examined,68,Female,Non-Hispanic White,Former,42.4,159,153,158,156.66666666666666
124231,Both interviewed and MEC examined,23,Female,Non-Hispanic Black,Never,30.3,NA,NA,NA,NA
124235,Both interviewed and MEC examined,45,Male,Non-Hispanic White,Current,36.6,109,118,119,115.33333333333333
124236,Both interviewed and MEC examined,58,Female,Non-Hispanic Black,Current,27.9,153,151,150,151.33333333333334
124237,Both interviewed and MEC examined,43,Male,Non-Hispanic White,Former,26.7,112,114,116,114
124238,Both interviewed and MEC examined,50,Male,Non-Hispanic Asian,Never,29.7,106,105,107,106
124240,Both interviewed and MEC examined,75,Male,Non-Hispanic Black,Former,25.2,155,155,151,153.66666666666666
124241,Both interviewed and MEC examined,57,Female,Non-Hispanic Black,Never,35.5,115,116,117,116
124242,Both interviewed and MEC examined,31,Female,Non-Hispanic Black,Former,28.6,92,89,89,90
124245,Both interviewed and MEC examined,79,Female,Non-Hispanic White,Never,22.1,186,191,194,190.33333333333334
124246,Both interviewed and MEC examined,61,Female,Non-Hispanic White,Never,26.4,118,117,119,118
124248,Both interviewed and MEC examined,49,Female,Non-Hispanic White,Never,24.1,102,99,94,98.33333333333333
124249,Both interviewed and MEC examined,32,Female,Non-Hispanic White,Never,26.8,119,118,119,118.66666666666667
124253,Both interviewed and MEC examined,60,Female,Non-Hispanic Asian,Never,34.7,102,98,95,98.33333333333333
124254,Both interviewed and MEC examined,28,Female,Non-Hispanic White,Never,16.5,104,105,105,104.66666666666667
124256,Both interviewed and MEC examined,60,Female,Other Hispanic,Former,37.9,107,106,108,107
124257,Both interviewed and MEC examined,59,Female,Non-Hispanic Black,Current,47.6,119,113,113,115
124260,Both interviewed and MEC examined,27,Female,Non-Hispanic Asian,Never,25.1,107,110,109,108.66666666666667
124262,Both interviewed and MEC examined,56,Female,Other Hispanic,Former,26,NA,NA,NA,NA
124264,Both interviewed and MEC examined,26,Male,Non-Hispanic Black,Current,21.2,116,116,111,114.33333333333333
124265,Both interviewed and MEC examined,35,Female,Non-Hispanic Asian,Never,33.3,101,103,104,102.66666666666667
124266,Both interviewed and MEC examined,54,Male,Non-Hispanic Black,Current,35.6,120,115,110,115
124267,Both interviewed and MEC examined,24,Female,Non-Hispanic Black,Never,29.6,101,105,105,103.66666666666667
124271,Both interviewed and MEC examined,63,Female,Non-Hispanic White,Never,22.4,110,121,119,116.66666666666667
124272,Both interviewed and MEC examined,43,Female,Other Hispanic,Never,35.8,94,94,100,96
124273,Both interviewed and MEC examined,25,Female,Non-Hispanic Asian,Never,28.6,98,104,104,102
124274,Both interviewed and MEC examined,36,Female,Non-Hispanic Black,Never,42.5,112,111,111,111.33333333333333
124277,Both interviewed and MEC examined,28,Male,Non-Hispanic Black,Never,29.9,129,134,137,133.33333333333334
124279,Both interviewed and MEC examined,49,Female,Non-Hispanic Asian,Never,27.6,96,105,95,98.66666666666667
124280,Both interviewed and MEC examined,59,Male,Non-Hispanic Black,Never,40.7,128,122,124,124.66666666666667
124281,Both interviewed and MEC examined,30,Male,Other Race - Including Multi-Racial,Former,23.1,127,121,122,123.33333333333333
124283,Both interviewed and MEC examined,51,Male,Non-Hispanic Black,Former,22.4,129,131,130,130
124284,Both interviewed and MEC examined,55,Female,Other Hispanic,Former,38.5,133,135,132,133.33333333333334
124287,Both interviewed and MEC examined,56,Male,Non-Hispanic White,Never,32,131,129,123,127.66666666666667
124288,Both interviewed and MEC examined,59,Female,Non-Hispanic Asian,Never,24.2,135,133,126,131.33333333333334
124290,Both interviewed and MEC examined,59,Male,Non-Hispanic White,Never,25.8,129,122,125,125.33333333333333
124294,Both interviewed and MEC examined,64,Male,Non-Hispanic White,Never,24.8,146,148,156,150
124295,Both interviewed and MEC examined,33,Female,Non-Hispanic Black,Never,24,NA,NA,NA,NA
124296,Both interviewed and MEC examined,46,Male,Non-Hispanic Black,Current,36.8,101,105,97,101
124297,Both interviewed and MEC examined,23,Female,Non-Hispanic Black,Never,27.6,96,106,107,103
124298,Both interviewed and MEC examined,36,Male,Other Hispanic,Never,28.9,172,167,169,169.33333333333334
124303,Both interviewed and MEC examined,68,Female,Non-Hispanic Black,Former,33.6,123,130,129,127.33333333333333
124308,Both interviewed and MEC examined,33,Male,Other Race - Including Multi-Racial,Never,31.2,125,127,128,126.66666666666667
124312,Both interviewed and MEC examined,47,Male,Non-Hispanic White,Former,34.3,115,109,112,112
124315,Both interviewed and MEC examined,53,Male,Non-Hispanic Black,Never,18.1,108,114,111,111
124319,Both interviewed and MEC examined,39,Male,Non-Hispanic White,Former,47.9,127,129,126,127.33333333333333
124320,Both interviewed and MEC examined,36,Male,Mexican American,Never,25.5,114,117,118,116.33333333333333
124322,Both interviewed and MEC examined,46,Male,Non-Hispanic Black,Never,34,159,153,149,153.66666666666666
124323,Both interviewed and MEC examined,54,Female,Non-Hispanic White,Never,25,114,119,116,116.33333333333333
124324,Both interviewed and MEC examined,42,Male,Non-Hispanic White,Current,NA,105,100,111,105.33333333333333
124328,Both interviewed and MEC examined,42,Male,Non-Hispanic Black,Never,31.8,129,128,137,131.33333333333334
124330,Both interviewed and MEC examined,57,Female,Non-Hispanic Black,Former,34.7,NA,NA,NA,NA
124331,Both interviewed and MEC examined,62,Male,Mexican American,Former,34.9,125,124,117,122
124332,Both interviewed and MEC examined,70,Male,Non-Hispanic White,Never,27.9,113,112,109,111.33333333333333
124334,Both interviewed and MEC examined,48,Male,Other Hispanic,Never,27,130,138,133,133.66666666666666
124335,Both interviewed and MEC examined,64,Female,Non-Hispanic Asian,Never,19.3,96,98,99,97.66666666666667
124336,Both interviewed and MEC examined,32,Male,Mexican American,Former,36.5,137,135,142,138
124338,Both interviewed and MEC examined,32,Female,Non-Hispanic Asian,Never,27.9,116,117,121,118
124340,Both interviewed and MEC examined,74,Female,Non-Hispanic Black,Never,31.9,152,149,146,149
124342,Both interviewed and MEC examined,56,Female,Mexican American,Never,24.3,109,112,108,109.66666666666667
124344,Both interviewed and MEC examined,53,Female,Non-Hispanic Black,Never,57.3,103,102,96,100.33333333333333
124345,Both interviewed and MEC examined,26,Female,Non-Hispanic Asian,Current,36,132,128,130,130
124346,Both interviewed and MEC examined,60,Female,Non-Hispanic White,Current,22.4,154,143,136,144.33333333333334
124347,Both interviewed and MEC examined,26,Male,Non-Hispanic Black,Former,37,158,157,156,157
124348,Both interviewed and MEC examined,71,Female,Other Hispanic,Never,23.2,154,143,149,148.66666666666666
124349,Both interviewed and MEC examined,21,Female,Mexican American,Never,40.1,90,90,90,90
124352,Both interviewed and MEC examined,55,Female,Other Hispanic,Never,NA,173,168,172,171
124355,Both interviewed and MEC examined,29,Male,Non-Hispanic Asian,Never,27.8,124,124,123,123.66666666666667
124356,Both interviewed and MEC examined,58,Male,Other Race - Including Multi-Racial,Never,30.2,NA,NA,NA,NA
124360,Both interviewed and MEC examined,59,Female,Non-Hispanic White,Current,35.3,119,120,115,118
124362,Both interviewed and MEC examined,51,Female,Non-Hispanic Black,Never,29.8,133,144,136,137.66666666666666
124363,Both interviewed and MEC examined,36,Female,Mexican American,Current,25.7,125,120,125,123.33333333333333
124365,Both interviewed and MEC examined,36,Male,Non-Hispanic Black,Never,38.2,140,158,134,144
124370,Both interviewed and MEC examined,54,Male,Non-Hispanic White,Never,26.2,107,113,102,107.33333333333333
124373,Both interviewed and MEC examined,27,Female,Non-Hispanic Black,Never,38.4,119,114,117,116.66666666666667
124374,Both interviewed and MEC examined,60,Male,Mexican American,Never,27.2,124,118,125,122.33333333333333
124375,Both interviewed and MEC examined,49,Male,Non-Hispanic White,Former,32.1,111,121,125,119
124377,Both interviewed and MEC examined,49,Female,Non-Hispanic Asian,Never,37.3,105,114,106,108.33333333333333
124380,Both interviewed and MEC examined,23,Female,Non-Hispanic Asian,Never,26.9,101,99,100,100
124381,Both interviewed and MEC examined,46,Female,Mexican American,Never,31.8,112,120,120,117.33333333333333
124382,Both interviewed and MEC examined,34,Male,Non-Hispanic White,Current,20,130,134,132,132
124383,Both interviewed and MEC examined,33,Male,Non-Hispanic White,Never,36.4,131,129,129,129.66666666666666
124387,Both interviewed and MEC examined,33,Female,Non-Hispanic Black,Never,47.1,113,105,110,109.33333333333333
124388,Both interviewed and MEC examined,40,Female,Non-Hispanic Asian,Never,22.5,102,107,107,105.33333333333333
124390,Both interviewed and MEC examined,46,Male,Other Race - Including Multi-Racial,Current,24,156,153,155,154.66666666666666
124391,Both interviewed and MEC examined,69,Female,Non-Hispanic White,Current,24.5,112,114,115,113.66666666666667
124394,Both interviewed and MEC examined,50,Female,Non-Hispanic Black,Never,31.4,104,107,102,104.33333333333333
124396,Both interviewed and MEC examined,68,Male,Non-Hispanic Black,Never,24.9,112,116,118,115.33333333333333
124397,Both interviewed and MEC examined,44,Male,Non-Hispanic Asian,Never,23.9,124,133,131,129.33333333333334
124398,Both interviewed and MEC examined,33,Male,Non-Hispanic Black,Never,27,142,141,143,142
124400,Both interviewed and MEC examined,46,Female,Non-Hispanic White,Never,65.8,121,101,121,114.33333333333333
124401,Both interviewed and MEC examined,54,Female,Non-Hispanic White,Current,21.9,110,112,120,114
124403,Both interviewed and MEC examined,66,Female,Non-Hispanic Black,Never,40.5,127,141,133,133.66666666666666
124404,Both interviewed and MEC examined,34,Female,Mexican American,Never,24.5,98,92,97,95.66666666666667
124405,Both interviewed and MEC examined,62,Male,Non-Hispanic White,Never,45.2,128,124,121,124.33333333333333
124406,Both interviewed and MEC examined,36,Female,Non-Hispanic Black,Never,25.2,118,114,114,115.33333333333333
124408,Both interviewed and MEC examined,42,Female,Non-Hispanic Black,Former,44.5,113,116,108,112.33333333333333
124411,Both interviewed and MEC examined,59,Female,Non-Hispanic Black,Never,32.1,102,106,105,104.33333333333333
124412,Both interviewed and MEC examined,52,Male,Non-Hispanic Black,Former,41.5,78,118,119,105
124413,Both interviewed and MEC examined,36,Male,Non-Hispanic Black,Never,28.7,115,108,118,113.66666666666667
124414,Both interviewed and MEC examined,60,Male,Non-Hispanic Black,Former,33.2,NA,NA,NA,NA
124415,Both interviewed and MEC examined,62,Male,Non-Hispanic White,Former,32.2,129,123,125,125.66666666666667
124417,Both interviewed and MEC examined,25,Female,Non-Hispanic White,Never,26.2,110,109,121,113.33333333333333
124419,Both interviewed and MEC examined,55,Male,Other Hispanic,Never,54.6,116,105,105,108.66666666666667
124421,Both interviewed and MEC examined,47,Female,Non-Hispanic White,Current,27.6,130,131,126,129
124422,Both interviewed and MEC examined,52,Female,Mexican American,Never,29.4,143,142,140,141.66666666666666
124423,Both interviewed and MEC examined,52,Male,Non-Hispanic Asian,Former,28.9,108,106,107,107
124428,Both interviewed and MEC examined,26,Male,Non-Hispanic Black,Current,28.7,108,108,103,106.33333333333333
124429,Both interviewed and MEC examined,62,Female,Non-Hispanic Asian,Never,22.7,136,137,148,140.33333333333334
124433,Both interviewed and MEC examined,41,Male,Non-Hispanic Black,Current,32.5,136,133,135,134.66666666666666
124434,Both interviewed and MEC examined,23,Male,Other Hispanic,Current,20.8,111,109,111,110.33333333333333
124437,Both interviewed and MEC examined,60,Female,Non-Hispanic Black,Never,33.8,172,163,160,165
124443,Both interviewed and MEC examined,28,Male,Non-Hispanic White,Current,37.9,134,128,132,131.33333333333334
124450,Both interviewed and MEC examined,34,Female,Non-Hispanic White,Never,23.6,106,106,100,104
124452,Both interviewed and MEC examined,41,Male,Non-Hispanic White,Current,29.1,NA,NA,NA,NA
124453,Both interviewed and MEC examined,57,Female,Mexican American,Current,25.3,99,102,96,99
124457,Both interviewed and MEC examined,76,Male,Mexican American,Former,34.5,164,174,159,165.66666666666666
124458,Both interviewed and MEC examined,35,Male,Other Race - Including Multi-Racial,Current,25.1,109,109,110,109.33333333333333
124460,Both interviewed and MEC examined,25,Female,Mexican American,Never,22.8,99,96,96,97
124462,Both interviewed and MEC examined,41,Female,Non-Hispanic Black,Current,27.9,142,135,137,138
124464,Both interviewed and MEC examined,51,Male,Other Hispanic,Former,32.9,138,142,142,140.66666666666666
124466,Both interviewed and MEC examined,30,Male,Other Hispanic,Never,24.1,123,122,124,123
124467,Both interviewed and MEC examined,50,Female,Mexican American,Never,35.1,129,128,126,127.66666666666667
124468,Both interviewed and MEC examined,23,Female,Mexican American,Former,30.3,103,108,101,104
124471,Both interviewed and MEC examined,60,Female,Non-Hispanic Black,Former,36,107,103,105,105
124472,Both interviewed and MEC examined,58,Female,Non-Hispanic Black,Current,21,132,123,130,128.33333333333334
124473,Both interviewed and MEC examined,44,Female,Non-Hispanic Black,Never,47.3,124,124,122,123.33333333333333
124477,Both interviewed and MEC examined,59,Male,Mexican American,Current,18.5,121,124,127,124
124482,Both interviewed and MEC examined,61,Male,Non-Hispanic White,Never,31.7,121,118,122,120.33333333333333
124484,Both interviewed and MEC examined,56,Female,Non-Hispanic Asian,Never,27.8,133,140,141,138
124486,Both interviewed and MEC examined,36,Female,Non-Hispanic White,Never,33.8,113,117,111,113.66666666666667
124488,Both interviewed and MEC examined,58,Male,Non-Hispanic Black,Never,25.6,144,144,134,140.66666666666666
124490,Both interviewed and MEC examined,35,Male,Non-Hispanic White,Never,41.8,121,120,118,119.66666666666667
124492,Both interviewed and MEC examined,67,Male,Non-Hispanic White,Never,28.1,137,134,134,135
124498,Both interviewed and MEC examined,27,Female,Non-Hispanic Black,Never,32.7,101,104,102,102.33333333333333
124500,Both interviewed and MEC examined,31,Male,Mexican American,Never,30,125,122,124,123.66666666666667
124501,Both interviewed and MEC examined,63,Male,Other Hispanic,Former,31.1,131,134,131,132
124502,Both interviewed and MEC examined,47,Female,Mexican American,Former,51.7,147,153,146,148.66666666666666
124503,Both interviewed and MEC examined,68,Female,Mexican American,Never,38.6,150,146,146,147.33333333333334
124504,Both interviewed and MEC examined,66,Female,Non-Hispanic White,Former,30.3,96,100,94,96.66666666666667
124505,Both interviewed and MEC examined,47,Female,Other Race - Including Multi-Racial,Never,NA,NA,NA,NA,NA
124507,Both interviewed and MEC examined,45,Female,Non-Hispanic Black,Never,36.5,119,113,111,114.33333333333333
124508,Both interviewed and MEC examined,59,Male,Non-Hispanic Black,Former,29,NA,NA,NA,NA
124509,Both interviewed and MEC examined,53,Female,Non-Hispanic White,Never,36.3,119,121,116,118.66666666666667
124514,Both interviewed and MEC examined,36,Female,Non-Hispanic Black,Never,29.8,132,122,124,126
124516,Both interviewed and MEC examined,56,Female,Mexican American,Never,31.8,119,119,117,118.33333333333333
124517,Both interviewed and MEC examined,39,Female,Other Hispanic,Never,31.7,107,103,104,104.66666666666667
124519,Both interviewed and MEC examined,72,Female,Non-Hispanic Asian,Never,25.2,151,148,148,149
124520,Both interviewed and MEC examined,77,Male,Non-Hispanic White,Never,28.2,149,143,140,144
124524,Both interviewed and MEC examined,31,Female,Non-Hispanic Black,Current,15.7,96,92,97,95
124525,Both interviewed and MEC examined,61,Female,Other Hispanic,Never,26.4,NA,NA,NA,NA
124526,Both interviewed and MEC examined,56,Female,Non-Hispanic Black,Never,26.8,94,100,97,97
124529,Both interviewed and MEC examined,30,Male,Non-Hispanic Black,Never,29.7,121,123,123,122.33333333333333
124531,Both interviewed and MEC examined,57,Male,Non-Hispanic Black,Current,33.7,114,116,111,113.66666666666667
124533,Both interviewed and MEC examined,25,Female,Non-Hispanic White,Never,16.1,97,101,98,98.66666666666667
124535,Both interviewed and MEC examined,47,Female,Non-Hispanic White,Never,31.1,110,113,109,110.66666666666667
124536,Both interviewed and MEC examined,62,Female,Non-Hispanic White,Never,NA,NA,NA,NA,NA
124539,Both interviewed and MEC examined,69,Male,Non-Hispanic White,Former,24.1,134,129,126,129.66666666666666
124542,Both interviewed and MEC examined,74,Female,Non-Hispanic Black,Current,24.9,115,128,137,126.66666666666667
124544,Both interviewed and MEC examined,79,Female,Non-Hispanic White,Former,29.3,142,140,140,140.66666666666666
124547,Both interviewed and MEC examined,75,Male,Mexican American,Former,30.7,109,107,113,109.66666666666667
124549,Both interviewed and MEC examined,24,Male,Non-Hispanic Black,Never,51.3,106,115,110,110.33333333333333
124553,Both interviewed and MEC examined,76,Male,Non-Hispanic Asian,Never,28,135,138,123,132
124554,Both interviewed and MEC examined,22,Male,Non-Hispanic White,Former,20.5,NA,NA,NA,NA
124556,Both interviewed and MEC examined,54,Male,Non-Hispanic Black,Never,27.7,112,125,113,116.66666666666667
124557,Both interviewed and MEC examined,60,Male,Non-Hispanic Black,Never,19.2,134,134,136,134.66666666666666
124558,Both interviewed and MEC examined,21,Female,Non-Hispanic Black,Never,39.1,107,111,105,107.66666666666667
124559,Both interviewed and MEC examined,74,Male,Non-Hispanic White,Former,29.6,98,97,93,96
124561,Both interviewed and MEC examined,29,Female,Non-Hispanic White,Former,31.7,124,112,103,113
124563,Both interviewed and MEC examined,55,Male,Non-Hispanic Black,Never,40.9,137,137,143,139
124565,Both interviewed and MEC examined,22,Male,Non-Hispanic White,Never,21.1,115,113,108,112
124567,Both interviewed and MEC examined,42,Male,Non-Hispanic Asian,Current,19.8,NA,NA,NA,NA
124568,Both interviewed and MEC examined,58,Female,Non-Hispanic Black,Never,46.1,122,138,140,133.33333333333334
124569,Both interviewed and MEC examined,24,Female,Other Hispanic,Current,23.5,92,92,92,92
124572,Both interviewed and MEC examined,27,Male,Non-Hispanic Asian,Never,35.8,121,122,119,120.66666666666667
124574,Both interviewed and MEC examined,37,Female,Mexican American,Never,32.6,114,111,110,111.66666666666667
124577,Both interviewed and MEC examined,46,Female,Non-Hispanic White,Never,20.4,126,122,125,124.33333333333333
124578,Both interviewed and MEC examined,66,Male,Non-Hispanic White,Never,31,168,164,157,163
124579,Both interviewed and MEC examined,21,Female,Non-Hispanic White,Former,19.8,101,97,101,99.66666666666667
124581,Both interviewed and MEC examined,38,Male,Other Race - Including Multi-Racial,Current,29.1,124,120,124,122.66666666666667
124582,Both interviewed and MEC examined,26,Male,Other Race - Including Multi-Racial,Never,23.5,112,118,118,116
124587,Both interviewed and MEC examined,30,Female,Non-Hispanic White,Current,23.1,98,96,94,96
124588,Both interviewed and MEC examined,65,Female,Mexican American,Former,48.2,NA,NA,NA,NA
124589,Both interviewed and MEC examined,52,Female,Other Hispanic,Never,28.4,127,119,124,123.33333333333333
124590,Both interviewed and MEC examined,46,Female,Non-Hispanic White,Never,29.4,125,111,121,119
124592,Both interviewed and MEC examined,68,Male,Non-Hispanic Black,Never,27.4,171,169,164,168
124593,Both interviewed and MEC examined,62,Male,Non-Hispanic Black,Current,24.1,173,168,162,167.66666666666666
124596,Both interviewed and MEC examined,52,Male,Non-Hispanic Black,Never,35.1,129,124,124,125.66666666666667
124597,Both interviewed and MEC examined,37,Female,Non-Hispanic Asian,Never,21.8,85,83,86,84.66666666666667
124598,Both interviewed and MEC examined,65,Female,Other Hispanic,Former,44.6,132,142,143,139
124601,Both interviewed and MEC examined,55,Female,Non-Hispanic Black,Never,30.7,NA,NA,NA,NA
124603,Both interviewed and MEC examined,22,Female,Non-Hispanic Black,Never,31.2,107,107,105,106.33333333333333
124604,Both interviewed and MEC examined,59,Female,Non-Hispanic White,Former,25.6,119,114,111,114.66666666666667
124605,Both interviewed and MEC examined,74,Female,Non-Hispanic White,Former,27.7,143,143,144,143.33333333333334
124608,Both interviewed and MEC examined,44,Male,Other Hispanic,Current,31.7,140,143,134,139
124609,Both interviewed and MEC examined,73,Female,Other Hispanic,Never,34.2,159,162,166,162.33333333333334
124612,Both interviewed and MEC examined,47,Male,Mexican American,Former,29.8,115,116,117,116
124614,Both interviewed and MEC examined,53,Female,Non-Hispanic Black,Never,33,122,114,118,118
124615,Both interviewed and MEC examined,35,Male,Non-Hispanic Black,Former,28,138,141,140,139.66666666666666
124616,Both interviewed and MEC examined,28,Male,Non-Hispanic Asian,Never,35.4,115,114,118,115.66666666666667
124618,Both interviewed and MEC examined,69,Male,Non-Hispanic Black,Current,19.9,125,126,121,124
124619,Both interviewed and MEC examined,32,Male,Other Hispanic,Current,25.1,113,114,111,112.66666666666667
124620,Both interviewed and MEC examined,62,Male,Non-Hispanic Black,Current,21,161,155,153,156.33333333333334
124621,Both interviewed and MEC examined,46,Female,Non-Hispanic Asian,Never,23.7,118,108,105,110.33333333333333
124624,Both interviewed and MEC examined,59,Female,Non-Hispanic White,Current,20.8,139,149,133,140.33333333333334
124631,Both interviewed and MEC examined,28,Female,Non-Hispanic White,Current,33.6,101,101,105,102.33333333333333
124632,Both interviewed and MEC examined,26,Male,Non-Hispanic White,Never,26.4,119,116,118,117.66666666666667
124637,Both interviewed and MEC examined,27,Male,Mexican American,Current,27.2,130,125,120,125
124638,Both interviewed and MEC examined,49,Male,Non-Hispanic White,Never,27.4,121,103,107,110.33333333333333
124642,Both interviewed and MEC examined,55,Male,Non-Hispanic Black,Current,27.4,108,106,107,107
124643,Both interviewed and MEC examined,54,Female,Mexican American,Former,24.1,119,137,134,130
124647,Both interviewed and MEC examined,48,Male,Non-Hispanic Black,Current,26.3,NA,NA,NA,NA
124653,Both interviewed and MEC examined,51,Female,Other Hispanic,Current,41.7,142,155,143,146.66666666666666
124655,Both interviewed and MEC examined,21,Male,Other Race - Including Multi-Racial,Never,26,118,131,109,119.33333333333333
124656,Both interviewed and MEC examined,71,Female,Other Hispanic,Never,24.8,134,135,137,135.33333333333334
124657,Both interviewed and MEC examined,57,Female,Non-Hispanic White,Former,24.3,125,128,121,124.66666666666667
124660,Both interviewed and MEC examined,52,Female,Non-Hispanic Black,Never,41,139,138,136,137.66666666666666
124661,Both interviewed and MEC examined,64,Female,Non-Hispanic Black,Former,31.3,160,156,156,157.33333333333334
124662,Both interviewed and MEC examined,63,Female,Mexican American,Never,34.6,175,172,177,174.66666666666666
124663,Both interviewed and MEC examined,23,Female,Non-Hispanic Asian,Never,22.9,114,115,115,114.66666666666667
124665,Both interviewed and MEC examined,65,Male,Non-Hispanic Black,Never,33.7,146,144,141,143.66666666666666
124667,Both interviewed and MEC examined,41,Female,Non-Hispanic Asian,Never,20.6,80,77,84,80.33333333333333
124668,Both interviewed and MEC examined,76,Female,Other Hispanic,Never,23.6,136,138,122,132
124671,Both interviewed and MEC examined,67,Female,Non-Hispanic White,Former,40.6,120,127,125,124
124676,Both interviewed and MEC examined,45,Female,Mexican American,Never,25.7,119,114,117,116.66666666666667
124683,Both interviewed and MEC examined,62,Male,Non-Hispanic Black,Never,21,135,133,137,135
124684,Both interviewed and MEC examined,51,Female,Non-Hispanic White,Never,28,126,131,141,132.66666666666666
124685,Both interviewed and MEC examined,50,Female,Other Race - Including Multi-Racial,Never,35.1,117,118,117,117.33333333333333
124686,Both interviewed and MEC examined,29,Male,Non-Hispanic Black,Never,30.2,99,101,101,100.33333333333333
124688,Both interviewed and MEC examined,37,Male,Mexican American,Never,29.3,106,105,107,106
124689,Both interviewed and MEC examined,63,Male,Non-Hispanic White,Former,26.2,131,126,133,130
124690,Both interviewed and MEC examined,28,Female,Non-Hispanic White,Current,33.4,112,108,118,112.66666666666667
124691,Both interviewed and MEC examined,25,Female,Non-Hispanic White,Current,38.5,100,112,102,104.66666666666667
124698,Both interviewed and MEC examined,51,Female,Non-Hispanic White,Never,28.6,129,129,132,130
124701,Both interviewed and MEC examined,33,Male,Mexican American,Never,24.9,110,117,112,113
124702,Both interviewed and MEC examined,31,Female,Non-Hispanic Black,Never,30.2,98,102,103,101
124704,Both interviewed and MEC examined,65,Female,Other Hispanic,Never,43.6,121,121,121,121
124710,Both interviewed and MEC examined,22,Female,Non-Hispanic White,Never,21.7,111,115,105,110.33333333333333
124712,Both interviewed and MEC examined,31,Female,Non-Hispanic Asian,Never,20.6,NA,NA,NA,NA
124715,Both interviewed and MEC examined,23,Female,Non-Hispanic White,Former,33.1,129,134,129,130.66666666666666
124716,Both interviewed and MEC examined,52,Male,Non-Hispanic White,Current,34.4,106,109,110,108.33333333333333
124717,Both interviewed and MEC examined,51,Female,Other Hispanic,Never,34.6,132,132,135,133
124718,Both interviewed and MEC examined,59,Female,Non-Hispanic Asian,Never,28,205,200,198,201
124720,Both interviewed and MEC examined,45,Male,Non-Hispanic White,Never,31.9,140,135,129,134.66666666666666
124722,Both interviewed and MEC examined,46,Male,Non-Hispanic White,Never,36.5,123,114,123,120
124723,Both interviewed and MEC examined,27,Male,Other Hispanic,Never,22.4,118,112,119,116.33333333333333
124724,Both interviewed and MEC examined,65,Male,Non-Hispanic Asian,Never,30.4,107,105,106,106
124726,Both interviewed and MEC examined,63,Male,Other Hispanic,Never,48.4,125,135,127,129
124728,Both interviewed and MEC examined,63,Male,Mexican American,Never,27.9,131,129,130,130
124730,Both interviewed and MEC examined,74,Male,Non-Hispanic White,Former,31.1,156,151,149,152
124731,Both interviewed and MEC examined,33,Female,Non-Hispanic Asian,Never,20.6,84,86,85,85
124732,Both interviewed and MEC examined,39,Male,Non-Hispanic Black,Current,31.5,131,128,125,128
124734,Both interviewed and MEC examined,65,Female,Other Race - Including Multi-Racial,Never,30.7,126,124,122,124
124735,Both interviewed and MEC examined,63,Male,Non-Hispanic White,Never,25.3,102,107,111,106.66666666666667
124737,Both interviewed and MEC examined,66,Male,Non-Hispanic Black,Current,21.1,117,118,116,117
124739,Both interviewed and MEC examined,43,Female,Mexican American,Never,29.6,NA,NA,NA,NA
124741,Both interviewed and MEC examined,58,Male,Other Race - Including Multi-Racial,Never,48.1,135,133,131,133
124742,Both interviewed and MEC examined,56,Male,Non-Hispanic White,Former,24.9,123,130,130,127.66666666666667
124743,Both interviewed and MEC examined,54,Male,Non-Hispanic White,Never,33.9,148,142,146,145.33333333333334
124745,Both interviewed and MEC examined,24,Male,Other Race - Including Multi-Racial,Former,34.3,133,132,129,131.33333333333334
124746,Both interviewed and MEC examined,30,Female,Non-Hispanic White,Never,32.2,NA,NA,NA,NA
124750,Both interviewed and MEC examined,75,Female,Non-Hispanic White,Never,27.6,120,125,126,123.66666666666667
124752,Both interviewed and MEC examined,35,Female,Other Race - Including Multi-Racial,Never,35.2,131,129,136,132
124753,Both interviewed and MEC examined,21,Male,Other Hispanic,Current,27.4,NA,NA,NA,NA
124755,Both interviewed and MEC examined,78,Female,Non-Hispanic Black,Never,23.9,131,134,131,132
124757,Both interviewed and MEC examined,43,Male,Non-Hispanic Asian,Former,22.2,127,121,122,123.33333333333333
124759,Both interviewed and MEC examined,33,Female,Mexican American,Never,31.7,NA,NA,NA,NA
124761,Both interviewed and MEC examined,50,Female,Non-Hispanic Asian,Never,23,124,123,128,125
124762,Both interviewed and MEC examined,47,Male,Non-Hispanic White,Never,23.8,100,104,101,101.66666666666667
124769,Both interviewed and MEC examined,28,Female,Non-Hispanic Asian,Never,24.5,84,88,87,86.33333333333333
124770,Both interviewed and MEC examined,51,Male,Non-Hispanic White,Never,45.1,121,124,128,124.33333333333333
124771,Both interviewed and MEC examined,25,Female,Non-Hispanic White,Never,22.3,110,107,108,108.33333333333333
124772,Both interviewed and MEC examined,56,Female,Non-Hispanic Black,Never,36,111,109,114,111.33333333333333
124775,Both interviewed and MEC examined,54,Female,Other Hispanic,Never,25,115,101,107,107.66666666666667
124777,Both interviewed and MEC examined,48,Male,Non-Hispanic Asian,Never,29,128,125,131,128
124778,Both interviewed and MEC examined,54,Female,Non-Hispanic Asian,Never,27.8,NA,NA,NA,NA
124779,Both interviewed and MEC examined,37,Female,Non-Hispanic Asian,Never,28.4,112,118,113,114.33333333333333
124780,Both interviewed and MEC examined,36,Female,Non-Hispanic White,Current,28.4,102,102,99,101
124783,Both interviewed and MEC examined,28,Female,Non-Hispanic Black,Never,45.8,143,149,145,145.66666666666666
124785,Both interviewed and MEC examined,67,Female,Mexican American,Former,31.1,122,116,121,119.66666666666667
124788,Both interviewed and MEC examined,60,Male,Non-Hispanic Black,Former,33.6,102,110,101,104.33333333333333
124789,Both interviewed and MEC examined,28,Male,Non-Hispanic Black,Current,22.1,NA,NA,NA,NA
124791,Both interviewed and MEC examined,39,Male,Non-Hispanic Black,Current,19.8,132,128,136,132
124792,Both interviewed and MEC examined,32,Male,Other Hispanic,Never,21.8,105,106,113,108
124793,Both interviewed and MEC examined,35,Male,Mexican American,Current,28.7,119,118,118,118.33333333333333
124794,Both interviewed and MEC examined,66,Male,Non-Hispanic Black,Former,42.8,123,128,125,125.33333333333333
124796,Both interviewed and MEC examined,61,Female,Non-Hispanic Black,Never,35.6,131,135,129,131.66666666666666
124798,Both interviewed and MEC examined,55,Male,Other Hispanic,Current,26,133,119,118,123.33333333333333
124802,Both interviewed and MEC examined,46,Female,Non-Hispanic Asian,Never,22,145,142,141,142.66666666666666
124803,Both interviewed and MEC examined,46,Female,Mexican American,Never,NA,122,119,117,119.33333333333333
124805,Both interviewed and MEC examined,66,Female,Non-Hispanic Black,Never,30,NA,NA,NA,NA
124807,Both interviewed and MEC examined,44,Male,Non-Hispanic Asian,Former,25.9,126,128,129,127.66666666666667
124809,Both interviewed and MEC examined,23,Female,Mexican American,Never,27.1,94,97,93,94.66666666666667
124810,Both interviewed and MEC examined,56,Female,Non-Hispanic Black,Never,41.7,130,135,127,130.66666666666666
124811,Both interviewed and MEC examined,76,Male,Non-Hispanic White,Never,20.9,126,105,115,115.33333333333333
124812,Both interviewed and MEC examined,62,Female,Other Hispanic,Former,28.7,165,168,165,166
124813,Both interviewed and MEC examined,43,Female,Non-Hispanic Black,Never,27.7,126,128,124,126
124814,Both interviewed and MEC examined,64,Male,Non-Hispanic Black,Former,37.5,141,136,139,138.66666666666666
124815,Both interviewed and MEC examined,52,Male,Non-Hispanic Black,Former,29.5,141,138,141,140
124817,Both interviewed and MEC examined,67,Female,Mexican American,Never,37.9,111,112,113,112
124818,Both interviewed and MEC examined,40,Male,Non-Hispanic Black,Never,38.2,106,108,95,103
124821,Both interviewed and MEC examined,63,Male,Non-Hispanic Black,Never,25.5,121,122,129,124
124822,Both interviewed and MEC examined,74,Male,Other Hispanic,Never,21.3,122,121,123,122
